_id,name,coordinates[0].lat,coordinates[1].lat,coordinates[2].lat,coordinates[3].lat,coordinates[4].lat,coordinates[5].lat,coordinates[6].lat,coordinates[7].lat,coordinates[8].lat,coordinates[9].lat,coordinates[10].lat,coordinates[11].lat,coordinates[12].lat,coordinates[13].lat,coordinates[14].lat,coordinates[15].lat,coordinates[16].lat,coordinates[17].lat,coordinates[0].lng,coordinates[1].lng,coordinates[2].lng,coordinates[3].lng,coordinates[4].lng,coordinates[5].lng,coordinates[6].lng,coordinates[7].lng,coordinates[8].lng,coordinates[9].lng,coordinates[10].lng,coordinates[11].lng,coordinates[12].lng,coordinates[13].lng,coordinates[14].lng,coordinates[15].lng,coordinates[16].lng,coordinates[17].lng,coordinates[0]._id,coordinates[1]._id,coordinates[2]._id,coordinates[3]._id,coordinates[4]._id,coordinates[5]._id,coordinates[6]._id,coordinates[7]._id,coordinates[8]._id,coordinates[9]._id,coordinates[10]._id,coordinates[11]._id,coordinates[12]._id,coordinates[13]._id,coordinates[14]._id,coordinates[15]._id,coordinates[16]._id,coordinates[17]._id,type,coordinatesrestriction[0].lat,coordinatesrestriction[1].lat,coordinatesrestriction[2].lat,coordinatesrestriction[3].lat,coordinatesrestriction[4].lat,coordinatesrestriction[5].lat,coordinatesrestriction[6].lat,coordinatesrestriction[7].lat,coordinatesrestriction[8].lat,coordinatesrestriction[9].lat,coordinatesrestriction[10].lat,coordinatesrestriction[11].lat,coordinatesrestriction[12].lat,coordinatesrestriction[13].lat,coordinatesrestriction[14].lat,coordinatesrestriction[15].lat,coordinatesrestriction[16].lat,coordinatesrestriction[17].lat,coordinatesrestriction[18].lat,coordinatesrestriction[19].lat,coordinatesrestriction[20].lat,coordinatesrestriction[21].lat,coordinatesrestriction[22].lat,coordinatesrestriction[23].lat,coordinatesrestriction[24].lat,coordinatesrestriction[25].lat,coordinatesrestriction[26].lat,coordinatesrestriction[27].lat,coordinatesrestriction[28].lat,coordinatesrestriction[29].lat,coordinatesrestriction[30].lat,coordinatesrestriction[31].lat,coordinatesrestriction[32].lat,coordinatesrestriction[33].lat,coordinatesrestriction[34].lat,coordinatesrestriction[35].lat,coordinatesrestriction[36].lat,coordinatesrestriction[37].lat,coordinatesrestriction[38].lat,coordinatesrestriction[39].lat,coordinatesrestriction[40].lat,coordinatesrestriction[41].lat,coordinatesrestriction[42].lat,coordinatesrestriction[43].lat,coordinatesrestriction[44].lat,coordinatesrestriction[45].lat,coordinatesrestriction[46].lat,coordinatesrestriction[47].lat,coordinatesrestriction[48].lat,coordinatesrestriction[49].lat,coordinatesrestriction[50].lat,coordinatesrestriction[51].lat,coordinatesrestriction[52].lat,coordinatesrestriction[53].lat,coordinatesrestriction[54].lat,coordinatesrestriction[55].lat,coordinatesrestriction[56].lat,coordinatesrestriction[57].lat,coordinatesrestriction[58].lat,coordinatesrestriction[59].lat,coordinatesrestriction[60].lat,coordinatesrestriction[0].lng,coordinatesrestriction[1].lng,coordinatesrestriction[2].lng,coordinatesrestriction[3].lng,coordinatesrestriction[4].lng,coordinatesrestriction[5].lng,coordinatesrestriction[6].lng,coordinatesrestriction[7].lng,coordinatesrestriction[8].lng,coordinatesrestriction[9].lng,coordinatesrestriction[10].lng,coordinatesrestriction[11].lng,coordinatesrestriction[12].lng,coordinatesrestriction[13].lng,coordinatesrestriction[14].lng,coordinatesrestriction[15].lng,coordinatesrestriction[16].lng,coordinatesrestriction[17].lng,coordinatesrestriction[18].lng,coordinatesrestriction[19].lng,coordinatesrestriction[20].lng,coordinatesrestriction[21].lng,coordinatesrestriction[22].lng,coordinatesrestriction[23].lng,coordinatesrestriction[24].lng,coordinatesrestriction[25].lng,coordinatesrestriction[26].lng,coordinatesrestriction[27].lng,coordinatesrestriction[28].lng,coordinatesrestriction[29].lng,coordinatesrestriction[30].lng,coordinatesrestriction[31].lng,coordinatesrestriction[32].lng,coordinatesrestriction[33].lng,coordinatesrestriction[34].lng,coordinatesrestriction[35].lng,coordinatesrestriction[36].lng,coordinatesrestriction[37].lng,coordinatesrestriction[38].lng,coordinatesrestriction[39].lng,coordinatesrestriction[40].lng,coordinatesrestriction[41].lng,coordinatesrestriction[42].lng,coordinatesrestriction[43].lng,coordinatesrestriction[44].lng,coordinatesrestriction[45].lng,coordinatesrestriction[46].lng,coordinatesrestriction[47].lng,coordinatesrestriction[48].lng,coordinatesrestriction[49].lng,coordinatesrestriction[50].lng,coordinatesrestriction[51].lng,coordinatesrestriction[52].lng,coordinatesrestriction[53].lng,coordinatesrestriction[54].lng,coordinatesrestriction[55].lng,coordinatesrestriction[56].lng,coordinatesrestriction[57].lng,coordinatesrestriction[58].lng,coordinatesrestriction[59].lng,coordinatesrestriction[60].lng,coordinatesrestriction[0]._id,coordinatesrestriction[1]._id,coordinatesrestriction[2]._id,coordinatesrestriction[3]._id,coordinatesrestriction[4]._id,coordinatesrestriction[5]._id,coordinatesrestriction[6]._id,coordinatesrestriction[7]._id,coordinatesrestriction[8]._id,coordinatesrestriction[9]._id,coordinatesrestriction[10]._id,coordinatesrestriction[11]._id,coordinatesrestriction[12]._id,coordinatesrestriction[13]._id,coordinatesrestriction[14]._id,coordinatesrestriction[15]._id,coordinatesrestriction[16]._id,coordinatesrestriction[17]._id,coordinatesrestriction[18]._id,coordinatesrestriction[19]._id,coordinatesrestriction[20]._id,coordinatesrestriction[21]._id,coordinatesrestriction[22]._id,coordinatesrestriction[23]._id,coordinatesrestriction[24]._id,coordinatesrestriction[25]._id,coordinatesrestriction[26]._id,coordinatesrestriction[27]._id,coordinatesrestriction[28]._id,coordinatesrestriction[29]._id,coordinatesrestriction[30]._id,coordinatesrestriction[31]._id,coordinatesrestriction[32]._id,coordinatesrestriction[33]._id,coordinatesrestriction[34]._id,coordinatesrestriction[35]._id,coordinatesrestriction[36]._id,coordinatesrestriction[37]._id,coordinatesrestriction[38]._id,coordinatesrestriction[39]._id,coordinatesrestriction[40]._id,coordinatesrestriction[41]._id,coordinatesrestriction[42]._id,coordinatesrestriction[43]._id,coordinatesrestriction[44]._id,coordinatesrestriction[45]._id,coordinatesrestriction[46]._id,coordinatesrestriction[47]._id,coordinatesrestriction[48]._id,coordinatesrestriction[49]._id,coordinatesrestriction[50]._id,coordinatesrestriction[51]._id,coordinatesrestriction[52]._id,coordinatesrestriction[53]._id,coordinatesrestriction[54]._id,coordinatesrestriction[55]._id,coordinatesrestriction[56]._id,coordinatesrestriction[57]._id,coordinatesrestriction[58]._id,coordinatesrestriction[59]._id,coordinatesrestriction[60]._id,__v
667e4793c132fbd2449c704c,Normal Superior de Envigado,6.167432410147907,6.167237005359103,6.166860522457296,6.166963827698508,6.166839253901386,6.166893944779601,6.166869617107388,6.167218894777104,6.167637391509096,6.167932855744551,6.167432410147907,,,,,,,,-75.58203256221182,-75.58206024883282,-75.58150363865921,-75.58145168526097,-75.58120108756032,-75.58115830262216,-75.5810971684992,-75.58098026143273,-75.5810279752862,-75.58118934587503,-75.58203256221182,,,,,,,,667e4793c132fbd2449c704d,667e4793c132fbd2449c704e,667e4793c132fbd2449c704f,667e4793c132fbd2449c7050,667e4793c132fbd2449c7051,667e4793c132fbd2449c7052,667e4793c132fbd2449c7053,667e4793c132fbd2449c7054,667e4793c132fbd2449c7055,667e4793c132fbd2449c7056,667e4793c132fbd2449c7057,,,,,,,,667a4a900cc99ae2fa6ed6c1,6.168204607070467,6.168110471167533,6.167994779669893,6.167861210426079,6.167714009617639,6.167557856771455,6.1673624519364365,6.1671960005639495,6.167030957036926,6.1668729877999535,6.1667275164109006,6.1665995373347755,6.166493444470157,6.166116962096275,6.166035022895329,6.165982605964113,6.165961585878526,6.165968684215608,6.165942215143855,6.165946945002003,6.16598591374395,6.165992898870032,6.165994107740765,6.166053827329362,6.166147308014139,6.166270681149977,6.1664188410065375,6.16658565606384,6.166934933546483,6.167125364896857,6.1673201856293565,6.167738682441258,6.167907588799167,6.168066535232421,6.168361999707007,6.168511450576099,6.168637502495496,6.168735057783767,6.168800171192835,6.16883020946034,6.168823957803315,6.1687816690461625,6.168705053395977,6.168204607070467,,,,,,,,,,,,,,,,,,-75.58249621138354,-75.58262677276294,-75.58273844410158,-75.58282767536572,-75.58289162990111,-75.582928274609,-75.58295596090646,-75.58296386347966,-75.58294074220855,-75.58288739094469,-75.582805641423,-75.58269830036934,-75.58256905313524,-75.58201244338093,-75.58186254519613,-75.58169981150903,-75.5815300621338,-75.58142118444937,-75.58126548031248,-75.58108835522525,-75.58091555578855,-75.58089979148485,-75.58089039863869,-75.58071646322678,-75.58055828308251,-75.58042240441137,-75.58031445049579,-75.58023888897833,-75.58012198140914,-75.58008061131133,-75.58008146168554,-75.58012917483872,-75.58016521053793,-75.5802330493029,-75.58039441957933,-75.58049685654365,-75.58062729854576,-75.58078047038221,-75.5809501776184,-75.58112955710017,-75.58131135451072,-75.5814882177479,-75.5816529942563,-75.58249621138354,,,,,,,,,,,,,,,,,,667ecf2d5002e5c1cb2c48ee,667ecf2d5002e5c1cb2c48ef,667ecf2d5002e5c1cb2c48f0,667ecf2d5002e5c1cb2c48f1,667ecf2d5002e5c1cb2c48f2,667ecf2d5002e5c1cb2c48f3,667ecf2d5002e5c1cb2c48f4,667ecf2d5002e5c1cb2c48f5,667ecf2d5002e5c1cb2c48f6,667ecf2d5002e5c1cb2c48f7,667ecf2d5002e5c1cb2c48f8,667ecf2d5002e5c1cb2c48f9,667ecf2d5002e5c1cb2c48fa,667ecf2d5002e5c1cb2c48fb,667ecf2d5002e5c1cb2c48fc,667ecf2d5002e5c1cb2c48fd,667ecf2d5002e5c1cb2c48fe,667ecf2d5002e5c1cb2c48ff,667ecf2d5002e5c1cb2c4900,667ecf2d5002e5c1cb2c4901,667ecf2d5002e5c1cb2c4902,667ecf2d5002e5c1cb2c4903,667ecf2d5002e5c1cb2c4904,667ecf2d5002e5c1cb2c4905,667ecf2d5002e5c1cb2c4906,667ecf2d5002e5c1cb2c4907,667ecf2d5002e5c1cb2c4908,667ecf2d5002e5c1cb2c4909,667ecf2d5002e5c1cb2c490a,667ecf2d5002e5c1cb2c490b,667ecf2d5002e5c1cb2c490c,667ecf2d5002e5c1cb2c490d,667ecf2d5002e5c1cb2c490e,667ecf2d5002e5c1cb2c490f,667ecf2d5002e5c1cb2c4910,667ecf2d5002e5c1cb2c4911,667ecf2d5002e5c1cb2c4912,667ecf2d5002e5c1cb2c4913,667ecf2d5002e5c1cb2c4914,667ecf2d5002e5c1cb2c4915,667ecf2d5002e5c1cb2c4916,667ecf2d5002e5c1cb2c4917,667ecf2d5002e5c1cb2c4918,667ecf2d5002e5c1cb2c4919,,,,,,,,,,,,,,,,,,1
667e4a1fc132fbd2449c7122,Colegio Pio XII,6.165095810979576,6.164961320805263,6.165430392233569,6.165641777234003,6.165095810979576,,,,,,,,,,,,,,-75.58179639173726,-75.58159692807769,-75.58127243762829,-75.58145972419075,-75.58179639173726,,,,,,,,,,,,,,667e4a1fc132fbd2449c7123,667e4a1fc132fbd2449c7124,667e4a1fc132fbd2449c7125,667e4a1fc132fbd2449c7126,667e4a1fc132fbd2449c7127,,,,,,,,,,,,,,667a4a900cc99ae2fa6ed6c1,6.165565858678273,6.1654120914135575,6.165246868283549,6.165076173784904,6.164906190585253,6.164743075582642,6.1645927368992215,6.164460619886513,6.164351509893117,6.164217019907521,6.164133131892993,6.164080807083795,6.1640620396302,6.1640775447783,6.164126731611677,6.164207725571469,6.164317439896661,6.164451693262081,6.164920764239693,6.165069243262074,6.165230615927479,6.165399120967762,6.165568742471778,6.165733424663041,6.165887288101451,6.166024839590271,6.1662362248276175,6.166351292863492,6.166441636152778,6.1665041064599855,6.166536526851726,6.166537767558439,6.166507785344591,6.166447625015362,6.166359383007256,6.166246134331548,6.166111825416532,6.165565858678273,,,,,,,,,,,,,,,,,,,,,,,,-75.58256755424907,-75.58264315843446,-75.58268809212714,-75.58270072782658,-75.5826806078904,-75.58262846110605,-75.58254617628936,-75.58243673386661,-75.58230409791929,-75.58210463441087,-75.58194950962745,-75.58178094761021,-75.58160537242743,-75.58142947542223,-75.58125996020242,-75.5811032871633,-75.58096542727867,-75.58085163454287,-75.58052714374618,-75.58044402716696,-75.5803904861831,-75.58036843232284,-75.58037865297582,-75.58042078327773,-75.58049331913236,-75.58059367090651,-75.58078095740834,-75.58090391061917,-75.58104623252451,-75.5812029635739,-75.58136864208778,-75.58153749458545,-75.58170363697909,-75.5818612796227,-75.58200492906954,-75.58212957950708,-75.58223088719801,-75.58256755424907,,,,,,,,,,,,,,,,,,,,,,,,667ecf2d5002e5c1cb2c48b1,667ecf2d5002e5c1cb2c48b2,667ecf2d5002e5c1cb2c48b3,667ecf2d5002e5c1cb2c48b4,667ecf2d5002e5c1cb2c48b5,667ecf2d5002e5c1cb2c48b6,667ecf2d5002e5c1cb2c48b7,667ecf2d5002e5c1cb2c48b8,667ecf2d5002e5c1cb2c48b9,667ecf2d5002e5c1cb2c48ba,667ecf2d5002e5c1cb2c48bb,667ecf2d5002e5c1cb2c48bc,667ecf2d5002e5c1cb2c48bd,667ecf2d5002e5c1cb2c48be,667ecf2d5002e5c1cb2c48bf,667ecf2d5002e5c1cb2c48c0,667ecf2d5002e5c1cb2c48c1,667ecf2d5002e5c1cb2c48c2,667ecf2d5002e5c1cb2c48c3,667ecf2d5002e5c1cb2c48c4,667ecf2d5002e5c1cb2c48c5,667ecf2d5002e5c1cb2c48c6,667ecf2d5002e5c1cb2c48c7,667ecf2d5002e5c1cb2c48c8,667ecf2d5002e5c1cb2c48c9,667ecf2d5002e5c1cb2c48ca,667ecf2d5002e5c1cb2c48cb,667ecf2d5002e5c1cb2c48cc,667ecf2d5002e5c1cb2c48cd,667ecf2d5002e5c1cb2c48ce,667ecf2d5002e5c1cb2c48cf,667ecf2d5002e5c1cb2c48d0,667ecf2d5002e5c1cb2c48d1,667ecf2d5002e5c1cb2c48d2,667ecf2d5002e5c1cb2c48d3,667ecf2d5002e5c1cb2c48d4,667ecf2d5002e5c1cb2c48d5,667ecf2d5002e5c1cb2c48d6,,,,,,,,,,,,,,,,,,,,,,,,1
667e4b9ef38119c260ebdb19,I.E. San Viente de Paul,6.166937272720872,6.167019456635804,6.167232790917709,6.167193779840193,6.166659530114083,6.166937272720872,,,,,,,,,,,,,-75.57864184797565,-75.57858347028323,-75.57896840624507,-75.57919186489084,-75.5790779620178,-75.57864184797565,,,,,,,,,,,,,667e4b9ef38119c260ebdb1a,667e4b9ef38119c260ebdb1b,667e4b9ef38119c260ebdb1c,667e4b9ef38119c260ebdb1d,667e4b9ef38119c260ebdb1e,667e4b9ef38119c260ebdb1f,,,,,,,,,,,,,667a4a900cc99ae2fa6ed6c1,6.16617999461216,6.166287156643525,6.166418484139692,6.166500667974217,6.166645751403583,6.166803774767592,6.166969266356209,6.167136495859802,6.1672996727863305,6.16745314696315,6.167591604180813,6.167710250204422,6.167804976780719,6.168018311378668,6.168096818572537,6.168130818337488,6.168118559286057,6.168079548143367,6.168030750985854,6.167948342771713,6.167835632856915,6.167697147453202,6.167538447862101,6.167365907141867,6.16718645417642,6.167007295424289,6.166473045886097,6.166307629026694,6.16615530157836,6.166021729535348,6.165911881259121,6.165829842676335,6.165778665300082,6.1657602527270585,6.1657752898322835,6.165823217294821,6.1659022524020015,6.16617999461216,,,,,,,,,,,,,,,,,,,,,,,,-75.5781539403482,-75.57801684097646,-75.57790297367103,-75.57784459592123,-75.57776071075223,-75.57770531440588,-75.57768032505965,-75.57768660802284,-75.57772394577061,-75.57779104547194,-75.57788558375161,-75.5780042871367,-75.57814304540238,-75.57852798175726,-75.57871748778122,-75.57891991905366,-75.5791248479865,-75.57934830699406,-75.57952280384443,-75.57968401081752,-75.57982545415776,-75.57994145378896,-75.5800273514155,-75.58007969758862,-75.58009639022598,-75.58007675902195,-75.57996285529745,-75.57991039115326,-75.57982696383891,-75.57971567655409,-75.57958066877305,-75.57942696227069,-75.57926027433254,-75.57908680509577,-75.57891300693144,-75.57874534444521,-75.5785900540231,-75.5781539403482,,,,,,,,,,,,,,,,,,,,,,,,667ecf2d5002e5c1cb2c4921,667ecf2d5002e5c1cb2c4922,667ecf2d5002e5c1cb2c4923,667ecf2d5002e5c1cb2c4924,667ecf2d5002e5c1cb2c4925,667ecf2d5002e5c1cb2c4926,667ecf2d5002e5c1cb2c4927,667ecf2d5002e5c1cb2c4928,667ecf2d5002e5c1cb2c4929,667ecf2d5002e5c1cb2c492a,667ecf2d5002e5c1cb2c492b,667ecf2d5002e5c1cb2c492c,667ecf2d5002e5c1cb2c492d,667ecf2d5002e5c1cb2c492e,667ecf2d5002e5c1cb2c492f,667ecf2d5002e5c1cb2c4930,667ecf2d5002e5c1cb2c4931,667ecf2d5002e5c1cb2c4932,667ecf2d5002e5c1cb2c4933,667ecf2d5002e5c1cb2c4934,667ecf2d5002e5c1cb2c4935,667ecf2d5002e5c1cb2c4936,667ecf2d5002e5c1cb2c4937,667ecf2d5002e5c1cb2c4938,667ecf2d5002e5c1cb2c4939,667ecf2d5002e5c1cb2c493a,667ecf2d5002e5c1cb2c493b,667ecf2d5002e5c1cb2c493c,667ecf2d5002e5c1cb2c493d,667ecf2d5002e5c1cb2c493e,667ecf2d5002e5c1cb2c493f,667ecf2d5002e5c1cb2c4940,667ecf2d5002e5c1cb2c4941,667ecf2d5002e5c1cb2c4942,667ecf2d5002e5c1cb2c4943,667ecf2d5002e5c1cb2c4944,667ecf2d5002e5c1cb2c4945,667ecf2d5002e5c1cb2c4946,,,,,,,,,,,,,,,,,,,,,,,,2
667e4cdfcb4b99a0554c5484,Hospital Manuel Uribe Angel,6.166429077588609,6.166521230842394,6.167403687367495,6.167651642849152,6.167064668433057,6.166429077588609,,,,,,,,,,,,,-75.5803111921241,-75.5793133483212,-75.57949369019789,-75.58039891481478,-75.58054704061597,-75.5803111921241,,,,,,,,,,,,,667e4cdfcb4b99a0554c5485,667e4cdfcb4b99a0554c5486,667e4cdfcb4b99a0554c5487,667e4cdfcb4b99a0554c5488,667e4cdfcb4b99a0554c5489,667e4cdfcb4b99a0554c548a,,,,,,,,,,,,,667a4a900cc99ae2fa6ed6c1,6.166117804757916,6.165966262164213,6.165830881001304,6.165716388739313,6.165626783411345,6.165565194004953,6.165533771200338,6.165533612270395,6.1656257653685795,6.16565671990419,6.165717661432913,6.165806476103517,6.165920083240415,6.166054542200374,6.16620518905846,6.166366798382337,6.166533764483741,6.166700295860349,6.16758275268338,6.167740631095496,6.1678871853733,6.168017490046668,6.1681271657669985,6.168212526492007,6.168270703369662,6.168518659256774,6.168548785048558,6.168543419573904,6.168502775093618,6.168428459523016,6.168323412821119,6.168191790682902,6.168038800136168,6.1678704935472455,6.167283518888934,6.167106084085985,6.1669270023016045,6.166753395229222,6.166117804757916,,,,,,,,,,,,,,,,,,,,,,,-75.58115983563879,-75.58108676870607,-75.58098661885849,-75.58086288331823,-75.5807198829044,-75.58056261115122,-75.5803965599364,-75.58022752770891,-75.57922968557638,-75.57906412035923,-75.57890719999814,-75.5787643675226,-75.57864057730832,-75.57854012322814,-75.578466489712,-75.57842223088232,-75.57840888195753,-75.57842690599675,-75.5786072464591,-75.57865502177344,-75.57873098346784,-75.57883257860537,-75.57895639274022,-75.5790982646708,-75.57925342629167,-75.58015865227645,-75.58033599667606,-75.58051583014803,-75.5806910383923,-75.58085469008769,-75.58100031110212,-75.58112214061474,-75.58121535901745,-75.58127627857951,-75.58142440347056,-75.5814506360828,-75.58144093464884,-75.58139568500934,-75.58115983563879,,,,,,,,,,,,,,,,,,,,,,,667ecf2d5002e5c1cb2c4956,667ecf2d5002e5c1cb2c4957,667ecf2d5002e5c1cb2c4958,667ecf2d5002e5c1cb2c4959,667ecf2d5002e5c1cb2c495a,667ecf2d5002e5c1cb2c495b,667ecf2d5002e5c1cb2c495c,667ecf2d5002e5c1cb2c495d,667ecf2d5002e5c1cb2c495e,667ecf2d5002e5c1cb2c495f,667ecf2d5002e5c1cb2c4960,667ecf2d5002e5c1cb2c4961,667ecf2d5002e5c1cb2c4962,667ecf2d5002e5c1cb2c4963,667ecf2d5002e5c1cb2c4964,667ecf2d5002e5c1cb2c4965,667ecf2d5002e5c1cb2c4966,667ecf2d5002e5c1cb2c4967,667ecf2d5002e5c1cb2c4968,667ecf2d5002e5c1cb2c4969,667ecf2d5002e5c1cb2c496a,667ecf2d5002e5c1cb2c496b,667ecf2d5002e5c1cb2c496c,667ecf2d5002e5c1cb2c496d,667ecf2d5002e5c1cb2c496e,667ecf2d5002e5c1cb2c496f,667ecf2d5002e5c1cb2c4970,667ecf2d5002e5c1cb2c4971,667ecf2d5002e5c1cb2c4972,667ecf2d5002e5c1cb2c4973,667ecf2d5002e5c1cb2c4974,667ecf2d5002e5c1cb2c4975,667ecf2d5002e5c1cb2c4976,667ecf2d5002e5c1cb2c4977,667ecf2d5002e5c1cb2c4978,667ecf2d5002e5c1cb2c4979,667ecf2d5002e5c1cb2c497a,667ecf2d5002e5c1cb2c497b,667ecf2d5002e5c1cb2c497c,,,,,,,,,,,,,,,,,,,,,,,1
667e4d01cb4b99a0554c5492,Clinica Santa Gertrudis,6.168426514572654,6.168846681115802,6.168653666560001,6.168240057964636,6.168426514572654,,,,,,,,,,,,,,-75.58168677124652,-75.581903673204,-75.58225929650632,-75.58200682489128,-75.58168677124652,,,,,,,,,,,,,,667e4d01cb4b99a0554c5493,667e4d01cb4b99a0554c5494,667e4d01cb4b99a0554c5495,667e4d01cb4b99a0554c5496,667e4d01cb4b99a0554c5497,,,,,,,,,,,,,,667a50a30cc99ae2fa6ed6e3,6.167805777176191,6.167885342140071,6.1679842556066875,6.168098981136822,6.1682254169623185,6.168359042635189,6.1684950806460455,6.16862866723368,6.168755026278917,6.16917519308243,6.169295549008915,6.16939809213083,6.169478753132061,6.16953433106384,6.169562620372334,6.16956249842478,6.169533970060543,6.169478167399075,6.1692851526133445,6.169203116263628,6.169098720872048,6.168976214663415,6.168840582853812,6.168697344783026,6.168552329312073,6.168411437625887,6.1682804030936556,6.167866794789515,6.167754999098114,6.167661480905602,6.167589764060995,6.167542550917799,6.1675216205080075,6.1675277615073725,6.167560742517797,6.167619320786488,6.167805777176191,,,,,,,,,,,,,,,,,,,,,,,,,-75.5813209192736,-75.5812099329589,-75.58111599497155,-75.58104246387353,-75.58099196862732,-75.58096631460154,-75.5809664190217,-75.58099227817407,-75.58104296753568,-75.58125986911728,-75.58133813945523,-75.58143885239971,-75.58155801127499,-75.58169088739108,-75.58183220769753,-75.581976364041,-75.58211763572143,-75.58225041651518,-75.5826060401149,-75.58272646090661,-75.58282787108932,-75.58290614392938,-75.58295809424172,-75.58298160800442,-75.5829757283829,-75.58294069466315,-75.58287793251056,-75.58262546059063,-75.58254127101434,-75.58243694302556,-75.58231640780556,-75.58218420723259,-75.58204532274075,-75.58190498761711,-75.58176848980901,-75.58164097267228,-75.5813209192736,,,,,,,,,,,,,,,,,,,,,,,,,667ecf2d5002e5c1cb2c4989,667ecf2d5002e5c1cb2c498a,667ecf2d5002e5c1cb2c498b,667ecf2d5002e5c1cb2c498c,667ecf2d5002e5c1cb2c498d,667ecf2d5002e5c1cb2c498e,667ecf2d5002e5c1cb2c498f,667ecf2d5002e5c1cb2c4990,667ecf2d5002e5c1cb2c4991,667ecf2d5002e5c1cb2c4992,667ecf2d5002e5c1cb2c4993,667ecf2d5002e5c1cb2c4994,667ecf2d5002e5c1cb2c4995,667ecf2d5002e5c1cb2c4996,667ecf2d5002e5c1cb2c4997,667ecf2d5002e5c1cb2c4998,667ecf2d5002e5c1cb2c4999,667ecf2d5002e5c1cb2c499a,667ecf2d5002e5c1cb2c499b,667ecf2d5002e5c1cb2c499c,667ecf2d5002e5c1cb2c499d,667ecf2d5002e5c1cb2c499e,667ecf2d5002e5c1cb2c499f,667ecf2d5002e5c1cb2c49a0,667ecf2d5002e5c1cb2c49a1,667ecf2d5002e5c1cb2c49a2,667ecf2d5002e5c1cb2c49a3,667ecf2d5002e5c1cb2c49a4,667ecf2d5002e5c1cb2c49a5,667ecf2d5002e5c1cb2c49a6,667ecf2d5002e5c1cb2c49a7,667ecf2d5002e5c1cb2c49a8,667ecf2d5002e5c1cb2c49a9,667ecf2d5002e5c1cb2c49aa,667ecf2d5002e5c1cb2c49ab,667ecf2d5002e5c1cb2c49ac,667ecf2d5002e5c1cb2c49ad,,,,,,,,,,,,,,,,,,,,,,,,,1
667e4d23cb4b99a0554c549e,Cancha la Sebastiana,6.168969348618313,6.168848351306893,6.169050052910097,6.169244184634168,6.168969348618313,,,,,,,,,,,,,,-75.57986781355872,-75.57974023823678,-75.57956875615382,-75.5796382155576,-75.57986781355872,,,,,,,,,,,,,,667e4d23cb4b99a0554c549f,667e4d23cb4b99a0554c54a0,667e4d23cb4b99a0554c54a1,667e4d23cb4b99a0554c54a2,667e4d23cb4b99a0554c54a3,,,,,,,,,,,,,,667a4aaf0cc99ae2fa6ed6c3,6.169543946703804,6.169404716223574,6.169250182914595,6.169085778514697,6.168917281718506,6.168750615059871,6.168591636739216,6.168445934712912,6.168318630282209,6.168197633119317,6.1680854330484225,6.168004830318091,6.167959163193472,6.16795032303626,6.1679786759726865,6.168043047730161,6.168140772270545,6.168267802205969,6.168469503588272,6.168624404038517,6.168797776620758,6.16898209740255,6.169169367319243,6.169351459312625,6.169545591147074,6.1697013670573115,6.169840424641805,6.169957678802007,6.170048841750303,6.170110579808921,6.17014063531852,6.170137909198226,6.1701025011378094,6.1700357059521425,6.169939966231249,6.169818783017579,6.169543946703804,,,,,,,,,,,,,,,,,,,,,,,,,-75.58056366283556,-75.58065931025507,-75.58072713710676,-75.58076475934922,-75.58077085461652,-75.58074520869445,-75.58068872304594,-75.58060338312131,-75.58049218856803,-75.58036461326017,-75.58021917589261,-75.58005390270513,-75.57987563870552,-75.57969176692504,-75.57950990264484,-75.5793375780042,-75.57918193005179,-75.57904940515915,-75.57887792300114,-75.57877192998687,-75.57870051720018,-75.57866678381072,-75.57867219380337,-75.5787165124384,-75.57878597156953,-75.5788592615351,-75.57896103650886,-75.57908757477439,-75.5792342490547,-75.57939569572356,-75.57956601094573,-75.57973896657278,-75.57990823789959,-75.58006763495186,-75.58021132884646,-75.58033406494634,-75.58056366283556,,,,,,,,,,,,,,,,,,,,,,,,,667ecf2d5002e5c1cb2c49b9,667ecf2d5002e5c1cb2c49ba,667ecf2d5002e5c1cb2c49bb,667ecf2d5002e5c1cb2c49bc,667ecf2d5002e5c1cb2c49bd,667ecf2d5002e5c1cb2c49be,667ecf2d5002e5c1cb2c49bf,667ecf2d5002e5c1cb2c49c0,667ecf2d5002e5c1cb2c49c1,667ecf2d5002e5c1cb2c49c2,667ecf2d5002e5c1cb2c49c3,667ecf2d5002e5c1cb2c49c4,667ecf2d5002e5c1cb2c49c5,667ecf2d5002e5c1cb2c49c6,667ecf2d5002e5c1cb2c49c7,667ecf2d5002e5c1cb2c49c8,667ecf2d5002e5c1cb2c49c9,667ecf2d5002e5c1cb2c49ca,667ecf2d5002e5c1cb2c49cb,667ecf2d5002e5c1cb2c49cc,667ecf2d5002e5c1cb2c49cd,667ecf2d5002e5c1cb2c49ce,667ecf2d5002e5c1cb2c49cf,667ecf2d5002e5c1cb2c49d0,667ecf2d5002e5c1cb2c49d1,667ecf2d5002e5c1cb2c49d2,667ecf2d5002e5c1cb2c49d3,667ecf2d5002e5c1cb2c49d4,667ecf2d5002e5c1cb2c49d5,667ecf2d5002e5c1cb2c49d6,667ecf2d5002e5c1cb2c49d7,667ecf2d5002e5c1cb2c49d8,667ecf2d5002e5c1cb2c49d9,667ecf2d5002e5c1cb2c49da,667ecf2d5002e5c1cb2c49db,667ecf2d5002e5c1cb2c49dc,667ecf2d5002e5c1cb2c49dd,,,,,,,,,,,,,,,,,,,,,,,,,1
667e4d93cb4b99a0554c54aa,Parque infantil canalizacion,6.168313886504957,6.168794481676782,6.169035853538249,6.169014477731714,6.168787435244282,6.168351365447663,6.168313886504957,,,,,,,,,,,,-75.58049844638953,-75.58050344572943,-75.58057470220558,-75.58063748120901,-75.58059127953253,-75.58058228448984,-75.58049844638953,,,,,,,,,,,,667e4d93cb4b99a0554c54ab,667e4d93cb4b99a0554c54ac,667e4d93cb4b99a0554c54ad,667e4d93cb4b99a0554c54ae,667e4d93cb4b99a0554c54af,667e4d93cb4b99a0554c54b0,667e4d93cb4b99a0554c54b1,,,,,,,,,,,,667a50320cc99ae2fa6ed6e0,6.167657711076716,6.16761211602909,6.16759460144422,6.1676058681443005,6.1676454653077215,6.167711808507867,6.167802243111067,6.16791315049707,6.168040092851985,6.168177990740249,6.168321326350607,6.168801921529159,6.1689970982553435,6.169238470209063,6.1693727935702665,6.169493427540536,6.169595470921211,6.169674777822123,6.169728126105147,6.1697533482968545,6.169749419651199,6.16971649978414,6.169695123950156,6.169633132947498,6.169545037003246,6.1694345534458925,6.169306344277209,6.169165819451287,6.169018908593092,6.168871810789422,6.1687080910768355,6.168336613387726,6.168202470322517,6.168073571876478,6.167954458296036,6.167849325168091,6.1677618756379635,6.167695189973032,6.167657711076716,,,,,,,,,,,,,,,,,,,,,,,-75.58079520863961,-75.58065791146386,-75.58051423351064,-75.58036992385736,-75.58023075685776,-75.58010230109171,-75.57998969654838,-75.57989744895778,-75.57982924950026,-75.57978782710767,-75.57977483926642,-75.57977983795038,-75.57980908895917,-75.57988034514638,-75.57993531968778,-75.58001627148644,-75.58011991159428,-75.58024202925989,-75.5803776630055,-75.58052130220642,-75.58066711098255,-75.58080916530565,-75.58087194438023,-75.58100688487409,-75.58112623787278,-75.58122496712265,-75.5812989066247,-75.58134493642346,-75.58136111425532,-75.58134675750121,-75.5813134413764,-75.58130577820326,-75.58129026364377,-75.58124981161545,-75.5811858469953,-75.58110062285049,-75.58099714107605,-75.58087904665712,-75.58079520863961,,,,,,,,,,,,,,,,,,,,,,,667ecf2d5002e5c1cb2c49ef,667ecf2d5002e5c1cb2c49f0,667ecf2d5002e5c1cb2c49f1,667ecf2d5002e5c1cb2c49f2,667ecf2d5002e5c1cb2c49f3,667ecf2d5002e5c1cb2c49f4,667ecf2d5002e5c1cb2c49f5,667ecf2d5002e5c1cb2c49f6,667ecf2d5002e5c1cb2c49f7,667ecf2d5002e5c1cb2c49f8,667ecf2d5002e5c1cb2c49f9,667ecf2d5002e5c1cb2c49fa,667ecf2d5002e5c1cb2c49fb,667ecf2d5002e5c1cb2c49fc,667ecf2d5002e5c1cb2c49fd,667ecf2d5002e5c1cb2c49fe,667ecf2d5002e5c1cb2c49ff,667ecf2d5002e5c1cb2c4a00,667ecf2d5002e5c1cb2c4a01,667ecf2d5002e5c1cb2c4a02,667ecf2d5002e5c1cb2c4a03,667ecf2d5002e5c1cb2c4a04,667ecf2d5002e5c1cb2c4a05,667ecf2d5002e5c1cb2c4a06,667ecf2d5002e5c1cb2c4a07,667ecf2d5002e5c1cb2c4a08,667ecf2d5002e5c1cb2c4a09,667ecf2d5002e5c1cb2c4a0a,667ecf2d5002e5c1cb2c4a0b,667ecf2d5002e5c1cb2c4a0c,667ecf2d5002e5c1cb2c4a0d,667ecf2d5002e5c1cb2c4a0e,667ecf2d5002e5c1cb2c4a0f,667ecf2d5002e5c1cb2c4a10,667ecf2d5002e5c1cb2c4a11,667ecf2d5002e5c1cb2c4a12,667ecf2d5002e5c1cb2c4a13,667ecf2d5002e5c1cb2c4a14,667ecf2d5002e5c1cb2c4a15,,,,,,,,,,,,,,,,,,,,,,,1
667e4dbbcb4b99a0554c54ba,CEFIT sede San Mateo,6.170508320406509,6.170684372074877,6.170791717005285,6.1706073402877,6.170508320406509,,,,,,,,,,,,,,-75.58078252034164,-75.58071420317788,-75.58104894056072,-75.58111538876595,-75.58078252034164,,,,,,,,,,,,,,667e4dbbcb4b99a0554c54bb,667e4dbbcb4b99a0554c54bc,667e4dbbcb4b99a0554c54bd,667e4dbbcb4b99a0554c54be,667e4dbbcb4b99a0554c54bf,,,,,,,,,,,,,,667a4a900cc99ae2fa6ed6c1,6.169646740172244,6.1696138653032015,6.16961206615745,6.169641405241835,6.169700863242717,6.169788374438969,6.169900898469352,6.170034525961051,6.170184614349793,6.170360665910619,6.170536802186111,6.170719021083646,6.17089981183537,6.1710717225317335,6.1712276672780835,6.171361218265799,6.171466870718962,6.171540269795444,6.17164761489923,6.171684605292743,6.171688663598976,6.171659640136338,6.171598605370584,6.171507810432505,6.171390604088841,6.171251309229015,6.1710950634234445,6.170910686600328,6.17073375917118,6.170551639268086,6.1703718072473785,6.170201649485907,6.17004815499551,6.169917628359845,6.169815430783986,6.169745759892459,6.169646740172244,,,,,,,,,,,,,,,,,,,,,,,,,-75.58104181417956,-75.58087648405142,-75.58070788938771,-75.58054188759098,-75.58038424598239,-75.58024044143329,-75.58011547008697,-75.58001367378105,-75.57993858920088,-75.5798702717985,-75.57982190305425,-75.57981031345732,-75.57983598074979,-75.57989784700342,-75.57999336221987,-75.58011858943271,-75.58026836698006,-75.58043652125956,-75.58077125912679,-75.58094094798213,-75.58111461990336,-75.58128586938817,-75.58144838028176,-75.58159615873737,-75.58172375428846,-75.58182646087812,-75.58190049043094,-75.58196693837792,-75.58201096822621,-75.58201821320485,-75.58198837577261,-75.58192268150155,-75.58182382873244,-75.58169587773895,-75.58154408395444,-75.58137468211117,-75.58104181417956,,,,,,,,,,,,,,,,,,,,,,,,,667ecf2d5002e5c1cb2c4a22,667ecf2d5002e5c1cb2c4a23,667ecf2d5002e5c1cb2c4a24,667ecf2d5002e5c1cb2c4a25,667ecf2d5002e5c1cb2c4a26,667ecf2d5002e5c1cb2c4a27,667ecf2d5002e5c1cb2c4a28,667ecf2d5002e5c1cb2c4a29,667ecf2d5002e5c1cb2c4a2a,667ecf2d5002e5c1cb2c4a2b,667ecf2d5002e5c1cb2c4a2c,667ecf2d5002e5c1cb2c4a2d,667ecf2d5002e5c1cb2c4a2e,667ecf2d5002e5c1cb2c4a2f,667ecf2d5002e5c1cb2c4a30,667ecf2d5002e5c1cb2c4a31,667ecf2d5002e5c1cb2c4a32,667ecf2d5002e5c1cb2c4a33,667ecf2d5002e5c1cb2c4a34,667ecf2d5002e5c1cb2c4a35,667ecf2d5002e5c1cb2c4a36,667ecf2d5002e5c1cb2c4a37,667ecf2d5002e5c1cb2c4a38,667ecf2d5002e5c1cb2c4a39,667ecf2d5002e5c1cb2c4a3a,667ecf2d5002e5c1cb2c4a3b,667ecf2d5002e5c1cb2c4a3c,667ecf2d5002e5c1cb2c4a3d,667ecf2d5002e5c1cb2c4a3e,667ecf2d5002e5c1cb2c4a3f,667ecf2d5002e5c1cb2c4a40,667ecf2d5002e5c1cb2c4a41,667ecf2d5002e5c1cb2c4a42,667ecf2d5002e5c1cb2c4a43,667ecf2d5002e5c1cb2c4a44,667ecf2d5002e5c1cb2c4a45,667ecf2d5002e5c1cb2c4a46,,,,,,,,,,,,,,,,,,,,,,,,,1
667e4dcccb4b99a0554c54c6,Cancha el Dorado,6.171513056785749,6.171501113265182,6.172047246165723,6.172007565625503,6.171513056785749,,,,,,,,,,,,,,-75.58005737727835,-75.5799347177522,-75.57978977647281,-75.58000504436386,-75.58005737727835,,,,,,,,,,,,,,667e4dcccb4b99a0554c54c7,667e4dcccb4b99a0554c54c8,667e4dcccb4b99a0554c54c9,667e4dcccb4b99a0554c54ca,667e4dcccb4b99a0554c54cb,,,,,,,,,,,,,,667a4aaf0cc99ae2fa6ed6c3,6.171607158275975,6.171430058420894,6.171256177392667,6.171092258546723,6.170944658884791,6.170819102522871,6.170720458704042,6.170652552964691,6.170618018777032,6.1706060752766385,6.1706066394074695,6.17064339566977,6.170714856839326,6.170818131468335,6.170949040877012,6.171102288228542,6.171271672846697,6.171817805510725,6.171996220082541,6.172176693534679,6.172351943945725,6.1725149001316675,6.1726589869623405,6.1727783906634786,6.1728682933993895,6.1729250676705965,6.17294642268226,6.172931496777153,6.172891816170706,6.172847140599759,6.172774355068625,6.172675896530129,6.172555061500687,6.172415895687453,6.172263058531647,6.172101667203529,6.171607158275975,,,,,,,,,,,,,,,,,,,,,,,,,-75.58095697454128,-75.58095807940347,-75.58092425372966,-75.58085680936122,-75.58075836191456,-75.5806327293398,-75.58048478385298,-75.58032026298444,-75.58014554707086,-75.5800228877499,-75.57984093465505,-75.57966277619191,-75.57949562097255,-75.57934623240435,-75.57922065503314,-75.5791239699709,-75.57906008930361,-75.57891514718548,-75.57888667006614,-75.57889463235931,-75.57893871283103,-75.5790171329116,-75.57912672845366,-75.57926307739882,-75.5794206782015,-75.57959317181148,-75.57977359825803,-75.57995467748233,-75.58016994572033,-75.58032924504907,-75.58047768972138,-75.58061030962483,-75.58072266448731,-75.58081099254315,-75.58087233648116,-75.58090464245711,-75.58095697454128,,,,,,,,,,,,,,,,,,,,,,,,,667ecf2d5002e5c1cb2c4a52,667ecf2d5002e5c1cb2c4a53,667ecf2d5002e5c1cb2c4a54,667ecf2d5002e5c1cb2c4a55,667ecf2d5002e5c1cb2c4a56,667ecf2d5002e5c1cb2c4a57,667ecf2d5002e5c1cb2c4a58,667ecf2d5002e5c1cb2c4a59,667ecf2d5002e5c1cb2c4a5a,667ecf2d5002e5c1cb2c4a5b,667ecf2d5002e5c1cb2c4a5c,667ecf2d5002e5c1cb2c4a5d,667ecf2d5002e5c1cb2c4a5e,667ecf2d5002e5c1cb2c4a5f,667ecf2d5002e5c1cb2c4a60,667ecf2d5002e5c1cb2c4a61,667ecf2d5002e5c1cb2c4a62,667ecf2d5002e5c1cb2c4a63,667ecf2d5002e5c1cb2c4a64,667ecf2d5002e5c1cb2c4a65,667ecf2d5002e5c1cb2c4a66,667ecf2d5002e5c1cb2c4a67,667ecf2d5002e5c1cb2c4a68,667ecf2d5002e5c1cb2c4a69,667ecf2d5002e5c1cb2c4a6a,667ecf2d5002e5c1cb2c4a6b,667ecf2d5002e5c1cb2c4a6c,667ecf2d5002e5c1cb2c4a6d,667ecf2d5002e5c1cb2c4a6e,667ecf2d5002e5c1cb2c4a6f,667ecf2d5002e5c1cb2c4a70,667ecf2d5002e5c1cb2c4a71,667ecf2d5002e5c1cb2c4a72,667ecf2d5002e5c1cb2c4a73,667ecf2d5002e5c1cb2c4a74,667ecf2d5002e5c1cb2c4a75,667ecf2d5002e5c1cb2c4a76,,,,,,,,,,,,,,,,,,,,,,,,,1
667e4ddbcb4b99a0554c54d2,IUE,6.158919652506932,6.158824835798905,6.158410366774174,6.15854296876723,6.158966526892762,6.158862963180902,6.158978179567504,6.159199599918409,6.160917026819726,6.161710539778366,6.161695457284659,6.161441995263435,6.160850924408944,6.160830613827221,6.16060393847349,6.160315398753339,6.158749141471334,6.158919652506932,-75.58019897864766,-75.58004343991533,-75.57996598065523,-75.57939071640433,-75.57945769299593,-75.58001785828469,-75.58016845639835,-75.58022189196163,-75.580581310638,-75.58097332249137,-75.58115611893898,-75.58121866184459,-75.58105517829227,-75.58120262119918,-75.58131997728552,-75.58134164941147,-75.58095879826325,-75.58019897864766,667e4ddbcb4b99a0554c54d3,667e4ddbcb4b99a0554c54d4,667e4ddbcb4b99a0554c54d5,667e4ddbcb4b99a0554c54d6,667e4ddbcb4b99a0554c54d7,667e4ddbcb4b99a0554c54d8,667e4ddbcb4b99a0554c54d9,667e4ddbcb4b99a0554c54da,667e4ddbcb4b99a0554c54db,667e4ddbcb4b99a0554c54dc,667e4ddbcb4b99a0554c54dd,667e4ddbcb4b99a0554c54de,667e4ddbcb4b99a0554c54df,667e4ddbcb4b99a0554c54e0,667e4ddbcb4b99a0554c54e1,667e4ddbcb4b99a0554c54e2,667e4ddbcb4b99a0554c54e3,667e4ddbcb4b99a0554c54e4,667a4a900cc99ae2fa6ed6c1,6.161123042545411,6.161015525893838,6.160848104589209,6.160670908855795,6.160382369099278,6.160241796030018,6.160103021332947,6.158536764677677,6.158372033125909,6.158221493378446,6.158090810712347,6.157984903117321,6.15790775621851,6.157862273287034,6.157850165982579,6.157871889939399,6.157885874667923,6.157771972970618,6.157657936941792,6.157574457344122,6.157524924301177,6.157511349359234,6.157534283799167,6.157666885573453,6.157720052384051,6.157802023632163,6.157909930097157,6.158039994752004,6.158187664968254,6.158347771869317,6.158514711254528,6.158682639761353,6.159106197998265,6.1592797774736505,6.159440888713071,6.159583119021656,6.159700807215581,6.159789268955842,6.159844983200902,6.1598650382261,6.161100223587827,6.161313500098604,6.162107013649926,6.162259126584634,6.162389476533856,6.162492892368332,6.162565271462785,6.162603742453761,6.162606779151515,6.162591696632328,6.1625570445068965,6.162485285266599,6.162379509470891,6.162244272717386,6.162085399437025,6.161909732042605,6.161656269919095,6.161505731957264,6.161353364100428,6.161203540914931,6.161123042545411,-75.58206856597842,-75.58212423013909,-75.58219054533308,-75.58222200992066,-75.58224368155904,-75.58224315847121,-75.58222060859092,-75.58183775500282,-75.58177997259796,-75.58169128684594,-75.58157503529092,-75.58143559285416,-75.58127820719108,-75.58110880120661,-75.58093375016037,-75.58075964174948,-75.58069732415207,-75.58060308449491,-75.58046141066309,-75.58029961731243,-75.58012427491192,-75.57994250415247,-75.57976168677806,-75.5791864234253,-75.5790258635723,-75.57887807457563,-75.57874822946636,-75.5786408731974,-75.5785597635576,-75.5785077396373,-75.57848662244969,-75.57849715118674,-75.5785641270831,-75.57860979744164,-75.57868921648868,-75.57879922314456,-75.57893543884396,-75.57909244181364,-75.57926398287512,-75.57943723760317,-75.5796957321921,-75.57976941233271,-75.58016142326512,-75.58025655966216,-75.58038013083738,-75.58052723460202,-75.58069203519217,-75.58086799478122,-75.58104813284562,-75.58123092959978,-75.58141538539759,-75.58158867498791,-75.58174333506217,-75.58187270466651,-75.58197121207986,-75.58203461477797,-75.58209715728931,-75.58212093288535,-75.5821188037644,-75.5820908310768,-75.58206856597842,667ecf2d5002e5c1cb2c4a9e,667ecf2d5002e5c1cb2c4a9f,667ecf2d5002e5c1cb2c4aa0,667ecf2d5002e5c1cb2c4aa1,667ecf2d5002e5c1cb2c4aa2,667ecf2d5002e5c1cb2c4aa3,667ecf2d5002e5c1cb2c4aa4,667ecf2d5002e5c1cb2c4aa5,667ecf2d5002e5c1cb2c4aa6,667ecf2d5002e5c1cb2c4aa7,667ecf2d5002e5c1cb2c4aa8,667ecf2d5002e5c1cb2c4aa9,667ecf2d5002e5c1cb2c4aaa,667ecf2d5002e5c1cb2c4aab,667ecf2d5002e5c1cb2c4aac,667ecf2d5002e5c1cb2c4aad,667ecf2d5002e5c1cb2c4aae,667ecf2d5002e5c1cb2c4aaf,667ecf2d5002e5c1cb2c4ab0,667ecf2d5002e5c1cb2c4ab1,667ecf2d5002e5c1cb2c4ab2,667ecf2d5002e5c1cb2c4ab3,667ecf2d5002e5c1cb2c4ab4,667ecf2d5002e5c1cb2c4ab5,667ecf2d5002e5c1cb2c4ab6,667ecf2d5002e5c1cb2c4ab7,667ecf2d5002e5c1cb2c4ab8,667ecf2d5002e5c1cb2c4ab9,667ecf2d5002e5c1cb2c4aba,667ecf2d5002e5c1cb2c4abb,667ecf2d5002e5c1cb2c4abc,667ecf2d5002e5c1cb2c4abd,667ecf2d5002e5c1cb2c4abe,667ecf2d5002e5c1cb2c4abf,667ecf2d5002e5c1cb2c4ac0,667ecf2d5002e5c1cb2c4ac1,667ecf2d5002e5c1cb2c4ac2,667ecf2d5002e5c1cb2c4ac3,667ecf2d5002e5c1cb2c4ac4,667ecf2d5002e5c1cb2c4ac5,667ecf2d5002e5c1cb2c4ac6,667ecf2d5002e5c1cb2c4ac7,667ecf2d5002e5c1cb2c4ac8,667ecf2d5002e5c1cb2c4ac9,667ecf2d5002e5c1cb2c4aca,667ecf2d5002e5c1cb2c4acb,667ecf2d5002e5c1cb2c4acc,667ecf2d5002e5c1cb2c4acd,667ecf2d5002e5c1cb2c4ace,667ecf2d5002e5c1cb2c4acf,667ecf2d5002e5c1cb2c4ad0,667ecf2d5002e5c1cb2c4ad1,667ecf2d5002e5c1cb2c4ad2,667ecf2d5002e5c1cb2c4ad3,667ecf2d5002e5c1cb2c4ad4,667ecf2d5002e5c1cb2c4ad5,667ecf2d5002e5c1cb2c4ad6,667ecf2d5002e5c1cb2c4ad7,667ecf2d5002e5c1cb2c4ad8,667ecf2d5002e5c1cb2c4ad9,667ecf2d5002e5c1cb2c4ada,1
667e4dedcb4b99a0554c54f8,Institucion Jose Miguel De La Calle,6.172989168647434,6.172634491099213,6.172848487152988,6.173209626635021,6.172989168647434,,,,,,,,,,,,,,-75.58154528160267,-75.58140541478218,-75.58087611991768,-75.581027770111,-75.58154528160267,,,,,,,,,,,,,,667e4dedcb4b99a0554c54f9,667e4dedcb4b99a0554c54fa,667e4dedcb4b99a0554c54fb,667e4dedcb4b99a0554c54fc,667e4dedcb4b99a0554c54fd,,,,,,,,,,,,,,667a4a900cc99ae2fa6ed6c1,6.173815801312205,6.173732793554087,6.173622328102753,6.173488483808813,6.173336202765017,6.1731711078217595,6.172999294966552,6.17282710823401,6.172660905457704,6.172306228129275,6.172148001376128,6.172008770095244,6.171893970691783,6.1718080856040505,6.171754468284934,6.171735212265315,6.171751069411654,6.17180142056918,6.172015416286452,6.172098088446797,6.172209937640448,6.172346614954559,6.172502806107288,6.172672438075525,6.17284891522448,6.173025375758229,6.173194958520108,6.173556098238324,6.173712216108762,6.17384879049728,6.173960510612515,6.174043032136022,6.174093146156224,6.174108903950986,6.1740896927662545,6.17403625964382,6.173815801312205,,,,,,,,,,,,,,,,,,,,,,,,,-75.58190154463045,-75.58205399748022,-75.58218766638727,-75.58229761574468,-75.58237978578025,-75.58243114245897,-75.58244978950938,-75.58243503843775,-75.58238743394546,-75.58224756664784,-75.58216620128611,-75.58205513034919,-75.5819186907188,-75.58176220980846,-75.58159179755037,-75.5814141078299,-75.58123607868254,-75.58106466139682,-75.58053536722699,-75.58037756962649,-75.58023915661892,-75.58012550998332,-75.58004104854423,-75.57998905635753,-75.57997155501661,-75.57998922504405,-75.5800413794264,-75.58019302914983,-75.5802776446515,-75.58039142929925,-75.58052995851747,-75.58068784550987,-75.5808589507294,-75.58103662062105,-75.58121394635373,-75.58138403247948,-75.58190154463045,,,,,,,,,,,,,,,,,,,,,,,,,667ecf2d5002e5c1cb2c4ae7,667ecf2d5002e5c1cb2c4ae8,667ecf2d5002e5c1cb2c4ae9,667ecf2d5002e5c1cb2c4aea,667ecf2d5002e5c1cb2c4aeb,667ecf2d5002e5c1cb2c4aec,667ecf2d5002e5c1cb2c4aed,667ecf2d5002e5c1cb2c4aee,667ecf2d5002e5c1cb2c4aef,667ecf2d5002e5c1cb2c4af0,667ecf2d5002e5c1cb2c4af1,667ecf2d5002e5c1cb2c4af2,667ecf2d5002e5c1cb2c4af3,667ecf2d5002e5c1cb2c4af4,667ecf2d5002e5c1cb2c4af5,667ecf2d5002e5c1cb2c4af6,667ecf2d5002e5c1cb2c4af7,667ecf2d5002e5c1cb2c4af8,667ecf2d5002e5c1cb2c4af9,667ecf2d5002e5c1cb2c4afa,667ecf2d5002e5c1cb2c4afb,667ecf2d5002e5c1cb2c4afc,667ecf2d5002e5c1cb2c4afd,667ecf2d5002e5c1cb2c4afe,667ecf2d5002e5c1cb2c4aff,667ecf2d5002e5c1cb2c4b00,667ecf2d5002e5c1cb2c4b01,667ecf2d5002e5c1cb2c4b02,667ecf2d5002e5c1cb2c4b03,667ecf2d5002e5c1cb2c4b04,667ecf2d5002e5c1cb2c4b05,667ecf2d5002e5c1cb2c4b06,667ecf2d5002e5c1cb2c4b07,667ecf2d5002e5c1cb2c4b08,667ecf2d5002e5c1cb2c4b09,667ecf2d5002e5c1cb2c4b0a,667ecf2d5002e5c1cb2c4b0b,,,,,,,,,,,,,,,,,,,,,,,,,1
667e4e19cb4b99a0554c5504,Parroquia de San Mateo,6.171111016854775,6.170838721748343,6.170872728360504,6.170627978286693,6.170715118965591,6.17124001542663,6.171111016854775,,,,,,,,,,,,-75.58237402837638,-75.5822298838799,-75.58216412409902,-75.58207034043821,-75.58191311152197,-75.58210854012049,-75.58237402837638,,,,,,,,,,,,667e4e19cb4b99a0554c5505,667e4e19cb4b99a0554c5506,667e4e19cb4b99a0554c5507,667e4e19cb4b99a0554c5508,667e4e19cb4b99a0554c5509,667e4e19cb4b99a0554c550a,667e4e19cb4b99a0554c550b,,,,,,,,,,,,667a50110cc99ae2fa6ed6de,6.170307733257214,6.170249120760369,6.170140112878157,6.170048773947258,6.169978411967983,6.169931575222229,6.169909959983942,6.169914349086299,6.169944583570388,6.169999568442107,6.170086709017674,6.170169954481824,6.170275455832235,6.17039890607316,6.170535265458658,6.170678967234445,6.170824144894897,6.170964871677842,6.171489768386254,6.171610020108603,6.171717555707964,6.17180867944865,6.171880259628695,6.1719298362097925,6.171955705363737,6.171956978029552,6.171933610468753,6.171886405768551,6.171757407039338,6.17168172418297,6.17158326982471,6.171465972350148,6.171334511993242,6.1711941340911265,6.171050439791409,6.170909162563049,6.170775939428259,6.170503644494008,6.170386213704348,6.170307733257214,,,,,,,,,,,,,,,,,,,,,,-75.58271468509626,-75.5826855288362,-75.58260219827865,-75.58249960554745,-75.58238146622796,-75.58225205894713,-75.58211607041635,-75.58197842569552,-75.58184410982572,-75.58171798728925,-75.58156075850152,-75.58144089407996,-75.58134030749613,-75.58126310511753,-75.58121243867959,-75.5811903766169,-75.58119781961817,-75.58123446385261,-75.581429891871,-75.58148792329159,-75.58156728378911,-75.58166524594931,-75.58177844305891,-75.5819029848114,-75.58203459100791,-75.58216873865882,-75.58230081742971,-75.58242628808951,-75.58269177659189,-75.58281465783836,-75.5829199577107,-75.58300347469424,-75.5830618764306,-75.58309283267921,-75.58309510829244,-75.58306861249537,-75.58301440250396,-75.58287025776959,-75.58279247679081,-75.58271468509626,,,,,,,,,,,,,,,,,,,,,,667ecf2d5002e5c1cb2c4b1b,667ecf2d5002e5c1cb2c4b1c,667ecf2d5002e5c1cb2c4b1d,667ecf2d5002e5c1cb2c4b1e,667ecf2d5002e5c1cb2c4b1f,667ecf2d5002e5c1cb2c4b20,667ecf2d5002e5c1cb2c4b21,667ecf2d5002e5c1cb2c4b22,667ecf2d5002e5c1cb2c4b23,667ecf2d5002e5c1cb2c4b24,667ecf2d5002e5c1cb2c4b25,667ecf2d5002e5c1cb2c4b26,667ecf2d5002e5c1cb2c4b27,667ecf2d5002e5c1cb2c4b28,667ecf2d5002e5c1cb2c4b29,667ecf2d5002e5c1cb2c4b2a,667ecf2d5002e5c1cb2c4b2b,667ecf2d5002e5c1cb2c4b2c,667ecf2d5002e5c1cb2c4b2d,667ecf2d5002e5c1cb2c4b2e,667ecf2d5002e5c1cb2c4b2f,667ecf2d5002e5c1cb2c4b30,667ecf2d5002e5c1cb2c4b31,667ecf2d5002e5c1cb2c4b32,667ecf2d5002e5c1cb2c4b33,667ecf2d5002e5c1cb2c4b34,667ecf2d5002e5c1cb2c4b35,667ecf2d5002e5c1cb2c4b36,667ecf2d5002e5c1cb2c4b37,667ecf2d5002e5c1cb2c4b38,667ecf2d5002e5c1cb2c4b39,667ecf2d5002e5c1cb2c4b3a,667ecf2d5002e5c1cb2c4b3b,667ecf2d5002e5c1cb2c4b3c,667ecf2d5002e5c1cb2c4b3d,667ecf2d5002e5c1cb2c4b3e,667ecf2d5002e5c1cb2c4b3f,667ecf2d5002e5c1cb2c4b40,667ecf2d5002e5c1cb2c4b41,667ecf2d5002e5c1cb2c4b42,,,,,,,,,,,,,,,,,,,,,,1
667e4e33cb4b99a0554c5514,Centro Gerontologico AtardeSer,6.169437147529538,6.168974965668095,6.16919395257521,6.169596865885333,6.169437147529538,,,,,,,,,,,,,,-75.58326374082478,-75.5831318913129,-75.58270515529844,-75.58312280917167,-75.58326374082478,,,,,,,,,,,,,,667e4e33cb4b99a0554c5515,667e4e33cb4b99a0554c5516,667e4e33cb4b99a0554c5517,667e4e33cb4b99a0554c5518,667e4e33cb4b99a0554c5519,,,,,,,,,,,,,,667a50320cc99ae2fa6ed6e0,6.169911606059393,6.169795140060447,6.1696645020579615,6.169524863684647,6.169381752871286,6.169240835009315,6.168778653319059,6.1686471241076495,6.168528247361243,6.168426610905124,6.168346137205462,6.168289931990413,6.1682601643916755,6.16825798323194,6.168283472688822,6.168335649046239,6.168554635689241,6.168628228806997,6.168722071462762,6.1688328046562315,6.168956464805605,6.169088625618968,6.1692245565282136,6.169359392014673,6.169488305765643,6.169606683428113,6.169710287776054,6.170113201478666,6.170203463969549,6.170268905802247,6.170306849233902,6.170315741698238,6.170295219334068,6.170246121873917,6.170170458283509,6.170071324558154,6.169911606059393,,,,,,,,,,,,,,,,,,,,,,,,,-75.58380773028065,-75.58389144267808,-75.58395030591552,-75.58398198976319,-75.5839852399592,-75.58395992785938,-75.58382807778932,-75.58377604079352,-75.58369914404722,-75.58360035525179,-75.58348348698469,-75.58335304955973,-75.58321407696083,-75.58307193256664,-75.58293210216365,-75.58279998223543,-75.58237324659854,-75.58225807349594,-75.58215890321749,-75.58207928546948,-75.58202207010105,-75.58198930509556,-75.58198216326309,-75.58200090025838,-75.58204484542709,-75.58211242580863,-75.58220122243654,-75.58261887633354,-75.5827337011569,-75.5828644474631,-75.58300576539175,-75.58315187250885,-75.58329679041448,-75.58343458936935,-75.58355963093021,-75.58366679866532,-75.58380773028065,,,,,,,,,,,,,,,,,,,,,,,,,667ecf2d5002e5c1cb2c4b4f,667ecf2d5002e5c1cb2c4b50,667ecf2d5002e5c1cb2c4b51,667ecf2d5002e5c1cb2c4b52,667ecf2d5002e5c1cb2c4b53,667ecf2d5002e5c1cb2c4b54,667ecf2d5002e5c1cb2c4b55,667ecf2d5002e5c1cb2c4b56,667ecf2d5002e5c1cb2c4b57,667ecf2d5002e5c1cb2c4b58,667ecf2d5002e5c1cb2c4b59,667ecf2d5002e5c1cb2c4b5a,667ecf2d5002e5c1cb2c4b5b,667ecf2d5002e5c1cb2c4b5c,667ecf2d5002e5c1cb2c4b5d,667ecf2d5002e5c1cb2c4b5e,667ecf2d5002e5c1cb2c4b5f,667ecf2d5002e5c1cb2c4b60,667ecf2d5002e5c1cb2c4b61,667ecf2d5002e5c1cb2c4b62,667ecf2d5002e5c1cb2c4b63,667ecf2d5002e5c1cb2c4b64,667ecf2d5002e5c1cb2c4b65,667ecf2d5002e5c1cb2c4b66,667ecf2d5002e5c1cb2c4b67,667ecf2d5002e5c1cb2c4b68,667ecf2d5002e5c1cb2c4b69,667ecf2d5002e5c1cb2c4b6a,667ecf2d5002e5c1cb2c4b6b,667ecf2d5002e5c1cb2c4b6c,667ecf2d5002e5c1cb2c4b6d,667ecf2d5002e5c1cb2c4b6e,667ecf2d5002e5c1cb2c4b6f,667ecf2d5002e5c1cb2c4b70,667ecf2d5002e5c1cb2c4b71,667ecf2d5002e5c1cb2c4b72,667ecf2d5002e5c1cb2c4b73,,,,,,,,,,,,,,,,,,,,,,,,,1
667e4e54cb4b99a0554c5520,CEFIT sede administrativa,6.16551508695288,6.165245577899158,6.165114264275736,6.16537884611473,6.16551508695288,,,,,,,,,,,,,,-75.58410100709865,-75.58427037748194,-75.5840706426256,-75.58390450439099,-75.58410100709865,,,,,,,,,,,,,,667e4e54cb4b99a0554c5521,667e4e54cb4b99a0554c5522,667e4e54cb4b99a0554c5523,667e4e54cb4b99a0554c5524,667e4e54cb4b99a0554c5525,,,,,,,,,,,,,,667a4a900cc99ae2fa6ed6c1,6.166252751921738,6.166341195940934,6.16639582629693,6.166414406894139,6.16639617720301,6.1663418833900225,6.166253747775604,6.166135377870228,6.165991618712186,6.165722109416333,6.165566869545689,6.16539968354909,6.165226767680542,6.165054551234127,6.1648894374921035,6.164737565641063,6.164604582508423,6.1644954326062695,6.164364119168554,6.164280651787276,6.164230291984594,6.164215039833129,6.164235501081982,6.1642908630993585,6.164378927146295,6.164496195699804,6.164638011357561,6.164902592958982,6.165055230202961,6.165219513917581,6.1653895317848395,6.165559165117694,6.16572230906212,6.165873092302177,6.1660060883611365,6.166116510894103,6.166252751921738,,,,,,,,,,,,,,,,,,,,,,,,,-75.58358359432889,-75.58374352231706,-75.58391808264669,-75.58410013032682,-75.58428221389443,-75.58445688041756,-75.58461698055858,-75.5847559612099,-75.58486813372367,-75.58503750386932,-75.5851152336584,-75.58516155027203,-75.5851747316115,-75.5851542876053,-75.58510097842623,-75.5850167862221,-75.58490484141257,-75.58476930629242,-75.58456957159504,-75.58441004764093,-75.58423704399192,-75.58405743160432,-75.583878343901,-75.58370689346692,-75.58354988957234,-75.58341356774139,-75.58330334210592,-75.58313720363775,-75.58306054643987,-75.5830142619756,-75.58300001598019,-75.58301832117624,-75.58306851881721,-75.58314880239048,-75.5832562826273,-75.58338709148082,-75.58358359432889,,,,,,,,,,,,,,,,,,,,,,,,,667ecf2d5002e5c1cb2c4b82,667ecf2d5002e5c1cb2c4b83,667ecf2d5002e5c1cb2c4b84,667ecf2d5002e5c1cb2c4b85,667ecf2d5002e5c1cb2c4b86,667ecf2d5002e5c1cb2c4b87,667ecf2d5002e5c1cb2c4b88,667ecf2d5002e5c1cb2c4b89,667ecf2d5002e5c1cb2c4b8a,667ecf2d5002e5c1cb2c4b8b,667ecf2d5002e5c1cb2c4b8c,667ecf2d5002e5c1cb2c4b8d,667ecf2d5002e5c1cb2c4b8e,667ecf2d5002e5c1cb2c4b8f,667ecf2d5002e5c1cb2c4b90,667ecf2d5002e5c1cb2c4b91,667ecf2d5002e5c1cb2c4b92,667ecf2d5002e5c1cb2c4b93,667ecf2d5002e5c1cb2c4b94,667ecf2d5002e5c1cb2c4b95,667ecf2d5002e5c1cb2c4b96,667ecf2d5002e5c1cb2c4b97,667ecf2d5002e5c1cb2c4b98,667ecf2d5002e5c1cb2c4b99,667ecf2d5002e5c1cb2c4b9a,667ecf2d5002e5c1cb2c4b9b,667ecf2d5002e5c1cb2c4b9c,667ecf2d5002e5c1cb2c4b9d,667ecf2d5002e5c1cb2c4b9e,667ecf2d5002e5c1cb2c4b9f,667ecf2d5002e5c1cb2c4ba0,667ecf2d5002e5c1cb2c4ba1,667ecf2d5002e5c1cb2c4ba2,667ecf2d5002e5c1cb2c4ba3,667ecf2d5002e5c1cb2c4ba4,667ecf2d5002e5c1cb2c4ba5,667ecf2d5002e5c1cb2c4ba6,,,,,,,,,,,,,,,,,,,,,,,,,1
667e4e67cb4b99a0554c552c,Parque Principal de Envigado,6.170164301527421,6.170513290186038,6.169981039487198,6.169620574845395,6.169732409107351,6.169469437230685,6.169651002540691,6.169712160643156,6.169847870828087,6.170082756400359,6.170164301527421,,,,,,,,-75.5869605081062,-75.5875068997505,-75.58783567984757,-75.58728151181678,-75.58722438620275,-75.58677929680148,-75.5866564938778,-75.58674233247524,-75.58665395560952,-75.58699581948277,-75.5869605081062,,,,,,,,667e4e67cb4b99a0554c552d,667e4e67cb4b99a0554c552e,667e4e67cb4b99a0554c552f,667e4e67cb4b99a0554c5530,667e4e67cb4b99a0554c5531,667e4e67cb4b99a0554c5532,667e4e67cb4b99a0554c5533,667e4e67cb4b99a0554c5534,667e4e67cb4b99a0554c5535,667e4e67cb4b99a0554c5536,667e4e67cb4b99a0554c5537,,,,,,,,667a50320cc99ae2fa6ed6e0,6.168905275120456,6.16885095093102,6.168792818812194,6.168758879881431,6.1687503476568635,6.168767527216105,6.168809804288045,6.168875667216421,6.168962761009896,6.16906797154613,6.169249536718604,6.169371253236234,6.169503317444158,6.169640844409344,6.169737310217909,6.169850151434681,6.1699878085601565,6.170120291697851,6.170242702461924,6.17035051487578,6.170439742715007,6.170493742574172,6.17056932325503,6.170679834229077,6.170769607979609,6.171118597036819,6.171183496946297,6.171221973728307,6.171232510418658,6.17121469160361,6.171169219797925,6.171097887747593,6.171003507749238,6.170889800772976,6.1703575496960354,6.170233121877655,6.170099355236692,6.16996120539783,6.1698237903652675,6.169692200917093,6.1695713120088564,6.169465602173194,6.169378987606024,6.169018523373666,6.16895587409135,6.168916325550093,6.1689012522001985,6.168905275120456,,,,,,,,,,,,,,-75.58724093200213,-75.58714898639856,-75.58702527158323,-75.58689276170927,-75.58675619479202,-75.58662045390858,-75.58649039260071,-75.58637066133403,-75.58626554121794,-75.58617879093126,-75.5860559878949,-75.58598979192013,-75.58594825662567,-75.58593291838244,-75.58594091122855,-75.58593031133901,-75.58594412815867,-75.58598418988396,-75.58604901530536,-75.58613620760453,-75.58624254297158,-75.58632113689323,-75.58636242168258,-75.58645574379415,-75.58656937002048,-75.58711576203126,-75.58724376420528,-75.58738214061374,-75.587525435707,-75.58766800001182,-75.587804212867,-75.58792870402293,-75.58803656536817,-75.58812354443486,-75.5884523241462,-75.58851345459436,-75.58854947565432,-75.58855905288065,-75.58854183148875,-75.58849844949526,-75.58843051407875,-75.58834054203659,-75.58823186654409,-75.58767769887335,-75.58755841576026,-75.5874295092644,-75.58729545933951,-75.58724093200213,,,,,,,,,,,,,,667ecf2d5002e5c1cb2c4bbe,667ecf2d5002e5c1cb2c4bbf,667ecf2d5002e5c1cb2c4bc0,667ecf2d5002e5c1cb2c4bc1,667ecf2d5002e5c1cb2c4bc2,667ecf2d5002e5c1cb2c4bc3,667ecf2d5002e5c1cb2c4bc4,667ecf2d5002e5c1cb2c4bc5,667ecf2d5002e5c1cb2c4bc6,667ecf2d5002e5c1cb2c4bc7,667ecf2d5002e5c1cb2c4bc8,667ecf2d5002e5c1cb2c4bc9,667ecf2d5002e5c1cb2c4bca,667ecf2d5002e5c1cb2c4bcb,667ecf2d5002e5c1cb2c4bcc,667ecf2d5002e5c1cb2c4bcd,667ecf2d5002e5c1cb2c4bce,667ecf2d5002e5c1cb2c4bcf,667ecf2d5002e5c1cb2c4bd0,667ecf2d5002e5c1cb2c4bd1,667ecf2d5002e5c1cb2c4bd2,667ecf2d5002e5c1cb2c4bd3,667ecf2d5002e5c1cb2c4bd4,667ecf2d5002e5c1cb2c4bd5,667ecf2d5002e5c1cb2c4bd6,667ecf2d5002e5c1cb2c4bd7,667ecf2d5002e5c1cb2c4bd8,667ecf2d5002e5c1cb2c4bd9,667ecf2d5002e5c1cb2c4bda,667ecf2d5002e5c1cb2c4bdb,667ecf2d5002e5c1cb2c4bdc,667ecf2d5002e5c1cb2c4bdd,667ecf2d5002e5c1cb2c4bde,667ecf2d5002e5c1cb2c4bdf,667ecf2d5002e5c1cb2c4be0,667ecf2d5002e5c1cb2c4be1,667ecf2d5002e5c1cb2c4be2,667ecf2d5002e5c1cb2c4be3,667ecf2d5002e5c1cb2c4be4,667ecf2d5002e5c1cb2c4be5,667ecf2d5002e5c1cb2c4be6,667ecf2d5002e5c1cb2c4be7,667ecf2d5002e5c1cb2c4be8,667ecf2d5002e5c1cb2c4be9,667ecf2d5002e5c1cb2c4bea,667ecf2d5002e5c1cb2c4beb,667ecf2d5002e5c1cb2c4bec,667ecf2d5002e5c1cb2c4bed,,,,,,,,,,,,,,1
667e4e7acb4b99a0554c5544,Confama Envigado,6.171571592695951,6.171449046861859,6.171300244499498,6.171139288306646,6.171053236020621,6.171339531615298,6.171571592695951,,,,,,,,,,,,-75.58608839464706,-75.58616879913198,-75.58589539590723,-75.58601138583695,-75.58587522043887,-75.5856927254738,-75.58608839464706,,,,,,,,,,,,667e4e7acb4b99a0554c5545,667e4e7acb4b99a0554c5546,667e4e7acb4b99a0554c5547,667e4e7acb4b99a0554c5548,667e4e7acb4b99a0554c5549,667e4e7acb4b99a0554c554a,667e4e7acb4b99a0554c554b,,,,,,,,,,,,667a50320cc99ae2fa6ed6e0,6.170982303416537,6.1708626164368745,6.17073423524183,6.170622534760878,6.170532114981185,6.170446062793759,6.170382389942736,6.170344541891015,6.170333975628115,6.170351097910304,6.170395249602391,6.170464731051336,6.170556867514946,6.170668112127098,6.170954407513694,6.171083040498716,6.171221933167774,6.171365529804975,6.171508086530866,6.171643901057986,6.17176754078347,6.171874060094892,6.171959198196883,6.172191259548922,6.172249320835246,6.1722828046145795,6.1722904966094125,6.172272117872219,6.172228334901509,6.172160735471224,6.172071771050012,6.171964667898701,6.171842121973705,6.171710560626659,6.171567941847203,6.17142029591417,6.171273865661969,6.171134842517941,6.171009104714186,6.170982303416537,,,,,,,,,,,,,,,,,,,,,,-75.58671571702642,-75.586679387609,-75.58660945143309,-75.58651488604433,-75.58639958579616,-75.58626342049105,-75.58613670256115,-75.58599991867713,-75.58585833444013,-75.58571740024239,-75.58558254145267,-75.58545894956501,-75.58535138235014,-75.58526398070248,-75.58508148553982,-75.58501662478116,-75.58497880808413,-75.58496954814069,-75.58498921537253,-75.58503702311054,-75.58511105905819,-75.58520836178063,-75.58532503916072,-75.58572070863568,-75.5858455290342,-75.58597915686819,-75.58611674617228,-75.5862533073181,-75.58638388796356,-75.58650375264978,-75.5866085545326,-75.58669449302009,-75.58677489742449,-75.58684295089866,-75.58688249953804,-75.58689187115053,-75.5868706695063,-75.58681979108707,-75.58674138717664,-75.58671571702642,,,,,,,,,,,,,,,,,,,,,,667ecf2d5002e5c1cb2c4ca0,667ecf2d5002e5c1cb2c4ca1,667ecf2d5002e5c1cb2c4ca2,667ecf2d5002e5c1cb2c4ca3,667ecf2d5002e5c1cb2c4ca4,667ecf2d5002e5c1cb2c4ca5,667ecf2d5002e5c1cb2c4ca6,667ecf2d5002e5c1cb2c4ca7,667ecf2d5002e5c1cb2c4ca8,667ecf2d5002e5c1cb2c4ca9,667ecf2d5002e5c1cb2c4caa,667ecf2d5002e5c1cb2c4cab,667ecf2d5002e5c1cb2c4cac,667ecf2d5002e5c1cb2c4cad,667ecf2d5002e5c1cb2c4cae,667ecf2d5002e5c1cb2c4caf,667ecf2d5002e5c1cb2c4cb0,667ecf2d5002e5c1cb2c4cb1,667ecf2d5002e5c1cb2c4cb2,667ecf2d5002e5c1cb2c4cb3,667ecf2d5002e5c1cb2c4cb4,667ecf2d5002e5c1cb2c4cb5,667ecf2d5002e5c1cb2c4cb6,667ecf2d5002e5c1cb2c4cb7,667ecf2d5002e5c1cb2c4cb8,667ecf2d5002e5c1cb2c4cb9,667ecf2d5002e5c1cb2c4cba,667ecf2d5002e5c1cb2c4cbb,667ecf2d5002e5c1cb2c4cbc,667ecf2d5002e5c1cb2c4cbd,667ecf2d5002e5c1cb2c4cbe,667ecf2d5002e5c1cb2c4cbf,667ecf2d5002e5c1cb2c4cc0,667ecf2d5002e5c1cb2c4cc1,667ecf2d5002e5c1cb2c4cc2,667ecf2d5002e5c1cb2c4cc3,667ecf2d5002e5c1cb2c4cc4,667ecf2d5002e5c1cb2c4cc5,667ecf2d5002e5c1cb2c4cc6,667ecf2d5002e5c1cb2c4cc7,,,,,,,,,,,,,,,,,,,,,,1
667e4e8acb4b99a0554c5554,Casa de la juventud,6.171295616408241,6.171140798675945,6.171302853115806,6.171453815033053,6.171295616408241,,,,,,,,,,,,,,-75.58626628856857,-75.58601029774638,-75.585895808549,-75.58617226147919,-75.58626628856857,,,,,,,,,,,,,,667e4e8acb4b99a0554c5555,667e4e8acb4b99a0554c5556,667e4e8acb4b99a0554c5557,667e4e8acb4b99a0554c5558,667e4e8acb4b99a0554c5559,,,,,,,,,,,,,,667a50320cc99ae2fa6ed6e0,6.1716616279133625,6.17153484164796,6.17139901071821,6.171259270652391,6.171120904772263,6.170989144440021,6.1708689712703455,6.17076492878552,6.170680950634399,6.170526133081685,6.1704670524832235,6.1704317452271855,6.170421457137644,6.170436551231989,6.170476494911937,6.170539878756151,6.170624466251414,6.1707272727076665,6.170889327021059,6.171005833934195,6.171132670822105,6.171265426457527,6.171399483763258,6.1715301803881255,6.171652970858012,6.1717635846624965,6.171858174778972,6.17193345146863,6.172084413565538,6.172139010605474,6.172168316451665,6.1721712493956655,6.17214770117954,6.1720985409918026,6.17202558338442,6.171931521295134,6.1718198266474475,6.1716616279133625,,,,,,,,,,,,,,,,,,,,,,,,-75.58688929638019,-75.58694876314571,-75.5869824267394,-75.58698901442011,-75.5869682771407,-75.58692099896079,-75.5868489673999,-75.58675490585203,-75.58664237061754,-75.58638637998243,-75.58626412419613,-75.58613291208847,-75.58599737350798,-75.58586229096191,-75.5857324308665,-75.58561237536478,-75.5855063606464,-75.58541812747369,-75.58530363818457,-75.5852367053067,-75.58519269520163,-75.58517313850216,-75.58517871538461,-75.58520923191055,-75.5852636267691,-75.58534000818582,-75.58543571971448,-75.58554743262415,-75.5858238857841,-75.5859516098823,-75.58608747845356,-75.58622647645237,-75.58636347332143,-75.58649341236814,-75.58661149741421,-75.58671336982903,-75.5867952694119,-75.58688929638019,,,,,,,,,,,,,,,,,,,,,,,,667ecf2d5002e5c1cb2c4bfc,667ecf2d5002e5c1cb2c4bfd,667ecf2d5002e5c1cb2c4bfe,667ecf2d5002e5c1cb2c4bff,667ecf2d5002e5c1cb2c4c00,667ecf2d5002e5c1cb2c4c01,667ecf2d5002e5c1cb2c4c02,667ecf2d5002e5c1cb2c4c03,667ecf2d5002e5c1cb2c4c04,667ecf2d5002e5c1cb2c4c05,667ecf2d5002e5c1cb2c4c06,667ecf2d5002e5c1cb2c4c07,667ecf2d5002e5c1cb2c4c08,667ecf2d5002e5c1cb2c4c09,667ecf2d5002e5c1cb2c4c0a,667ecf2d5002e5c1cb2c4c0b,667ecf2d5002e5c1cb2c4c0c,667ecf2d5002e5c1cb2c4c0d,667ecf2d5002e5c1cb2c4c0e,667ecf2d5002e5c1cb2c4c0f,667ecf2d5002e5c1cb2c4c10,667ecf2d5002e5c1cb2c4c11,667ecf2d5002e5c1cb2c4c12,667ecf2d5002e5c1cb2c4c13,667ecf2d5002e5c1cb2c4c14,667ecf2d5002e5c1cb2c4c15,667ecf2d5002e5c1cb2c4c16,667ecf2d5002e5c1cb2c4c17,667ecf2d5002e5c1cb2c4c18,667ecf2d5002e5c1cb2c4c19,667ecf2d5002e5c1cb2c4c1a,667ecf2d5002e5c1cb2c4c1b,667ecf2d5002e5c1cb2c4c1c,667ecf2d5002e5c1cb2c4c1d,667ecf2d5002e5c1cb2c4c1e,667ecf2d5002e5c1cb2c4c1f,667ecf2d5002e5c1cb2c4c20,667ecf2d5002e5c1cb2c4c21,,,,,,,,,,,,,,,,,,,,,,,,1
667e4ea8cb4b99a0554c5560,Escuela Fernando Gonzales,6.167921575339133,6.167361932281933,6.167140768263057,6.1673205675762,6.16725191267047,6.16762268008423,6.167921575339133,,,,,,,,,,,,-75.58635788090056,-75.58672227737156,-75.58637458985478,-75.58624293046775,-75.58613526704772,-75.58590560233468,-75.58635788090056,,,,,,,,,,,,667e4ea8cb4b99a0554c5561,667e4ea8cb4b99a0554c5562,667e4ea8cb4b99a0554c5563,667e4ea8cb4b99a0554c5564,667e4ea8cb4b99a0554c5565,667e4ea8cb4b99a0554c5566,667e4ea8cb4b99a0554c5567,,,,,,,,,,,,667a4a900cc99ae2fa6ed6c1,6.166396151902687,6.166431816919575,6.1665207754199844,6.166638487833108,6.166780324818566,6.167151091902549,6.167305895267545,6.167472342836976,6.1676443164384125,6.167815494771127,6.167979585760359,6.168130557838199,6.1682628616496995,6.168371634034721,6.168670529711851,6.16875378060312,6.168804555838423,6.168820873977972,6.168802098226747,6.168748961284994,6.168663536755082,6.168549158220648,6.168410289156038,6.167850645583005,6.167693415357514,6.1675233599673005,6.167347058916592,6.1671713333498595,6.167002982139234,6.166848518834657,6.166713919654162,6.166604392264408,6.166383228561496,6.166305713912569,6.166257887973892,6.166241451096648,6.16625698765952,6.166303945292617,6.166380654515552,6.166396151902687,,,,,,,,,,,,,,,,,,,,,,-75.58587100672786,-75.58576403882081,-75.58560856328762,-75.58547380171416,-75.58536505395776,-75.58513538891043,-75.58505902287546,-75.5850137748479,-75.58500130805528,-75.58502208077608,-75.58507532949002,-75.58515909693854,-75.58527030406476,-75.58540486318917,-75.58585714211165,-75.58601499767512,-75.58618623382394,-75.58636416828527,-75.58654185738928,-75.58671236704095,-75.58686904331853,-75.58700577213762,-75.58711721784738,-75.58748161385272,-75.58756314435101,-75.58761214138792,-75.58762670928226,-75.58760628443171,-75.58755165711348,-75.58746494090317,-75.5873494908956,-75.58720977389238,-75.58686208666902,-75.58671039123824,-75.58654675709023,-75.58637700189718,-75.58620716094904,-75.58604327258452,-75.58589116351384,-75.58587100672786,,,,,,,,,,,,,,,,,,,,,,667ecf2d5002e5c1cb2c4c31,667ecf2d5002e5c1cb2c4c32,667ecf2d5002e5c1cb2c4c33,667ecf2d5002e5c1cb2c4c34,667ecf2d5002e5c1cb2c4c35,667ecf2d5002e5c1cb2c4c36,667ecf2d5002e5c1cb2c4c37,667ecf2d5002e5c1cb2c4c38,667ecf2d5002e5c1cb2c4c39,667ecf2d5002e5c1cb2c4c3a,667ecf2d5002e5c1cb2c4c3b,667ecf2d5002e5c1cb2c4c3c,667ecf2d5002e5c1cb2c4c3d,667ecf2d5002e5c1cb2c4c3e,667ecf2d5002e5c1cb2c4c3f,667ecf2d5002e5c1cb2c4c40,667ecf2d5002e5c1cb2c4c41,667ecf2d5002e5c1cb2c4c42,667ecf2d5002e5c1cb2c4c43,667ecf2d5002e5c1cb2c4c44,667ecf2d5002e5c1cb2c4c45,667ecf2d5002e5c1cb2c4c46,667ecf2d5002e5c1cb2c4c47,667ecf2d5002e5c1cb2c4c48,667ecf2d5002e5c1cb2c4c49,667ecf2d5002e5c1cb2c4c4a,667ecf2d5002e5c1cb2c4c4b,667ecf2d5002e5c1cb2c4c4c,667ecf2d5002e5c1cb2c4c4d,667ecf2d5002e5c1cb2c4c4e,667ecf2d5002e5c1cb2c4c4f,667ecf2d5002e5c1cb2c4c50,667ecf2d5002e5c1cb2c4c51,667ecf2d5002e5c1cb2c4c52,667ecf2d5002e5c1cb2c4c53,667ecf2d5002e5c1cb2c4c54,667ecf2d5002e5c1cb2c4c55,667ecf2d5002e5c1cb2c4c56,667ecf2d5002e5c1cb2c4c57,667ecf2d5002e5c1cb2c4c58,,,,,,,,,,,,,,,,,,,,,,1
667e4eb8cb4b99a0554c5570,Debora Arango,6.16725067035653,6.167322248585649,6.16714103188841,6.166974816596435,6.167533530964663,6.167626573369933,6.16725067035653,,,,,,,,,,,,-75.58613497424348,-75.58624459858042,-75.58637810154372,-75.58612036941363,-75.58577497337896,-75.58590126975467,-75.58613497424348,,,,,,,,,,,,667e4eb8cb4b99a0554c5571,667e4eb8cb4b99a0554c5572,667e4eb8cb4b99a0554c5573,667e4eb8cb4b99a0554c5574,667e4eb8cb4b99a0554c5575,667e4eb8cb4b99a0554c5576,667e4eb8cb4b99a0554c5577,,,,,,,,,,,,667a4a900cc99ae2fa6ed6c1,6.168118869244575,6.168084824196355,6.167981090201912,6.167853651911619,6.167672435032766,6.167514890555325,6.167341926088599,6.167160675657507,6.166978615039241,6.166803253420008,6.166641823675056,6.16650098404645,6.1663865435227905,6.1662203284673165,6.166138337427846,6.166089492329036,6.166075728677901,6.166097591864651,6.166154215551703,6.166243356002151,6.166361480987516,6.166503909752022,6.167062623624044,6.167212033843893,6.16737247798326,6.167538449545564,6.167704252326019,6.167864195907218,6.1680127909568006,6.168144937624479,6.168256100572425,6.168349143104495,6.168443705900163,6.168503427598035,6.168525761761112,6.168509756096438,6.168456093059942,6.168367060757176,6.168246455380805,6.168118869244575,,,,,,,,,,,,,,,,,,,,,,-75.58665561213978,-75.58672408729647,-75.5868602937515,-75.58697434819973,-75.58710785104742,-75.58720079132065,-75.5872597992359,-75.58728244100962,-75.58726778280622,-75.58721642924861,-75.58713049847414,-75.58701353476557,-75.58687036236184,-75.58661263044418,-75.58645256373165,-75.58627933368166,-75.58609980460838,-75.58592109042375,-75.58575027274988,-75.58559412031094,-75.58545882072299,-75.58534973530867,-75.58500433876877,-75.58493019315074,-75.58488504066,-75.58487043097179,-75.5848868655246,-75.58493378030654,-75.58500956520874,-75.58511161928143,-75.58523643999744,-75.58536273645078,-75.58552348787757,-75.58570034731235,-75.5858857737579,-75.58607186092796,-75.58625067436371,-75.58641458975121,-75.58655661801394,-75.58665561213978,,,,,,,,,,,,,,,,,,,,,,667ecf2e5002e5c1cb2c4d5c,667ecf2e5002e5c1cb2c4d5d,667ecf2e5002e5c1cb2c4d5e,667ecf2e5002e5c1cb2c4d5f,667ecf2e5002e5c1cb2c4d60,667ecf2e5002e5c1cb2c4d61,667ecf2e5002e5c1cb2c4d62,667ecf2e5002e5c1cb2c4d63,667ecf2e5002e5c1cb2c4d64,667ecf2e5002e5c1cb2c4d65,667ecf2e5002e5c1cb2c4d66,667ecf2e5002e5c1cb2c4d67,667ecf2e5002e5c1cb2c4d68,667ecf2e5002e5c1cb2c4d69,667ecf2e5002e5c1cb2c4d6a,667ecf2e5002e5c1cb2c4d6b,667ecf2e5002e5c1cb2c4d6c,667ecf2e5002e5c1cb2c4d6d,667ecf2e5002e5c1cb2c4d6e,667ecf2e5002e5c1cb2c4d6f,667ecf2e5002e5c1cb2c4d70,667ecf2e5002e5c1cb2c4d71,667ecf2e5002e5c1cb2c4d72,667ecf2e5002e5c1cb2c4d73,667ecf2e5002e5c1cb2c4d74,667ecf2e5002e5c1cb2c4d75,667ecf2e5002e5c1cb2c4d76,667ecf2e5002e5c1cb2c4d77,667ecf2e5002e5c1cb2c4d78,667ecf2e5002e5c1cb2c4d79,667ecf2e5002e5c1cb2c4d7a,667ecf2e5002e5c1cb2c4d7b,667ecf2e5002e5c1cb2c4d7c,667ecf2e5002e5c1cb2c4d7d,667ecf2e5002e5c1cb2c4d7e,667ecf2e5002e5c1cb2c4d7f,667ecf2e5002e5c1cb2c4d80,667ecf2e5002e5c1cb2c4d81,667ecf2e5002e5c1cb2c4d82,667ecf2e5002e5c1cb2c4d83,,,,,,,,,,,,,,,,,,,,,,1
667e4ec7cb4b99a0554c5580,Cancha de la Fe,6.160373944178546,6.160173244240334,6.160392257098849,6.160457981335482,6.160560141313157,6.160637342731565,6.160373944178546,,,,,,,,,,,,-75.58422985665608,-75.58407661209613,-75.5838554068876,-75.58381283847613,-75.58379281609172,-75.58394411694053,-75.58422985665608,,,,,,,,,,,,667e4ec7cb4b99a0554c5581,667e4ec7cb4b99a0554c5582,667e4ec7cb4b99a0554c5583,667e4ec7cb4b99a0554c5584,667e4ec7cb4b99a0554c5585,667e4ec7cb4b99a0554c5586,667e4ec7cb4b99a0554c5587,,,,,,,,,,,,667a4aaf0cc99ae2fa6ed6c3,6.161033421370878,6.16089120848837,6.160726190908322,6.16054564379943,6.160357526976701,6.160170133974053,6.1599917264056065,6.159830169735732,6.15962947000311,6.1595043241921275,6.15940310761157,6.159329441063305,6.159285959805753,6.159274219284567,6.159294639490819,6.15934648993696,6.1594279157880285,6.159536004213311,6.159755016808919,6.1599053620375015,6.159971086213848,6.160122504441398,6.160285975327898,6.160388135272465,6.160552682669548,6.160717482321342,6.160876961185968,6.161025726150112,6.161158746409205,6.161271523595926,6.161360243903536,6.161437445438314,6.1615039536607785,6.161534651266083,6.161528269745084,6.161485072799728,6.161406845446003,6.161296820251138,6.161033421370878,,,,,,,,,,,,,,,,,,,,,,,-75.58484485499746,-75.58496980288535,-75.58506212857557,-75.58511776171567,-75.58513424963482,-75.58511086546913,-75.5850486401997,-75.58495031719268,-75.58479707251733,-75.58468120431706,-75.58454370814587,-75.58438950263945,-75.58422410416571,-75.58405342949061,-75.58388358412168,-75.58372064390038,-75.58357043765538,-75.5834383386917,-75.58321713348539,-75.58309490032212,-75.58305233185555,-75.58297358688233,-75.58292499355706,-75.58290497100826,-75.58288830316602,-75.58290222328947,-75.58294626066873,-75.58301892611335,-75.58311776230912,-75.58323942691483,-75.58337980558939,-75.58353110660617,-75.58370238216773,-75.58388364687143,-75.58406741036426,-75.5842460790348,-75.58441226980682,-75.58455911523208,-75.58484485499746,,,,,,,,,,,,,,,,,,,,,,,667ecf2d5002e5c1cb2c4c6a,667ecf2d5002e5c1cb2c4c6b,667ecf2d5002e5c1cb2c4c6c,667ecf2d5002e5c1cb2c4c6d,667ecf2d5002e5c1cb2c4c6e,667ecf2d5002e5c1cb2c4c6f,667ecf2d5002e5c1cb2c4c70,667ecf2d5002e5c1cb2c4c71,667ecf2d5002e5c1cb2c4c72,667ecf2d5002e5c1cb2c4c73,667ecf2d5002e5c1cb2c4c74,667ecf2d5002e5c1cb2c4c75,667ecf2d5002e5c1cb2c4c76,667ecf2d5002e5c1cb2c4c77,667ecf2d5002e5c1cb2c4c78,667ecf2d5002e5c1cb2c4c79,667ecf2d5002e5c1cb2c4c7a,667ecf2d5002e5c1cb2c4c7b,667ecf2d5002e5c1cb2c4c7c,667ecf2d5002e5c1cb2c4c7d,667ecf2d5002e5c1cb2c4c7e,667ecf2d5002e5c1cb2c4c7f,667ecf2d5002e5c1cb2c4c80,667ecf2d5002e5c1cb2c4c81,667ecf2d5002e5c1cb2c4c82,667ecf2d5002e5c1cb2c4c83,667ecf2d5002e5c1cb2c4c84,667ecf2d5002e5c1cb2c4c85,667ecf2d5002e5c1cb2c4c86,667ecf2d5002e5c1cb2c4c87,667ecf2d5002e5c1cb2c4c88,667ecf2d5002e5c1cb2c4c89,667ecf2d5002e5c1cb2c4c8a,667ecf2d5002e5c1cb2c4c8b,667ecf2d5002e5c1cb2c4c8c,667ecf2d5002e5c1cb2c4c8d,667ecf2d5002e5c1cb2c4c8e,667ecf2d5002e5c1cb2c4c8f,667ecf2d5002e5c1cb2c4c90,,,,,,,,,,,,,,,,,,,,,,,1
667e4edecb4b99a0554c5590,Parque Ecologico Urbano El Dorado,6.165906343629767,6.164713751972972,6.164807888864581,6.165377694223621,6.165827682613207,6.166149294980252,6.16621599789545,6.166078208994935,6.166314332429301,6.165906343629767,,,,,,,,,-75.58785639414639,-75.58672925454727,-75.58662235146112,-75.5864671645786,-75.58699186838854,-75.58692510312888,-75.58705640100763,-75.58715107926648,-75.5874252420196,-75.58785639414639,,,,,,,,,667e4edecb4b99a0554c5591,667e4edecb4b99a0554c5592,667e4edecb4b99a0554c5593,667e4edecb4b99a0554c5594,667e4edecb4b99a0554c5595,667e4edecb4b99a0554c5596,667e4edecb4b99a0554c5597,667e4edecb4b99a0554c5598,667e4edecb4b99a0554c5599,667e4edecb4b99a0554c559a,,,,,,,,,667a4aaf0cc99ae2fa6ed6c3,6.166557769788806,6.16642488167714,6.1662722280457345,6.166105627726618,6.165931431164264,6.1657562783492095,6.165586845715739,6.165429591651368,6.165290510318729,6.16409792004661,6.163983821970252,6.163896736498787,6.163839886403771,6.163815375535514,6.163824110967007,6.163865769426405,6.163938809260148,6.164040527484088,6.16413466425622,6.164262127965507,6.164410032667209,6.1645728387351095,6.165142643841589,6.16530834413317,6.165476468817665,6.165641140527059,6.165796602598427,6.165937420318385,6.166058670913325,6.166185880538009,6.1663000652884525,6.166461414114273,6.16661199701906,6.166746619929545,6.166860639278653,6.166950122178129,6.16701682519405,6.167083658608896,6.167113707341704,6.167113077125121,6.167160593420086,6.167202036535955,6.167213406193409,6.1671943172122194,6.167145416287152,6.167068360078974,6.166965759089462,6.166557769788806,,,,,,,,,,,,,,-75.58848001916155,-75.58859544563451,-75.58868270102323,-75.58873845936317,-75.58876059529712,-75.58874826508494,-75.58870193876031,-75.58862338220892,-75.58851558985253,-75.58738845008,-75.58725764705504,-75.5871072898067,-75.58694294261302,-75.58677068747073,-75.58659689902152,-75.58642800864935,-75.58627026647781,-75.58612951007508,-75.5860226070182,-75.58590340605703,-75.585811132483,-75.5857492423364,-75.58559405458473,-75.58556530587667,-75.58556808468053,-75.58560229388343,-75.585666737614,-75.58575916304451,-75.58587633914301,-75.58602467017685,-75.58603335183062,-75.58607677408614,-75.58614945783954,-75.58624889602545,-75.5863716587273,-75.58651351148445,-75.5866448095097,-75.58681850383496,-75.58700228390046,-75.58701692427535,-75.58711913629601,-75.58728032522468,-75.58744642363128,-75.58761180444914,-75.58777086492235,-75.5879182164182,-75.58804886698498,-75.58848001916155,,,,,,,,,,,,,,667ecf2d5002e5c1cb2c4cdd,667ecf2d5002e5c1cb2c4cde,667ecf2d5002e5c1cb2c4cdf,667ecf2d5002e5c1cb2c4ce0,667ecf2d5002e5c1cb2c4ce1,667ecf2d5002e5c1cb2c4ce2,667ecf2d5002e5c1cb2c4ce3,667ecf2d5002e5c1cb2c4ce4,667ecf2d5002e5c1cb2c4ce5,667ecf2d5002e5c1cb2c4ce6,667ecf2d5002e5c1cb2c4ce7,667ecf2d5002e5c1cb2c4ce8,667ecf2d5002e5c1cb2c4ce9,667ecf2d5002e5c1cb2c4cea,667ecf2d5002e5c1cb2c4ceb,667ecf2d5002e5c1cb2c4cec,667ecf2d5002e5c1cb2c4ced,667ecf2d5002e5c1cb2c4cee,667ecf2d5002e5c1cb2c4cef,667ecf2d5002e5c1cb2c4cf0,667ecf2d5002e5c1cb2c4cf1,667ecf2d5002e5c1cb2c4cf2,667ecf2d5002e5c1cb2c4cf3,667ecf2d5002e5c1cb2c4cf4,667ecf2d5002e5c1cb2c4cf5,667ecf2d5002e5c1cb2c4cf6,667ecf2d5002e5c1cb2c4cf7,667ecf2d5002e5c1cb2c4cf8,667ecf2d5002e5c1cb2c4cf9,667ecf2d5002e5c1cb2c4cfa,667ecf2d5002e5c1cb2c4cfb,667ecf2d5002e5c1cb2c4cfc,667ecf2d5002e5c1cb2c4cfd,667ecf2d5002e5c1cb2c4cfe,667ecf2d5002e5c1cb2c4cff,667ecf2d5002e5c1cb2c4d00,667ecf2d5002e5c1cb2c4d01,667ecf2d5002e5c1cb2c4d02,667ecf2d5002e5c1cb2c4d03,667ecf2d5002e5c1cb2c4d04,667ecf2d5002e5c1cb2c4d05,667ecf2d5002e5c1cb2c4d06,667ecf2d5002e5c1cb2c4d07,667ecf2d5002e5c1cb2c4d08,667ecf2d5002e5c1cb2c4d09,667ecf2d5002e5c1cb2c4d0a,667ecf2d5002e5c1cb2c4d0b,667ecf2d5002e5c1cb2c4d0c,,,,,,,,,,,,,,1
667e4eeecb4b99a0554c55a6,Secretaria de Medio Ambiente y Desarrollo,6.164711915448609,6.164561281870601,6.16481086086649,6.165276217553195,6.165401330655036,6.165463668997029,6.165377193638749,6.1648062753164,6.164711915448609,,,,,,,,,,-75.5867268227034,-75.58660289044386,-75.58626890661915,-75.58612146838166,-75.58624377848098,-75.58633934149206,-75.58646802970874,-75.58662075290758,-75.5867268227034,,,,,,,,,,667e4eeecb4b99a0554c55a7,667e4eeecb4b99a0554c55a8,667e4eeecb4b99a0554c55a9,667e4eeecb4b99a0554c55aa,667e4eeecb4b99a0554c55ab,667e4eeecb4b99a0554c55ac,667e4eeecb4b99a0554c55ad,667e4eeecb4b99a0554c55ae,667e4eeecb4b99a0554c55af,,,,,,,,,,667a50320cc99ae2fa6ed6e0,6.165184518339913,6.165147357081332,6.165030835035417,6.1649027367380524,6.164767711954196,6.1646306618656705,6.1644965611658105,6.164370277486291,6.164256394710661,6.164105761262011,6.164008226586539,6.163930852002709,6.163876457978294,6.163847027290177,6.163843632748745,6.1638663980921535,6.163914493475854,6.163986165721831,6.164235744447129,6.16433688242265,6.164458263915509,6.1645947047585805,6.165060061255632,6.165211630856912,6.165366181839937,6.16551658003899,6.165655882977454,6.1657776603378105,6.165902773557928,6.166002865676471,6.166065204089166,6.16613050594388,6.16617031468773,6.1661831084322625,6.166168398072491,6.1661267459856175,6.166059744531085,6.165973269075622,6.165891951594402,6.165794161883271,6.16568302921487,6.165562109834648,6.165184518339913,,,,,,,,,,,,,,,,,,,-75.58726836820989,-75.58730287384797,-75.58737548293628,-75.58742454667888,-75.58744828415722,-75.58744583375858,-75.5874172844484,-75.58736367253822,-75.58728694406649,-75.58716301175433,-75.58706572649955,-75.58695156988475,-75.58682470316718,-75.58668975090939,-75.58655163240546,-75.58641538236448,-75.58628596738696,-75.58616810492381,-75.58583412125664,-75.58572449916298,-75.58563812854045,-75.58557869826943,-75.58543125948651,-75.58540074854717,-75.58540350645167,-75.58543940592209,-75.58550678984305,-75.58560254775061,-75.58572485784318,-75.58584680129177,-75.58594236436457,-75.58606768515277,-75.5862033913629,-75.58634429494765,-75.58648500916173,-75.58662015449958,-75.58674456435634,-75.58687325265157,-75.58697358874389,-75.58705774693293,-75.5871230341646,-75.58716736125986,-75.58726836820989,,,,,,,,,,,,,,,,,,,667ecf2e5002e5c1cb2c4d21,667ecf2e5002e5c1cb2c4d22,667ecf2e5002e5c1cb2c4d23,667ecf2e5002e5c1cb2c4d24,667ecf2e5002e5c1cb2c4d25,667ecf2e5002e5c1cb2c4d26,667ecf2e5002e5c1cb2c4d27,667ecf2e5002e5c1cb2c4d28,667ecf2e5002e5c1cb2c4d29,667ecf2e5002e5c1cb2c4d2a,667ecf2e5002e5c1cb2c4d2b,667ecf2e5002e5c1cb2c4d2c,667ecf2e5002e5c1cb2c4d2d,667ecf2e5002e5c1cb2c4d2e,667ecf2e5002e5c1cb2c4d2f,667ecf2e5002e5c1cb2c4d30,667ecf2e5002e5c1cb2c4d31,667ecf2e5002e5c1cb2c4d32,667ecf2e5002e5c1cb2c4d33,667ecf2e5002e5c1cb2c4d34,667ecf2e5002e5c1cb2c4d35,667ecf2e5002e5c1cb2c4d36,667ecf2e5002e5c1cb2c4d37,667ecf2e5002e5c1cb2c4d38,667ecf2e5002e5c1cb2c4d39,667ecf2e5002e5c1cb2c4d3a,667ecf2e5002e5c1cb2c4d3b,667ecf2e5002e5c1cb2c4d3c,667ecf2e5002e5c1cb2c4d3d,667ecf2e5002e5c1cb2c4d3e,667ecf2e5002e5c1cb2c4d3f,667ecf2e5002e5c1cb2c4d40,667ecf2e5002e5c1cb2c4d41,667ecf2e5002e5c1cb2c4d42,667ecf2e5002e5c1cb2c4d43,667ecf2e5002e5c1cb2c4d44,667ecf2e5002e5c1cb2c4d45,667ecf2e5002e5c1cb2c4d46,667ecf2e5002e5c1cb2c4d47,667ecf2e5002e5c1cb2c4d48,667ecf2e5002e5c1cb2c4d49,667ecf2e5002e5c1cb2c4d4a,667ecf2e5002e5c1cb2c4d4b,,,,,,,,,,,,,,,,,,,1
667e4f03cb4b99a0554c55ba,Teleenvigado,6.164559633947234,6.164315700978933,6.164678693528099,6.164877023184538,6.164812102399524,6.164559633947234,,,,,,,,,,,,,-75.5865997204146,-75.58643943457099,-75.58607211066528,-75.58624351423228,-75.58626449598107,-75.5865997204146,,,,,,,,,,,,,667e4f03cb4b99a0554c55bb,667e4f03cb4b99a0554c55bc,667e4f03cb4b99a0554c55bd,667e4f03cb4b99a0554c55be,667e4f03cb4b99a0554c55bf,667e4f03cb4b99a0554c55c0,,,,,,,,,,,,,667a50320cc99ae2fa6ed6e0,6.165133123902746,6.165042014575474,6.164933969439948,6.164812781839688,6.164682706532686,6.164548310310938,6.164414311665225,6.164285415124373,6.1641661460852175,6.16392221329786,6.163811849423472,6.163721008781471,6.163653211254485,6.163611083852036,6.163596258920592,6.163609310894348,6.163649734037407,6.163715962039721,6.163805428707557,6.1641684209075605,6.1642717768010495,6.164389363569256,6.164517068923027,6.164650426699129,6.164784773052129,6.1649154095601375,6.16503776754028,6.165147567827312,6.165345897659055,6.165441770411834,6.165516714244535,6.165567951812632,6.165593584301719,6.165592661796493,6.165565218484114,6.1655122713872315,6.165435782673687,6.165338586939684,6.165284255110024,6.165133123902746,,,,,,,,,,,,,,,,,,,,,,-75.58703667407852,-75.58713661004721,-75.5872176964174,-75.58727708634983,-75.58731269474731,-75.5873232714584,-75.58730844516631,-75.58726873642293,-75.58720553937012,-75.58704525336684,-75.58695598792481,-75.58684670712844,-75.58672164538643,-75.58658564857946,-75.58644398629403,-75.58630214763912,-75.58616562855762,-75.58603971887275,-75.5859292973209,-75.58556197341946,-75.58547533361396,-75.58540956451547,-75.58536696624037,-75.58534902856985,-75.58535637884641,-75.58538876003173,-75.58544503969328,-75.5855232496059,-75.58569465311918,-75.58579518829946,-75.58591233799312,-75.58604176075414,-75.58617866030376,-75.58631796327755,-75.5864545072414,-75.58658323200868,-75.58669936716794,-75.58679860887109,-75.58683600415978,-75.58703667407852,,,,,,,,,,,,,,,,,,,,,,667ecf2e5002e5c1cb2c4d93,667ecf2e5002e5c1cb2c4d94,667ecf2e5002e5c1cb2c4d95,667ecf2e5002e5c1cb2c4d96,667ecf2e5002e5c1cb2c4d97,667ecf2e5002e5c1cb2c4d98,667ecf2e5002e5c1cb2c4d99,667ecf2e5002e5c1cb2c4d9a,667ecf2e5002e5c1cb2c4d9b,667ecf2e5002e5c1cb2c4d9c,667ecf2e5002e5c1cb2c4d9d,667ecf2e5002e5c1cb2c4d9e,667ecf2e5002e5c1cb2c4d9f,667ecf2e5002e5c1cb2c4da0,667ecf2e5002e5c1cb2c4da1,667ecf2e5002e5c1cb2c4da2,667ecf2e5002e5c1cb2c4da3,667ecf2e5002e5c1cb2c4da4,667ecf2e5002e5c1cb2c4da5,667ecf2e5002e5c1cb2c4da6,667ecf2e5002e5c1cb2c4da7,667ecf2e5002e5c1cb2c4da8,667ecf2e5002e5c1cb2c4da9,667ecf2e5002e5c1cb2c4daa,667ecf2e5002e5c1cb2c4dab,667ecf2e5002e5c1cb2c4dac,667ecf2e5002e5c1cb2c4dad,667ecf2e5002e5c1cb2c4dae,667ecf2e5002e5c1cb2c4daf,667ecf2e5002e5c1cb2c4db0,667ecf2e5002e5c1cb2c4db1,667ecf2e5002e5c1cb2c4db2,667ecf2e5002e5c1cb2c4db3,667ecf2e5002e5c1cb2c4db4,667ecf2e5002e5c1cb2c4db5,667ecf2e5002e5c1cb2c4db6,667ecf2e5002e5c1cb2c4db7,667ecf2e5002e5c1cb2c4db8,667ecf2e5002e5c1cb2c4db9,667ecf2e5002e5c1cb2c4dba,,,,,,,,,,,,,,,,,,,,,,1
667e4f13cb4b99a0554c55c8,Secretaria de Obras Publicas Envigado,6.16720557124202,6.166969283077252,6.166606041570828,6.166557809124222,6.166966819024072,6.16720557124202,,,,,,,,,,,,,-75.58738896548219,-75.58756707901202,-75.58734963958902,-75.58729742496436,-75.58703260634455,-75.58738896548219,,,,,,,,,,,,,667e4f13cb4b99a0554c55c9,667e4f13cb4b99a0554c55ca,667e4f13cb4b99a0554c55cb,667e4f13cb4b99a0554c55cc,667e4f13cb4b99a0554c55cd,667e4f13cb4b99a0554c55ce,,,,,,,,,,,,,667a50320cc99ae2fa6ed6e0,6.167802202346645,6.167867419648633,6.167908796193128,6.167924841531851,6.167914977686348,6.167879559967927,6.167819864178634,6.1677380406543225,6.1676370368053615,6.167400748448329,6.16727993649617,6.1671471482208355,6.16700750289172,6.166866384128076,6.166729232348866,6.166601335033533,6.16623809377916,6.166078970120853,6.166030737722187,6.165946152793462,6.165884555855151,6.165848261909954,6.1658386349957635,6.16585603692153,6.165899813669522,6.165968319975032,6.16605898115979,6.166168389895307,6.1665773994947894,6.166701144071955,6.166834827670397,6.166973449136511,6.167111822585269,6.167244771406059,6.16736732192219,6.167474889459061,6.167563449860055,6.167802202346645,,,,,,,,,,,,,,,,,,,,,,,,-75.58698456929244,-75.58710523453468,-75.58723612021116,-75.58737251161557,-75.5875094957143,-75.58764213812364,-75.58776566085629,-75.58787561443366,-75.58796803816433,-75.58814615158104,-75.58821978766943,-75.58826826044664,-75.58828970120376,-75.58828328337621,-75.5882492544063,-75.58818892620056,-75.58797148650248,-75.58784219650502,-75.58778998188745,-75.58767843520613,-75.58755256898371,-75.58741711366469,-75.58727716007726,-75.58713796810642,-75.58700476901353,-75.58688256883188,-75.58677596022632,-75.58668894988776,-75.58642413099312,-75.58636010866834,-75.5863212447247,-75.58630899309622,-75.5863238121421,-75.58636514749611,-75.58643145280273,-75.58652024756431,-75.58662820993592,-75.58698456929244,,,,,,,,,,,,,,,,,,,,,,,,667ecf2e5002e5c1cb2c4dca,667ecf2e5002e5c1cb2c4dcb,667ecf2e5002e5c1cb2c4dcc,667ecf2e5002e5c1cb2c4dcd,667ecf2e5002e5c1cb2c4dce,667ecf2e5002e5c1cb2c4dcf,667ecf2e5002e5c1cb2c4dd0,667ecf2e5002e5c1cb2c4dd1,667ecf2e5002e5c1cb2c4dd2,667ecf2e5002e5c1cb2c4dd3,667ecf2e5002e5c1cb2c4dd4,667ecf2e5002e5c1cb2c4dd5,667ecf2e5002e5c1cb2c4dd6,667ecf2e5002e5c1cb2c4dd7,667ecf2e5002e5c1cb2c4dd8,667ecf2e5002e5c1cb2c4dd9,667ecf2e5002e5c1cb2c4dda,667ecf2e5002e5c1cb2c4ddb,667ecf2e5002e5c1cb2c4ddc,667ecf2e5002e5c1cb2c4ddd,667ecf2e5002e5c1cb2c4dde,667ecf2e5002e5c1cb2c4ddf,667ecf2e5002e5c1cb2c4de0,667ecf2e5002e5c1cb2c4de1,667ecf2e5002e5c1cb2c4de2,667ecf2e5002e5c1cb2c4de3,667ecf2e5002e5c1cb2c4de4,667ecf2e5002e5c1cb2c4de5,667ecf2e5002e5c1cb2c4de6,667ecf2e5002e5c1cb2c4de7,667ecf2e5002e5c1cb2c4de8,667ecf2e5002e5c1cb2c4de9,667ecf2e5002e5c1cb2c4dea,667ecf2e5002e5c1cb2c4deb,667ecf2e5002e5c1cb2c4dec,667ecf2e5002e5c1cb2c4ded,667ecf2e5002e5c1cb2c4dee,667ecf2e5002e5c1cb2c4def,,,,,,,,,,,,,,,,,,,,,,,,1
667e4f1fcb4b99a0554c55d6,Camara de Comercia Aburra Sur,6.167420889010769,6.167534184678267,6.16736043046638,6.167250794862558,6.167420889010769,,,,,,,,,,,,,,-75.58702560881838,-75.58718599506518,-75.58729795866944,-75.58714102818394,-75.58702560881838,,,,,,,,,,,,,,667e4f1fcb4b99a0554c55d7,667e4f1fcb4b99a0554c55d8,667e4f1fcb4b99a0554c55d9,667e4f1fcb4b99a0554c55da,667e4f1fcb4b99a0554c55db,,,,,,,,,,,,,,667a50320cc99ae2fa6ed6e0,6.167018522163373,6.167140600235831,6.167273120769777,6.1674111465798545,6.167549535372234,6.167683131325826,6.167806957178046,6.167916399658748,6.168007381363661,6.16812067715648,6.168192455887314,6.168237374373313,6.168253599745654,6.168240469938741,6.168198520705673,6.168129463756934,6.168036116914396,6.167922289130821,6.167748534791755,6.16762646834086,6.167494725538978,6.167358098156334,6.167221555622178,6.167090064275851,6.166968406730774,6.166861007921459,6.1667717741604475,6.166662138678337,6.166592061568512,6.166547914309107,6.166531434672853,6.1665432713491155,6.166582958409776,6.166648933649387,6.166738600077709,6.166848428144238,6.167018522163373,,,,,,,,,,,,,,,,,,,,,,,,,-75.58642571576894,-75.58635913893265,-75.586317392091,-75.58630203058335,-75.5863136267391,-75.58635174855185,-75.58641497577125,-75.58650095281335,-75.58660647651844,-75.5867668628531,-75.58689396625086,-75.58703298568784,-75.58717824857108,-75.58732382754489,-75.58746378235563,-75.58759240224252,-75.58770443896388,-75.5877953209493,-75.58790728443581,-75.58797031201823,-75.58800888464826,-75.5880215993746,-75.58800799375547,-75.58796856267573,-75.58790474034416,-75.58781884812568,-75.5877140101068,-75.5875570797095,-75.5874320004376,-75.58729546759605,-75.58715285554213,-75.5870097779269,-75.58687186672712,-75.58674455055589,-75.58663284097777,-75.58654113523934,-75.58642571576894,,,,,,,,,,,,,,,,,,,,,,,,,667ecf2e5002e5c1cb2c4dfb,667ecf2e5002e5c1cb2c4dfc,667ecf2e5002e5c1cb2c4dfd,667ecf2e5002e5c1cb2c4dfe,667ecf2e5002e5c1cb2c4dff,667ecf2e5002e5c1cb2c4e00,667ecf2e5002e5c1cb2c4e01,667ecf2e5002e5c1cb2c4e02,667ecf2e5002e5c1cb2c4e03,667ecf2e5002e5c1cb2c4e04,667ecf2e5002e5c1cb2c4e05,667ecf2e5002e5c1cb2c4e06,667ecf2e5002e5c1cb2c4e07,667ecf2e5002e5c1cb2c4e08,667ecf2e5002e5c1cb2c4e09,667ecf2e5002e5c1cb2c4e0a,667ecf2e5002e5c1cb2c4e0b,667ecf2e5002e5c1cb2c4e0c,667ecf2e5002e5c1cb2c4e0d,667ecf2e5002e5c1cb2c4e0e,667ecf2e5002e5c1cb2c4e0f,667ecf2e5002e5c1cb2c4e10,667ecf2e5002e5c1cb2c4e11,667ecf2e5002e5c1cb2c4e12,667ecf2e5002e5c1cb2c4e13,667ecf2e5002e5c1cb2c4e14,667ecf2e5002e5c1cb2c4e15,667ecf2e5002e5c1cb2c4e16,667ecf2e5002e5c1cb2c4e17,667ecf2e5002e5c1cb2c4e18,667ecf2e5002e5c1cb2c4e19,667ecf2e5002e5c1cb2c4e1a,667ecf2e5002e5c1cb2c4e1b,667ecf2e5002e5c1cb2c4e1c,667ecf2e5002e5c1cb2c4e1d,667ecf2e5002e5c1cb2c4e1e,667ecf2e5002e5c1cb2c4e1f,,,,,,,,,,,,,,,,,,,,,,,,,1
667e4f32cb4b99a0554c55e2,Cancha El Dorado,6.165022141379028,6.165556479599474,6.165621213629552,6.165166647455453,6.164922108183821,6.164606194038073,6.164173664399561,6.163995423522075,6.164121855787337,6.164563774173534,6.165022141379028,,,,,,,,-75.59088785873305,-75.59092814481966,-75.5912974513018,-75.59196778358702,-75.59210989378937,-75.59208777767161,-75.59168461524496,-75.59109886535032,-75.59084598206063,-75.59057812576731,-75.59088785873305,,,,,,,,667e4f32cb4b99a0554c55e3,667e4f32cb4b99a0554c55e4,667e4f32cb4b99a0554c55e5,667e4f32cb4b99a0554c55e6,667e4f32cb4b99a0554c55e7,667e4f32cb4b99a0554c55e8,667e4f32cb4b99a0554c55e9,667e4f32cb4b99a0554c55ea,667e4f32cb4b99a0554c55eb,667e4f32cb4b99a0554c55ec,667e4f32cb4b99a0554c55ed,,,,,,,,667a4aaf0cc99ae2fa6ed6c3,6.165326371222008,6.1656237018038285,6.165790803233984,6.1659495785842395,6.166094386161931,6.166220080580573,6.166322195590108,6.166397102775984,6.1664421404877805,6.166506874625959,6.166520375691057,6.16650039284025,6.16644767021781,6.1663641711686985,6.165909604357877,6.165778382323871,6.16561655437174,6.165372014892708,6.1652102176948125,6.165037184759073,6.164859664069497,6.164543749960971,6.164344335092876,6.164158233839463,6.163994908051514,6.163562378911428,6.163456614588827,6.163372871092577,6.163313720203465,6.163135479614909,6.163101176871845,6.163099309251451,6.163129944493753,6.163191971434842,6.163318403508625,6.1634078006847455,6.163522229127314,6.163657677547815,6.164099595547298,6.164252563832644,6.164416613989299,6.164585904381031,6.164754406767289,6.1649161209618475,6.16506528849327,6.165326371222008,,,,,,,,,,,,,,,,-75.59000370616235,-75.59002612271482,-75.59005483654236,-75.59011458122394,-75.59020323390537,-75.59031764455055,-75.59045374786791,-75.59060670776005,-75.5907710891634,-75.59114039624305,-75.59131442265232,-75.59148781706297,-75.59165412241592,-75.59180714564633,-75.59247747843366,-75.59263082853322,-75.5927510055057,-75.59289311546749,-75.59296677080161,-75.59300700940413,-75.59301226207249,-75.59299014541993,-75.59295313423263,-75.5928721261418,-75.59275123984376,-75.59234807734077,-75.592230557392,-75.5920962714385,-75.5919493434377,-75.5913635944036,-75.59119481414179,-75.59102255374344,-75.5908530612258,-75.59069248421444,-75.59043960121092,-75.59029608343623,-75.59017184234908,-75.5900712332339,-75.5898033765296,-75.58972946205168,-75.58968576749271,-75.58967384879378,-75.58969413039661,-75.58974589012544,-75.58982728489869,-75.59000370616235,,,,,,,,,,,,,,,,667ecf2e5002e5c1cb2c4e38,667ecf2e5002e5c1cb2c4e39,667ecf2e5002e5c1cb2c4e3a,667ecf2e5002e5c1cb2c4e3b,667ecf2e5002e5c1cb2c4e3c,667ecf2e5002e5c1cb2c4e3d,667ecf2e5002e5c1cb2c4e3e,667ecf2e5002e5c1cb2c4e3f,667ecf2e5002e5c1cb2c4e40,667ecf2e5002e5c1cb2c4e41,667ecf2e5002e5c1cb2c4e42,667ecf2e5002e5c1cb2c4e43,667ecf2e5002e5c1cb2c4e44,667ecf2e5002e5c1cb2c4e45,667ecf2e5002e5c1cb2c4e46,667ecf2e5002e5c1cb2c4e47,667ecf2e5002e5c1cb2c4e48,667ecf2e5002e5c1cb2c4e49,667ecf2e5002e5c1cb2c4e4a,667ecf2e5002e5c1cb2c4e4b,667ecf2e5002e5c1cb2c4e4c,667ecf2e5002e5c1cb2c4e4d,667ecf2e5002e5c1cb2c4e4e,667ecf2e5002e5c1cb2c4e4f,667ecf2e5002e5c1cb2c4e50,667ecf2e5002e5c1cb2c4e51,667ecf2e5002e5c1cb2c4e52,667ecf2e5002e5c1cb2c4e53,667ecf2e5002e5c1cb2c4e54,667ecf2e5002e5c1cb2c4e55,667ecf2e5002e5c1cb2c4e56,667ecf2e5002e5c1cb2c4e57,667ecf2e5002e5c1cb2c4e58,667ecf2e5002e5c1cb2c4e59,667ecf2e5002e5c1cb2c4e5a,667ecf2e5002e5c1cb2c4e5b,667ecf2e5002e5c1cb2c4e5c,667ecf2e5002e5c1cb2c4e5d,667ecf2e5002e5c1cb2c4e5e,667ecf2e5002e5c1cb2c4e5f,667ecf2e5002e5c1cb2c4e60,667ecf2e5002e5c1cb2c4e61,667ecf2e5002e5c1cb2c4e62,667ecf2e5002e5c1cb2c4e63,667ecf2e5002e5c1cb2c4e64,667ecf2e5002e5c1cb2c4e65,,,,,,,,,,,,,,,,1
667e4f77cb4b99a0554c55fa,Institucion Educativa Manuel Uribe Angel,6.17098414136278,6.171114827353033,6.170745093215871,6.17008366403958,6.170603051244678,6.17098414136278,,,,,,,,,,,,,-75.59019029140748,-75.59040711588452,-75.5906986140867,-75.58968213292745,-75.58935097519145,-75.59019029140748,,,,,,,,,,,,,667e4f77cb4b99a0554c55fb,667e4f77cb4b99a0554c55fc,667e4f77cb4b99a0554c55fd,667e4f77cb4b99a0554c55fe,667e4f77cb4b99a0554c55ff,667e4f77cb4b99a0554c5600,,,,,,,,,,,,,667a4a900cc99ae2fa6ed6c1,6.171780385679314,6.171883862902151,6.171963349999679,6.172006509260305,6.172011492898506,6.171978087548816,6.171907723400821,6.1718034129672805,6.171669622107138,6.171299887582901,6.17114256609557,6.170968272581261,6.170784449363157,6.170598945674407,6.170419682495929,6.170254314331958,6.170109902365412,6.169992612949031,6.1693311847118615,6.169248951840805,6.1691993918148125,6.169184444537958,6.1692046950841535,6.169259350796215,6.1693462723119925,6.1694620573032255,6.1696021736495545,6.17012156038275,6.170273431044202,6.1704371287926865,6.170606780013006,6.170776297468632,6.170939598716861,6.171090824352786,6.171224548251253,6.171335972262891,6.1714210983782,6.171780385679314,,,,,,,,,,,,,,,,,,,,,,,,-75.5897664961629,-75.58993817780556,-75.59010740839977,-75.59028947042519,-75.59047656922834,-75.59066069451201,-75.59083396328674,-75.59098895737144,-75.59111904099261,-75.59141053900322,-75.59151003283431,-75.59157487911403,-75.59160230894494,-75.59159115111497,-75.59154188210157,-75.59145660571946,-75.59133896328227,-75.59119397811499,-75.59017749778079,-75.59001879568243,-75.5898469157552,-75.58966858581448,-75.58949078614172,-75.58932047626266,-75.58916432253794,-75.5890284372282,-75.5889181392464,-75.5885869810626,-75.58850936305434,-75.58846194279543,-75.5884464217937,-75.58846335698706,-75.5885121407556,-75.58859102271937,-75.58869717253988,-75.58882678147268,-75.58897519902752,-75.5897664961629,,,,,,,,,,,,,,,,,,,,,,,,667ecf2e5002e5c1cb2c4e73,667ecf2e5002e5c1cb2c4e74,667ecf2e5002e5c1cb2c4e75,667ecf2e5002e5c1cb2c4e76,667ecf2e5002e5c1cb2c4e77,667ecf2e5002e5c1cb2c4e78,667ecf2e5002e5c1cb2c4e79,667ecf2e5002e5c1cb2c4e7a,667ecf2e5002e5c1cb2c4e7b,667ecf2e5002e5c1cb2c4e7c,667ecf2e5002e5c1cb2c4e7d,667ecf2e5002e5c1cb2c4e7e,667ecf2e5002e5c1cb2c4e7f,667ecf2e5002e5c1cb2c4e80,667ecf2e5002e5c1cb2c4e81,667ecf2e5002e5c1cb2c4e82,667ecf2e5002e5c1cb2c4e83,667ecf2e5002e5c1cb2c4e84,667ecf2e5002e5c1cb2c4e85,667ecf2e5002e5c1cb2c4e86,667ecf2e5002e5c1cb2c4e87,667ecf2e5002e5c1cb2c4e88,667ecf2e5002e5c1cb2c4e89,667ecf2e5002e5c1cb2c4e8a,667ecf2e5002e5c1cb2c4e8b,667ecf2e5002e5c1cb2c4e8c,667ecf2e5002e5c1cb2c4e8d,667ecf2e5002e5c1cb2c4e8e,667ecf2e5002e5c1cb2c4e8f,667ecf2e5002e5c1cb2c4e90,667ecf2e5002e5c1cb2c4e91,667ecf2e5002e5c1cb2c4e92,667ecf2e5002e5c1cb2c4e93,667ecf2e5002e5c1cb2c4e94,667ecf2e5002e5c1cb2c4e95,667ecf2e5002e5c1cb2c4e96,667ecf2e5002e5c1cb2c4e97,667ecf2e5002e5c1cb2c4e98,,,,,,,,,,,,,,,,,,,,,,,,1
667e4f88cb4b99a0554c5608,Colegio la Presentacion Envigado,6.171840914122943,6.171260449412468,6.170998151040576,6.170910191792468,6.171017644095571,6.17067085656974,6.171134189376627,6.171840914122943,,,,,,,,,,,-75.58955882386239,-75.58989976409768,-75.58953215559578,-75.5892540206591,-75.58917302725118,-75.58872216710395,-75.58843622599134,-75.58955882386239,,,,,,,,,,,667e4f88cb4b99a0554c5609,667e4f88cb4b99a0554c560a,667e4f88cb4b99a0554c560b,667e4f88cb4b99a0554c560c,667e4f88cb4b99a0554c560d,667e4f88cb4b99a0554c560e,667e4f88cb4b99a0554c560f,667e4f88cb4b99a0554c5610,,,,,,,,,,,667a4a900cc99ae2fa6ed6c1,6.170016203252747,6.169959555965625,6.169869834186445,6.169807907286318,6.169775924075275,6.16977499434287,6.169805150349998,6.169865345709506,6.169953491694368,6.170066529713717,6.170200537442003,6.170663869837639,6.170820958768739,6.17098986976218,6.171164227736259,6.171337452021643,6.171503004730641,6.1716546375128045,6.171786627383537,6.171893992724843,6.172600718484577,6.172681426277435,6.172728343414695,6.172739583705706,6.172714695261533,6.172654678662332,6.172561946730841,6.172440227529301,6.172294414479857,6.171713949272614,6.171563691884369,6.171403129676082,6.1712377189065855,6.1710730805944145,6.170914809503154,6.170768284019676,6.170638483385983,6.1705298184953365,6.170267520485085,6.170194412977033,6.17014114256208,6.170053183456218,6.170016203252747,,,,,,,,,,,,,,,,,,,-75.5893493196934,-75.58927567229503,-75.5891333772056,-75.58897681347776,-75.5888114137419,-75.58864291722574,-75.58847717061103,-75.58831992516176,-75.58817663716307,-75.58805227859503,-75.58795116461017,-75.58766522307727,-75.58758830402265,-75.58754338743964,-75.58753216861236,-75.5875550709981,-75.58761123024014,-75.5876985267858,-75.58781366587921,-75.58795230191055,-75.58907490074589,-75.58923708940812,-75.58941221262852,-75.58959323000167,-75.5897728641585,-75.5899438933396,-75.59009944173293,-75.59023325590253,-75.5903399561943,-75.59068089586562,-75.59075135217536,-75.5907928696264,-75.5908040373906,-75.59078447599126,-75.59073485019476,-75.59065684641666,-75.59055311541046,-75.59042718218713,-75.59005957393104,-75.58993796959102,-75.58980634937063,-75.58952821483825,-75.5893493196934,,,,,,,,,,,,,,,,,,,667ecf2e5002e5c1cb2c4eab,667ecf2e5002e5c1cb2c4eac,667ecf2e5002e5c1cb2c4ead,667ecf2e5002e5c1cb2c4eae,667ecf2e5002e5c1cb2c4eaf,667ecf2e5002e5c1cb2c4eb0,667ecf2e5002e5c1cb2c4eb1,667ecf2e5002e5c1cb2c4eb2,667ecf2e5002e5c1cb2c4eb3,667ecf2e5002e5c1cb2c4eb4,667ecf2e5002e5c1cb2c4eb5,667ecf2e5002e5c1cb2c4eb6,667ecf2e5002e5c1cb2c4eb7,667ecf2e5002e5c1cb2c4eb8,667ecf2e5002e5c1cb2c4eb9,667ecf2e5002e5c1cb2c4eba,667ecf2e5002e5c1cb2c4ebb,667ecf2e5002e5c1cb2c4ebc,667ecf2e5002e5c1cb2c4ebd,667ecf2e5002e5c1cb2c4ebe,667ecf2e5002e5c1cb2c4ebf,667ecf2e5002e5c1cb2c4ec0,667ecf2e5002e5c1cb2c4ec1,667ecf2e5002e5c1cb2c4ec2,667ecf2e5002e5c1cb2c4ec3,667ecf2e5002e5c1cb2c4ec4,667ecf2e5002e5c1cb2c4ec5,667ecf2e5002e5c1cb2c4ec6,667ecf2e5002e5c1cb2c4ec7,667ecf2e5002e5c1cb2c4ec8,667ecf2e5002e5c1cb2c4ec9,667ecf2e5002e5c1cb2c4eca,667ecf2e5002e5c1cb2c4ecb,667ecf2e5002e5c1cb2c4ecc,667ecf2e5002e5c1cb2c4ecd,667ecf2e5002e5c1cb2c4ece,667ecf2e5002e5c1cb2c4ecf,667ecf2e5002e5c1cb2c4ed0,667ecf2e5002e5c1cb2c4ed1,667ecf2e5002e5c1cb2c4ed2,667ecf2e5002e5c1cb2c4ed3,667ecf2e5002e5c1cb2c4ed4,667ecf2e5002e5c1cb2c4ed5,,,,,,,,,,,,,,,,,,,1
667e4fcecb4b99a0554c57a6,Tecnologico de Artes Debora Arango,6.171840698847087,6.172028256739994,6.171201193268414,6.170858909755977,6.171018452200022,6.171262294185314,6.171840698847087,,,,,,,,,,,,-75.58955558417088,-75.58985181962593,-75.59033011939724,-75.58966427764551,-75.58956185782063,-75.589893292529,-75.58955558417088,,,,,,,,,,,,667e4fcecb4b99a0554c57a7,667e4fcecb4b99a0554c57a8,667e4fcecb4b99a0554c57a9,667e4fcecb4b99a0554c57aa,667e4fcecb4b99a0554c57ab,667e4fcecb4b99a0554c57ac,667e4fcecb4b99a0554c57ad,,,,,,,,,,,,667a4a900cc99ae2fa6ed6c1,6.171422211036225,6.171545256966644,6.171712068177993,6.171883567986932,6.172053505248154,6.172215685765099,6.172364198068284,6.172493628889041,6.172599260474452,6.172786818635883,6.172868315948244,6.172915649621014,6.172926894675608,6.172901593795037,6.17284077592247,6.17274691441528,6.172623826456489,6.172476517814659,6.171649453643414,6.171483984678525,6.171307024409124,6.171125763684179,6.170947568095964,6.170779678676591,6.170628917657264,6.170501411246648,6.170402340693013,6.170060057696574,6.169997711685476,6.169964753541033,6.169962307936324,6.169990458325854,6.1700482440977575,6.170133693353525,6.170243890196694,6.170375074234526,6.170534616532893,6.1706845909453625,6.170846296145579,6.1710140503595055,6.1711819592657875,6.171344123102155,6.171422211036225,,,,,,,,,,,,,,,,,,,-75.58875803719333,-75.58870122609423,-75.58866032152457,-75.58865204914407,-75.58867671051135,-75.58873340675282,-75.58882007132227,-75.58893354532249,-75.58906969264456,-75.58936592835173,-75.58952889046371,-75.58970498554432,-75.58988705211378,-75.59006768583863,-75.5902395406576,-75.59039562753749,-75.59052959870833,-75.59063600581777,-75.59111430476962,-75.59118879698843,-75.5912283964941,-75.59123149418066,-75.59119796420954,-75.59112916911717,-75.59102790444213,-75.59089828512339,-75.59074557828598,-75.59007973726966,-75.58992485289801,-75.58976107658162,-75.58959399707118,-75.58942931583472,-75.58927265250226,-75.58912935310242,-75.58900430763516,-75.58890178320507,-75.58879936324415,-75.58872193797956,-75.58867402464519,-75.58865730678109,-75.58867237182659,-75.58871869047552,-75.58875803719333,,,,,,,,,,,,,,,,,,,667ecf2e5002e5c1cb2c4ee7,667ecf2e5002e5c1cb2c4ee8,667ecf2e5002e5c1cb2c4ee9,667ecf2e5002e5c1cb2c4eea,667ecf2e5002e5c1cb2c4eeb,667ecf2e5002e5c1cb2c4eec,667ecf2e5002e5c1cb2c4eed,667ecf2e5002e5c1cb2c4eee,667ecf2e5002e5c1cb2c4eef,667ecf2e5002e5c1cb2c4ef0,667ecf2e5002e5c1cb2c4ef1,667ecf2e5002e5c1cb2c4ef2,667ecf2e5002e5c1cb2c4ef3,667ecf2e5002e5c1cb2c4ef4,667ecf2e5002e5c1cb2c4ef5,667ecf2e5002e5c1cb2c4ef6,667ecf2e5002e5c1cb2c4ef7,667ecf2e5002e5c1cb2c4ef8,667ecf2e5002e5c1cb2c4ef9,667ecf2e5002e5c1cb2c4efa,667ecf2e5002e5c1cb2c4efb,667ecf2e5002e5c1cb2c4efc,667ecf2e5002e5c1cb2c4efd,667ecf2e5002e5c1cb2c4efe,667ecf2e5002e5c1cb2c4eff,667ecf2e5002e5c1cb2c4f00,667ecf2e5002e5c1cb2c4f01,667ecf2e5002e5c1cb2c4f02,667ecf2e5002e5c1cb2c4f03,667ecf2e5002e5c1cb2c4f04,667ecf2e5002e5c1cb2c4f05,667ecf2e5002e5c1cb2c4f06,667ecf2e5002e5c1cb2c4f07,667ecf2e5002e5c1cb2c4f08,667ecf2e5002e5c1cb2c4f09,667ecf2e5002e5c1cb2c4f0a,667ecf2e5002e5c1cb2c4f0b,667ecf2e5002e5c1cb2c4f0c,667ecf2e5002e5c1cb2c4f0d,667ecf2e5002e5c1cb2c4f0e,667ecf2e5002e5c1cb2c4f0f,667ecf2e5002e5c1cb2c4f10,667ecf2e5002e5c1cb2c4f11,,,,,,,,,,,,,,,,,,,1
667e4fe1cb4b99a0554c57b6,Parque Debora Arango,6.171881485000293,6.172028983845326,6.171912282291808,6.171202288792338,6.17203198791819,6.172261493575822,6.171881485000293,,,,,,,,,,,,-75.5904347241682,-75.59128316810228,-75.59133924488584,-75.59032969505897,-75.58984979868302,-75.59022078288477,-75.5904347241682,,,,,,,,,,,,667e4fe1cb4b99a0554c57b7,667e4fe1cb4b99a0554c57b8,667e4fe1cb4b99a0554c57b9,667e4fe1cb4b99a0554c57ba,667e4fe1cb4b99a0554c57bb,667e4fe1cb4b99a0554c57bc,667e4fe1cb4b99a0554c57bd,,,,,,,,,,,,667a50320cc99ae2fa6ed6e0,6.172676630333624,6.1727376871551,6.17274838524462,6.172734409567711,6.1726962394583005,6.172635184064129,6.172553337445452,6.172453506752803,6.172339115947301,6.172222414325481,6.172087179247447,6.171944963549633,6.1718014434687545,6.171662347298628,6.1715332267578535,6.1714192354058035,6.171324922950813,6.170614930238363,6.170541770330746,6.170497104262515,6.170482858859978,6.170499648648049,6.170546749340902,6.170622129086175,6.170722536115025,6.170843639017112,6.171673337581332,6.171798945799521,6.17193311906999,6.172070926102205,6.172207302049583,6.172337234658617,6.172455948485593,6.172559080410299,6.172642839995887,6.1728723459181305,6.172936220316256,6.172972618291382,6.172980057630346,6.1729582353853205,6.172908040210723,6.172831516174653,6.172731779518588,6.172676630333624,,,,,,,,,,,,,,,,,,-75.59080730978805,-75.59115852226266,-75.59129210706485,-75.59142538528094,-75.59155378577151,-75.59167290469391,-75.59177865654567,-75.59186741428879,-75.59193613374894,-75.59199221042151,-75.59204118781841,-75.59206214864686,-75.59205425632265,-75.59201782587384,-75.5919543113635,-75.59186624785077,-75.5917571502071,-75.5907476009394,-75.59061654606198,-75.59047311686665,-75.59032350067326,-75.59017415169619,-75.5900315126227,-75.58990173668835,-75.58979042223837,-75.58970237122476,-75.58922247419137,-75.58916516253026,-75.58913301339595,-75.58912720838977,-75.58914796088452,-75.58919450817942,-75.58926513952895,-75.58935725901583,-75.5894674809579,-75.58983846542172,-75.58996960447149,-75.59011097210983,-75.59025681150771,-75.59040118373314,-75.5905382096016,-75.59066230909339,-75.5907684285875,-75.59080730978805,,,,,,,,,,,,,,,,,,667ecf2e5002e5c1cb2c4f23,667ecf2e5002e5c1cb2c4f24,667ecf2e5002e5c1cb2c4f25,667ecf2e5002e5c1cb2c4f26,667ecf2e5002e5c1cb2c4f27,667ecf2e5002e5c1cb2c4f28,667ecf2e5002e5c1cb2c4f29,667ecf2e5002e5c1cb2c4f2a,667ecf2e5002e5c1cb2c4f2b,667ecf2e5002e5c1cb2c4f2c,667ecf2e5002e5c1cb2c4f2d,667ecf2e5002e5c1cb2c4f2e,667ecf2e5002e5c1cb2c4f2f,667ecf2e5002e5c1cb2c4f30,667ecf2e5002e5c1cb2c4f31,667ecf2e5002e5c1cb2c4f32,667ecf2e5002e5c1cb2c4f33,667ecf2e5002e5c1cb2c4f34,667ecf2e5002e5c1cb2c4f35,667ecf2e5002e5c1cb2c4f36,667ecf2e5002e5c1cb2c4f37,667ecf2e5002e5c1cb2c4f38,667ecf2e5002e5c1cb2c4f39,667ecf2e5002e5c1cb2c4f3a,667ecf2e5002e5c1cb2c4f3b,667ecf2e5002e5c1cb2c4f3c,667ecf2e5002e5c1cb2c4f3d,667ecf2e5002e5c1cb2c4f3e,667ecf2e5002e5c1cb2c4f3f,667ecf2e5002e5c1cb2c4f40,667ecf2e5002e5c1cb2c4f41,667ecf2e5002e5c1cb2c4f42,667ecf2e5002e5c1cb2c4f43,667ecf2e5002e5c1cb2c4f44,667ecf2e5002e5c1cb2c4f45,667ecf2e5002e5c1cb2c4f46,667ecf2e5002e5c1cb2c4f47,667ecf2e5002e5c1cb2c4f48,667ecf2e5002e5c1cb2c4f49,667ecf2e5002e5c1cb2c4f4a,667ecf2e5002e5c1cb2c4f4b,667ecf2e5002e5c1cb2c4f4c,667ecf2e5002e5c1cb2c4f4d,667ecf2e5002e5c1cb2c4f4e,,,,,,,,,,,,,,,,,,1
667e4fedcb4b99a0554c57c6,Biblioteca debora arango,6.172618828787748,6.172034083521281,6.17189055228082,6.172261503845458,6.172618828787748,,,,,,,,,,,,,,-75.59086758788212,-75.59127628543709,-75.59043081964955,-75.59021791251908,-75.59086758788212,,,,,,,,,,,,,,667e4fedcb4b99a0554c57c7,667e4fedcb4b99a0554c57c8,667e4fedcb4b99a0554c57c9,667e4fedcb4b99a0554c57ca,667e4fedcb4b99a0554c57cb,,,,,,,,,,,,,,667a4a4d0cc99ae2fa6ed6bd,6.173248372040061,6.173307106782244,6.173335648185769,6.173332744194648,6.173298522201348,6.173234483458256,6.173143437219905,6.173029377505144,6.172444631785561,6.172318478786008,6.1721808864461325,6.172037389207228,6.171893759021577,6.171755773184408,6.171628981951662,6.171518485290749,6.171428727743961,6.171363319655594,6.171324891953354,6.171181360905005,6.171171522594871,6.171191376874265,6.171240103855728,6.17131569134591,6.171415017938702,6.1715339819132495,6.171904933228222,6.172034821568741,6.1721735680833865,6.172315750919577,6.172455813937868,6.172588283831527,6.172707984009891,6.172810236887392,6.172891046673155,6.173248372040061,,,,,,,,,,,,,,,,,,,,,,,,,,-75.59051728584534,-75.59065686486157,-75.59080568788707,-75.59095722634545,-75.59110483253815,-75.59124203126949,-75.59136280390399,-75.59146185239418,-75.59187054960991,-75.59194099915406,-75.59198471159598,-75.59199992869083,-75.59198603837785,-75.59194359939583,-75.59187431880518,-75.59178098332099,-75.59166734721975,-75.59153798132895,-75.59139808917352,-75.59055262448464,-75.59040590297532,-75.59026021040626,-75.59012156318921,-75.58999568679971,-75.58988777934421,-75.589802296904,-75.58958938947679,-75.58953111921603,-75.58949968703915,-75.58949632125511,-75.58952115341243,-75.58957321315523,-75.58965046613893,-75.58974989352474,-75.58986760994657,-75.59051728584534,,,,,,,,,,,,,,,,,,,,,,,,,,667ecf2e5002e5c1cb2c4f5a,667ecf2e5002e5c1cb2c4f5b,667ecf2e5002e5c1cb2c4f5c,667ecf2e5002e5c1cb2c4f5d,667ecf2e5002e5c1cb2c4f5e,667ecf2e5002e5c1cb2c4f5f,667ecf2e5002e5c1cb2c4f60,667ecf2e5002e5c1cb2c4f61,667ecf2e5002e5c1cb2c4f62,667ecf2e5002e5c1cb2c4f63,667ecf2e5002e5c1cb2c4f64,667ecf2e5002e5c1cb2c4f65,667ecf2e5002e5c1cb2c4f66,667ecf2e5002e5c1cb2c4f67,667ecf2e5002e5c1cb2c4f68,667ecf2e5002e5c1cb2c4f69,667ecf2e5002e5c1cb2c4f6a,667ecf2e5002e5c1cb2c4f6b,667ecf2e5002e5c1cb2c4f6c,667ecf2e5002e5c1cb2c4f6d,667ecf2e5002e5c1cb2c4f6e,667ecf2e5002e5c1cb2c4f6f,667ecf2e5002e5c1cb2c4f70,667ecf2e5002e5c1cb2c4f71,667ecf2e5002e5c1cb2c4f72,667ecf2e5002e5c1cb2c4f73,667ecf2e5002e5c1cb2c4f74,667ecf2e5002e5c1cb2c4f75,667ecf2e5002e5c1cb2c4f76,667ecf2e5002e5c1cb2c4f77,667ecf2e5002e5c1cb2c4f78,667ecf2e5002e5c1cb2c4f79,667ecf2e5002e5c1cb2c4f7a,667ecf2e5002e5c1cb2c4f7b,667ecf2e5002e5c1cb2c4f7c,667ecf2e5002e5c1cb2c4f7d,,,,,,,,,,,,,,,,,,,,,,,,,,1
667e4ff9cb4b99a0554c57d2,Parque de Los Urapanes,6.173295691691858,6.173016999391798,6.172461369314004,6.17265087100956,6.173295691691858,,,,,,,,,,,,,,-75.59101089456833,-75.59122003396311,-75.59028838085491,-75.59017605220295,-75.59101089456833,,,,,,,,,,,,,,667e4ff9cb4b99a0554c57d3,667e4ff9cb4b99a0554c57d4,667e4ff9cb4b99a0554c57d5,667e4ff9cb4b99a0554c57d6,667e4ff9cb4b99a0554c57d7,,,,,,,,,,,,,,667a50320cc99ae2fa6ed6e0,6.1738638404216895,6.173939817589944,6.173990424918338,6.174013669157931,6.174008634797729,6.173975520123951,6.173915629410114,6.173831321545592,6.173725917126055,6.17344722459966,6.173333346994355,6.173208589534946,6.1730772428995815,6.172943824379139,6.172812922517652,6.172689039302608,6.172576435332603,6.172478983287229,6.172400034738597,6.171844405307881,6.171783821477886,6.171749533582893,6.171742872347872,6.171764096297616,6.171812381723405,6.171885854651068,6.171981663569743,6.172096090098937,6.172285591663822,6.172420179825974,6.172564534318656,6.172712543896502,6.172857942571053,6.17299457488145,6.173116656486789,6.173219019047812,6.1738638404216895,,,,,,,,,,,,,,,,,,,,,,,,,-75.59056693072777,-75.59068852669017,-75.59082281961489,-75.59096452016743,-75.59110804724894,-75.59124774781893,-75.59137811955189,-75.59149402755736,-75.59159090662712,-75.59180004588659,-75.59186997726236,-75.59191755567826,-75.59194114482612,-75.59193993344277,-75.59191396320875,-75.59186412731229,-75.59179213972833,-75.59170047626948,-75.59159228943662,-75.59066063702299,-75.59053175499373,-75.59039342752969,-75.59025102316852,-75.59011006867179,-75.589976034532,-75.58985412266334,-75.58974906451537,-75.58966493744482,-75.58955260864731,-75.58949061021622,-75.58945762995009,-75.58945506409192,-75.58948302129258,-75.58954031800674,-75.58962452859438,-75.58973208800745,-75.59056693072777,,,,,,,,,,,,,,,,,,,,,,,,,667ecf2e5002e5c1cb2c4f8a,667ecf2e5002e5c1cb2c4f8b,667ecf2e5002e5c1cb2c4f8c,667ecf2e5002e5c1cb2c4f8d,667ecf2e5002e5c1cb2c4f8e,667ecf2e5002e5c1cb2c4f8f,667ecf2e5002e5c1cb2c4f90,667ecf2e5002e5c1cb2c4f91,667ecf2e5002e5c1cb2c4f92,667ecf2e5002e5c1cb2c4f93,667ecf2e5002e5c1cb2c4f94,667ecf2e5002e5c1cb2c4f95,667ecf2e5002e5c1cb2c4f96,667ecf2e5002e5c1cb2c4f97,667ecf2e5002e5c1cb2c4f98,667ecf2e5002e5c1cb2c4f99,667ecf2e5002e5c1cb2c4f9a,667ecf2e5002e5c1cb2c4f9b,667ecf2e5002e5c1cb2c4f9c,667ecf2e5002e5c1cb2c4f9d,667ecf2e5002e5c1cb2c4f9e,667ecf2e5002e5c1cb2c4f9f,667ecf2e5002e5c1cb2c4fa0,667ecf2e5002e5c1cb2c4fa1,667ecf2e5002e5c1cb2c4fa2,667ecf2e5002e5c1cb2c4fa3,667ecf2e5002e5c1cb2c4fa4,667ecf2e5002e5c1cb2c4fa5,667ecf2e5002e5c1cb2c4fa6,667ecf2e5002e5c1cb2c4fa7,667ecf2e5002e5c1cb2c4fa8,667ecf2e5002e5c1cb2c4fa9,667ecf2e5002e5c1cb2c4faa,667ecf2e5002e5c1cb2c4fab,667ecf2e5002e5c1cb2c4fac,667ecf2e5002e5c1cb2c4fad,667ecf2e5002e5c1cb2c4fae,,,,,,,,,,,,,,,,,,,,,,,,,1
667e5004cb4b99a0554c57de,Jose Manuel Restrepo Velez - JOMAR,6.171504290356856,6.171702829669446,6.171376643000181,6.171111777676193,6.170738408184664,6.170985647172326,6.171340268577071,6.171504290356856,,,,,,,,,,,-75.5909888992025,-75.59126667230102,-75.59147632384685,-75.59126122855763,-75.59070092427942,-75.59051431244309,-75.59111167460442,-75.5909888992025,,,,,,,,,,,667e5004cb4b99a0554c57df,667e5004cb4b99a0554c57e0,667e5004cb4b99a0554c57e1,667e5004cb4b99a0554c57e2,667e5004cb4b99a0554c57e3,667e5004cb4b99a0554c57e4,667e5004cb4b99a0554c57e5,667e5004cb4b99a0554c57e6,,,,,,,,,,,667a4a900cc99ae2fa6ed6c1,6.171810122223723,6.171814575158795,6.171974866492115,6.172116694060921,6.172234493028238,6.172433032614429,6.172523943489108,6.17258107109868,6.172602065021533,6.172586061497024,6.172533718964022,6.17244719097012,6.172330037566195,6.1721870788321125,6.17186089186476,6.171693985825528,6.171513403220581,6.1713269266636095,6.171142592773201,6.1709683458167754,6.170811695336024,6.170546830294422,6.170448278887088,6.170364736174022,6.16999136720884,6.169910356926729,6.169859052355698,6.169839294002147,6.169851790679499,6.169896094080538,6.16997061485978,6.170072679649037,6.170198626960884,6.170445865696699,6.170588401776926,6.170744678487219,6.170909290264701,6.171076543233997,6.171240652156274,6.1713959405392425,6.171537036986373,6.171659060993527,6.171757791766185,6.171810122223723,,,,,,,,,,,,,,,,,,-75.59013872284795,-75.59013988109434,-75.59021805348125,-75.59032647125068,-75.59046088047614,-75.59073865375959,-75.59089772415687,-75.59107197431682,-75.59125423500662,-75.5914370074086,-75.5916127716512,-75.5917742962063,-75.59191493542231,-75.59202890295067,-75.59223855421887,-75.5923226983526,-75.5923703660542,-75.59237950301458,-75.59234971549658,-75.59228228729707,-75.5921801244123,-75.59196502900063,-75.59187184681898,-75.59176485217009,-75.59120454832691,-75.59105383660788,-75.5908904644674,-75.59072029274024,-75.59054942618673,-75.59038399449317,-75.59022993237787,-75.59009276669123,-75.58997741814653,-75.58979080616275,-75.58970278123999,-75.58964282691726,-75.5896130170214,-75.58961438269664,-75.58964687673374,-75.58970937519905,-75.58979971630731,-75.58991477519442,-75.59005057200395,-75.59013872284795,,,,,,,,,,,,,,,,,,667ecf2e5002e5c1cb2c4fc0,667ecf2e5002e5c1cb2c4fc1,667ecf2e5002e5c1cb2c4fc2,667ecf2e5002e5c1cb2c4fc3,667ecf2e5002e5c1cb2c4fc4,667ecf2e5002e5c1cb2c4fc5,667ecf2e5002e5c1cb2c4fc6,667ecf2e5002e5c1cb2c4fc7,667ecf2e5002e5c1cb2c4fc8,667ecf2e5002e5c1cb2c4fc9,667ecf2e5002e5c1cb2c4fca,667ecf2e5002e5c1cb2c4fcb,667ecf2e5002e5c1cb2c4fcc,667ecf2e5002e5c1cb2c4fcd,667ecf2e5002e5c1cb2c4fce,667ecf2e5002e5c1cb2c4fcf,667ecf2e5002e5c1cb2c4fd0,667ecf2e5002e5c1cb2c4fd1,667ecf2e5002e5c1cb2c4fd2,667ecf2e5002e5c1cb2c4fd3,667ecf2e5002e5c1cb2c4fd4,667ecf2e5002e5c1cb2c4fd5,667ecf2e5002e5c1cb2c4fd6,667ecf2e5002e5c1cb2c4fd7,667ecf2e5002e5c1cb2c4fd8,667ecf2e5002e5c1cb2c4fd9,667ecf2e5002e5c1cb2c4fda,667ecf2e5002e5c1cb2c4fdb,667ecf2e5002e5c1cb2c4fdc,667ecf2e5002e5c1cb2c4fdd,667ecf2e5002e5c1cb2c4fde,667ecf2e5002e5c1cb2c4fdf,667ecf2e5002e5c1cb2c4fe0,667ecf2e5002e5c1cb2c4fe1,667ecf2e5002e5c1cb2c4fe2,667ecf2e5002e5c1cb2c4fe3,667ecf2e5002e5c1cb2c4fe4,667ecf2e5002e5c1cb2c4fe5,667ecf2e5002e5c1cb2c4fe6,667ecf2e5002e5c1cb2c4fe7,667ecf2e5002e5c1cb2c4fe8,667ecf2e5002e5c1cb2c4fe9,667ecf2e5002e5c1cb2c4fea,667ecf2e5002e5c1cb2c4feb,,,,,,,,,,,,,,,,,,1
667e5013cb4b99a0554c57f0,Pista de Patinaje Los Almendros,6.169678043326282,6.169449726265105,6.168577577112094,6.168439078737824,6.168604419862086,6.169465189086314,6.169648154587048,6.169694282040696,6.169678043326282,,,,,,,,,,-75.59568906458749,-75.59591572036462,-75.59591649041366,-75.59548309952235,-75.59527343647677,-75.59527887838564,-75.5954494100192,-75.59556787980621,-75.59568906458749,,,,,,,,,,667e5013cb4b99a0554c57f1,667e5013cb4b99a0554c57f2,667e5013cb4b99a0554c57f3,667e5013cb4b99a0554c57f4,667e5013cb4b99a0554c57f5,667e5013cb4b99a0554c57f6,667e5013cb4b99a0554c57f7,667e5013cb4b99a0554c57f8,667e5013cb4b99a0554c57f9,,,,,,,,,,667a4aaf0cc99ae2fa6ed6c3,6.170569304891554,6.1705218180538814,6.170433904452378,6.170309776198293,6.170081458865004,6.169945843372074,6.16979152043766,6.169624309241018,6.169450514943834,6.168578365789585,6.1683907773817905,6.168211405402024,6.168048139527476,6.167908161001383,6.167797626768639,6.167721398665736,6.167582900515146,6.167545666041448,6.167542753103341,6.167574273604508,6.167639016650499,6.167734495065885,6.167899835970389,6.16801215382854,6.16814388615392,6.168290714774909,6.168447826661168,6.168610071693376,6.1694708409267225,6.169636401317876,6.1697961020362895,6.169944477357329,6.170076449161409,6.170259414873137,6.170391226470942,6.1704855478132155,6.1705316753397375,6.170574919788108,6.170593048229083,6.1705855436332735,6.170569304891554,,,,,,,,,,,,,,,,,,,,,-75.59580988918755,-75.59600203884182,-75.59617919328853,-75.5963328647238,-75.59655952049374,-75.59667018689345,-75.59675240400344,-75.59680307162279,-75.5968202792188,-75.59682104777959,-75.59680131956864,-75.59674267212459,-75.59664768509313,-75.59652053650636,-75.59636681900815,-75.59619329386068,-75.595759903597,-75.59558661068925,-75.59540934128736,-75.59523490538831,-75.5950700041386,-75.59492097240597,-75.59471130946375,-75.59459274007743,-75.59449648383853,-75.59442569603387,-75.5943826971039,-75.59436889657628,-75.59437433701639,-75.59439086289962,-75.5944377809188,-75.59451348534071,-75.5946153852175,-75.59478591681867,-75.59493988046566,-75.59511955152023,-75.5952380214657,-75.59538445973077,-75.59553612919933,-75.5956887042062,-75.59580988918755,,,,,,,,,,,,,,,,,,,,,667ecf2e5002e5c1cb2c5000,667ecf2e5002e5c1cb2c5001,667ecf2e5002e5c1cb2c5002,667ecf2e5002e5c1cb2c5003,667ecf2e5002e5c1cb2c5004,667ecf2e5002e5c1cb2c5005,667ecf2e5002e5c1cb2c5006,667ecf2e5002e5c1cb2c5007,667ecf2e5002e5c1cb2c5008,667ecf2e5002e5c1cb2c5009,667ecf2e5002e5c1cb2c500a,667ecf2e5002e5c1cb2c500b,667ecf2e5002e5c1cb2c500c,667ecf2e5002e5c1cb2c500d,667ecf2e5002e5c1cb2c500e,667ecf2e5002e5c1cb2c500f,667ecf2e5002e5c1cb2c5010,667ecf2e5002e5c1cb2c5011,667ecf2e5002e5c1cb2c5012,667ecf2e5002e5c1cb2c5013,667ecf2e5002e5c1cb2c5014,667ecf2e5002e5c1cb2c5015,667ecf2e5002e5c1cb2c5016,667ecf2e5002e5c1cb2c5017,667ecf2e5002e5c1cb2c5018,667ecf2e5002e5c1cb2c5019,667ecf2e5002e5c1cb2c501a,667ecf2e5002e5c1cb2c501b,667ecf2e5002e5c1cb2c501c,667ecf2e5002e5c1cb2c501d,667ecf2e5002e5c1cb2c501e,667ecf2e5002e5c1cb2c501f,667ecf2e5002e5c1cb2c5020,667ecf2e5002e5c1cb2c5021,667ecf2e5002e5c1cb2c5022,667ecf2e5002e5c1cb2c5023,667ecf2e5002e5c1cb2c5024,667ecf2e5002e5c1cb2c5025,667ecf2e5002e5c1cb2c5026,667ecf2e5002e5c1cb2c5027,667ecf2e5002e5c1cb2c5028,,,,,,,,,,,,,,,,,,,,,1
667e5025cb4b99a0554c5804,Pista de Skate,6.169217323203607,6.169147061172859,6.169075632415303,6.169062501109898,6.169559011066072,6.169217323203607,,,,,,,,,,,,,-75.59633515109188,-75.59635424644418,-75.59634275411527,-75.59597602301854,-75.59596223915707,-75.59633515109188,,,,,,,,,,,,,667e5025cb4b99a0554c5805,667e5025cb4b99a0554c5806,667e5025cb4b99a0554c5807,667e5025cb4b99a0554c5808,667e5025cb4b99a0554c5809,667e5025cb4b99a0554c580a,,,,,,,,,,,,,667a4aaf0cc99ae2fa6ed6c3,6.1698786306003335,6.169753488058093,6.169609566256324,6.169451906091664,6.169381644029825,6.16919437925968,6.169005010576003,6.168933581837594,6.168762856259888,6.16860418075931,6.168463668477467,6.168346732794214,6.16825787877351,6.1682005296032605,6.168176894715341,6.168163763432199,6.168174869035031,6.168220450658678,6.168298737898448,6.168406690052126,6.168540114220266,6.168693828157975,6.168861861553287,6.169037687914804,6.169534197847708,6.16970908276392,6.169878264668115,6.170035314286015,6.170174263390746,6.170289831609902,6.170377627093176,6.17043431341432,6.170457736364495,6.17044700581824,6.170402529560772,6.170325997790979,6.170220318889102,6.1698786306003335,,,,,,,,,,,,,,,,,,,,,,,,-75.59694816823782,-75.59706137121432,-75.59714913814153,-75.59720839498287,-75.59722749022785,-75.5972575522211,-75.59724744971092,-75.59723595726473,-75.59719084249187,-75.59711305420217,-75.59700558929947,-75.59687258800112,-75.59671917432992,-75.59655125870601,-75.59637531024374,-75.59600857976795,-75.59583066002696,-75.59565838622987,-75.59549844954772,-75.59535706198078,-75.59523971508449,-75.59515096667604,-75.59509426380586,-75.59507180886959,-75.5950580241618,-75.59507036291413,-75.59511659485555,-75.59519496310462,-75.5953024895244,-75.5954350878949,-75.59558771919659,-75.5957545831044,-75.59592933841468,-75.59610534402819,-75.59627591133062,-75.59643455837887,-75.59657525623294,-75.59694816823782,,,,,,,,,,,,,,,,,,,,,,,,667ecf2e5002e5c1cb2c5038,667ecf2e5002e5c1cb2c5039,667ecf2e5002e5c1cb2c503a,667ecf2e5002e5c1cb2c503b,667ecf2e5002e5c1cb2c503c,667ecf2e5002e5c1cb2c503d,667ecf2e5002e5c1cb2c503e,667ecf2e5002e5c1cb2c503f,667ecf2e5002e5c1cb2c5040,667ecf2e5002e5c1cb2c5041,667ecf2e5002e5c1cb2c5042,667ecf2e5002e5c1cb2c5043,667ecf2e5002e5c1cb2c5044,667ecf2e5002e5c1cb2c5045,667ecf2e5002e5c1cb2c5046,667ecf2e5002e5c1cb2c5047,667ecf2e5002e5c1cb2c5048,667ecf2e5002e5c1cb2c5049,667ecf2e5002e5c1cb2c504a,667ecf2e5002e5c1cb2c504b,667ecf2e5002e5c1cb2c504c,667ecf2e5002e5c1cb2c504d,667ecf2e5002e5c1cb2c504e,667ecf2e5002e5c1cb2c504f,667ecf2e5002e5c1cb2c5050,667ecf2e5002e5c1cb2c5051,667ecf2e5002e5c1cb2c5052,667ecf2e5002e5c1cb2c5053,667ecf2e5002e5c1cb2c5054,667ecf2e5002e5c1cb2c5055,667ecf2e5002e5c1cb2c5056,667ecf2e5002e5c1cb2c5057,667ecf2e5002e5c1cb2c5058,667ecf2e5002e5c1cb2c5059,667ecf2e5002e5c1cb2c505a,667ecf2e5002e5c1cb2c505b,667ecf2e5002e5c1cb2c505c,667ecf2e5002e5c1cb2c505d,,,,,,,,,,,,,,,,,,,,,,,,1
667e5036cb4b99a0554c5812,Clinica de la Policia,6.162761605749888,6.16157243772312,6.162195080406693,6.162265427652157,6.162761605749888,,,,,,,,,,,,,,-75.5996000078455,-75.59900648833495,-75.59792735011044,-75.59794452070841,-75.5996000078455,,,,,,,,,,,,,,667e5036cb4b99a0554c5813,667e5036cb4b99a0554c5814,667e5036cb4b99a0554c5815,667e5036cb4b99a0554c5816,667e5036cb4b99a0554c5817,,,,,,,,,,,,,,667a50a30cc99ae2fa6ed6e3,6.163450442897314,6.163477531441693,6.163477846879095,6.16345137741324,6.163399112911774,6.163323007888173,6.163225908408827,6.163111445658877,6.162983900147282,6.162848041629585,6.162708950734917,6.162571828967902,6.162441804190853,6.161252636880751,6.161128421958799,6.161022711529147,6.16093991109468,6.16088347137793,6.160855744513011,6.160857886021132,6.160889806654629,6.16095017611634,6.161572818069864,6.161649061127604,6.161743596642412,6.161853257540871,6.161974370025722,6.162102876652537,6.162234472259375,6.162364748195687,6.162435095463636,6.162575808945065,6.162703144270123,6.1628116129747,6.162896539789124,6.162954264155493,6.163450442897314,,,,,,,,,,,,,,,,,,,,,,,,,-75.59939114534629,-75.59952840581543,-75.59966834395622,-75.59980572655961,-75.59993541598605,-75.60005256229782,-75.60015278463162,-75.60023233502854,-75.60028823859444,-75.60031840474927,-75.60032170540525,-75.6002980171505,-75.60024822586111,-75.59965470525576,-75.59957587571203,-75.59947331683072,-75.59935130278603,-75.59921491854232,-75.59906984793815,-75.59892213681334,-75.59877794105046,-75.59864327003062,-75.5975641326453,-75.59745614045778,-75.59736393445577,-75.59729060367982,-75.5972386048284,-75.59720967995366,-75.59720479809862,-75.59722412283045,-75.5972412933407,-75.59729168688158,-75.59737021914793,-75.59747350522572,-75.5975970932429,-75.59773565625548,-75.59939114534629,,,,,,,,,,,,,,,,,,,,,,,,,667ecf2e5002e5c1cb2c506b,667ecf2e5002e5c1cb2c506c,667ecf2e5002e5c1cb2c506d,667ecf2e5002e5c1cb2c506e,667ecf2e5002e5c1cb2c506f,667ecf2e5002e5c1cb2c5070,667ecf2e5002e5c1cb2c5071,667ecf2e5002e5c1cb2c5072,667ecf2e5002e5c1cb2c5073,667ecf2e5002e5c1cb2c5074,667ecf2e5002e5c1cb2c5075,667ecf2e5002e5c1cb2c5076,667ecf2e5002e5c1cb2c5077,667ecf2e5002e5c1cb2c5078,667ecf2e5002e5c1cb2c5079,667ecf2e5002e5c1cb2c507a,667ecf2e5002e5c1cb2c507b,667ecf2e5002e5c1cb2c507c,667ecf2e5002e5c1cb2c507d,667ecf2e5002e5c1cb2c507e,667ecf2e5002e5c1cb2c507f,667ecf2e5002e5c1cb2c5080,667ecf2e5002e5c1cb2c5081,667ecf2e5002e5c1cb2c5082,667ecf2e5002e5c1cb2c5083,667ecf2e5002e5c1cb2c5084,667ecf2e5002e5c1cb2c5085,667ecf2e5002e5c1cb2c5086,667ecf2e5002e5c1cb2c5087,667ecf2e5002e5c1cb2c5088,667ecf2e5002e5c1cb2c5089,667ecf2e5002e5c1cb2c508a,667ecf2e5002e5c1cb2c508b,667ecf2e5002e5c1cb2c508c,667ecf2e5002e5c1cb2c508d,667ecf2e5002e5c1cb2c508e,667ecf2e5002e5c1cb2c508f,,,,,,,,,,,,,,,,,,,,,,,,,1
667e5053cb4b99a0554c581e,Polideportivo de Envigado,6.163338550926175,6.163957360425148,6.16512477906608,6.165494628166178,6.166163596662775,6.163730975399248,6.163275951527221,6.162871287948287,6.163318789809825,6.163338550926175,,,,,,,,,-75.59841192311211,-75.5982781169819,-75.59848202558013,-75.598245592529,-75.59927623215465,-75.60172775570827,-75.60092752273599,-75.59973538562643,-75.5986331193554,-75.59841192311211,,,,,,,,,667e5053cb4b99a0554c581f,667e5053cb4b99a0554c5820,667e5053cb4b99a0554c5821,667e5053cb4b99a0554c5822,667e5053cb4b99a0554c5823,667e5053cb4b99a0554c5824,667e5053cb4b99a0554c5825,667e5053cb4b99a0554c5826,667e5053cb4b99a0554c5827,667e5053cb4b99a0554c5828,,,,,,,,,667a4aaf0cc99ae2fa6ed6c3,6.162442839372314,6.162479713186165,6.162554887051122,6.162665008582964,6.16280516690107,6.162969111627014,6.163149531618221,6.163768340896604,6.163939456579075,6.164111229246772,6.164935942947798,6.165012232378575,6.165168293599569,6.16533670199153,6.165511085684177,6.165684846720499,6.1658514106958275,6.166004475506762,6.1661382497982125,6.166247672086485,6.166916641532879,6.166997525692648,6.167046901215711,6.167062902522863,6.167044925028892,6.166993647986239,6.1669110088201045,6.166800129924737,6.164367505742119,6.164225465015876,6.164062880210824,6.163886506096062,6.163703670326185,6.163521969004677,6.163348951095499,6.163191804794418,6.163057058889938,6.162950311520797,6.162495288318278,6.162424867370554,6.162020204440739,6.161982044092231,6.161972354508217,6.161991445917364,6.162038707075415,6.162435162717852,6.162442839372314,,,,,,,,,,,,,,,-75.59833096967748,-75.59814358614858,-75.59796816912447,-75.59781254134731,-75.59768364306748,-75.59758722254368,-75.59752757969696,-75.59739377258298,-75.59737374643532,-75.59738690495782,-75.5975309531005,-75.59748218349289,-75.59740269412437,-75.59735509649653,-75.5973411915357,-75.59736150538106,-75.59741526947292,-75.59750044962685,-75.59761382299487,-75.59775110000206,-75.59878174046717,-75.59893761352758,-75.59910628077711,-75.59928136938238,-75.59945626388526,-75.59962435616158,-75.59977929510275,-75.59991522658575,-75.6023667501505,-75.60248329423868,-75.60256844861226,-75.60261867546679,-75.60263188810832,-75.60260753764183,-75.60254663576949,-75.60245171275227,-75.60232671228289,-75.6021768276379,-75.60137659545806,-75.60121978514013,-75.60002764971995,-75.5998704137107,-75.59970885454537,-75.59954814481813,-75.59939342992736,-75.59841689850624,-75.59833096967748,,,,,,,,,,,,,,,667ecf2e5002e5c1cb2c50a5,667ecf2e5002e5c1cb2c50a6,667ecf2e5002e5c1cb2c50a7,667ecf2e5002e5c1cb2c50a8,667ecf2e5002e5c1cb2c50a9,667ecf2e5002e5c1cb2c50aa,667ecf2e5002e5c1cb2c50ab,667ecf2e5002e5c1cb2c50ac,667ecf2e5002e5c1cb2c50ad,667ecf2e5002e5c1cb2c50ae,667ecf2e5002e5c1cb2c50af,667ecf2e5002e5c1cb2c50b0,667ecf2e5002e5c1cb2c50b1,667ecf2e5002e5c1cb2c50b2,667ecf2e5002e5c1cb2c50b3,667ecf2e5002e5c1cb2c50b4,667ecf2e5002e5c1cb2c50b5,667ecf2e5002e5c1cb2c50b6,667ecf2e5002e5c1cb2c50b7,667ecf2e5002e5c1cb2c50b8,667ecf2e5002e5c1cb2c50b9,667ecf2e5002e5c1cb2c50ba,667ecf2e5002e5c1cb2c50bb,667ecf2e5002e5c1cb2c50bc,667ecf2e5002e5c1cb2c50bd,667ecf2e5002e5c1cb2c50be,667ecf2e5002e5c1cb2c50bf,667ecf2e5002e5c1cb2c50c0,667ecf2e5002e5c1cb2c50c1,667ecf2e5002e5c1cb2c50c2,667ecf2e5002e5c1cb2c50c3,667ecf2e5002e5c1cb2c50c4,667ecf2e5002e5c1cb2c50c5,667ecf2e5002e5c1cb2c50c6,667ecf2e5002e5c1cb2c50c7,667ecf2e5002e5c1cb2c50c8,667ecf2e5002e5c1cb2c50c9,667ecf2e5002e5c1cb2c50ca,667ecf2e5002e5c1cb2c50cb,667ecf2e5002e5c1cb2c50cc,667ecf2e5002e5c1cb2c50cd,667ecf2e5002e5c1cb2c50ce,667ecf2e5002e5c1cb2c50cf,667ecf2e5002e5c1cb2c50d0,667ecf2e5002e5c1cb2c50d1,667ecf2e5002e5c1cb2c50d2,667ecf2e5002e5c1cb2c50d3,,,,,,,,,,,,,,,1
667e5114cb4b99a0554c5c44,Centro Oncologico de Antioquia,6.165864358352752,6.166195274088145,6.16588396598118,6.165610504641018,6.165864358352752,,,,,,,,,,,,,,-75.6000149415777,-75.60077974838161,-75.60091299845259,-75.60023315078094,-75.6000149415777,,,,,,,,,,,,,,667e5114cb4b99a0554c5c45,667e5114cb4b99a0554c5c46,667e5114cb4b99a0554c5c47,667e5114cb4b99a0554c5c48,667e5114cb4b99a0554c5c49,,,,,,,,,,,,,,667a50a30cc99ae2fa6ed6e3,6.165396939828456,6.165506613397735,6.165628727137306,6.16575903469049,6.165893004767519,6.16602597871528,6.166153332516445,6.166270637584643,6.166373814764205,6.166459276179136,6.16652404999864,6.166854966145668,6.166898454943739,6.166914641231223,6.166902896538972,6.16686367688118,6.166798505049391,6.166709911486023,6.166601336033229,6.166476994372144,6.166165686099824,6.166029546424102,6.165887684419064,6.165745676271802,6.165609103909406,6.165483335589911,6.165373314892564,6.165283366401502,6.16521702572056,6.164943564724265,6.164902217470777,6.16489140701983,6.164911599447518,6.164961924188107,6.165040211566702,6.165143086340449,6.165396939828456,,,,,,,,,,,,,,,,,,,,,,,,,-75.59946482503027,-75.59938710159648,-75.59933121052649,-75.59929909537978,-75.59929187294004,-75.59930979437792,-75.5993522365143,-75.5994177234882,-75.59950397807596,-75.59960800087771,-75.5997261746176,-75.60049098219267,-75.60062669829837,-75.60076835691875,-75.60091045783842,-75.60104748366848,-75.60117411407415,-75.60128543235086,-75.60137711632753,-75.60144560618481,-75.6015788559357,-75.60162167156567,-75.60163663128434,-75.60162314709055,-75.60158174903106,-75.60151406436252,-75.60142275358584,-75.60131140586759,-75.60118439795966,-75.60050455100297,-75.60036016540185,-75.60021030375897,-75.60006142713056,-75.59991995410596,-75.59979198408307,-75.59968303430448,-75.59946482503027,,,,,,,,,,,,,,,,,,,,,,,,,667ecf2e5002e5c1cb2c50e0,667ecf2e5002e5c1cb2c50e1,667ecf2e5002e5c1cb2c50e2,667ecf2e5002e5c1cb2c50e3,667ecf2e5002e5c1cb2c50e4,667ecf2e5002e5c1cb2c50e5,667ecf2e5002e5c1cb2c50e6,667ecf2e5002e5c1cb2c50e7,667ecf2e5002e5c1cb2c50e8,667ecf2e5002e5c1cb2c50e9,667ecf2e5002e5c1cb2c50ea,667ecf2e5002e5c1cb2c50eb,667ecf2e5002e5c1cb2c50ec,667ecf2e5002e5c1cb2c50ed,667ecf2e5002e5c1cb2c50ee,667ecf2e5002e5c1cb2c50ef,667ecf2e5002e5c1cb2c50f0,667ecf2e5002e5c1cb2c50f1,667ecf2e5002e5c1cb2c50f2,667ecf2e5002e5c1cb2c50f3,667ecf2e5002e5c1cb2c50f4,667ecf2e5002e5c1cb2c50f5,667ecf2e5002e5c1cb2c50f6,667ecf2e5002e5c1cb2c50f7,667ecf2e5002e5c1cb2c50f8,667ecf2e5002e5c1cb2c50f9,667ecf2e5002e5c1cb2c50fa,667ecf2e5002e5c1cb2c50fb,667ecf2e5002e5c1cb2c50fc,667ecf2e5002e5c1cb2c50fd,667ecf2e5002e5c1cb2c50fe,667ecf2e5002e5c1cb2c50ff,667ecf2e5002e5c1cb2c5100,667ecf2e5002e5c1cb2c5101,667ecf2e5002e5c1cb2c5102,667ecf2e5002e5c1cb2c5103,667ecf2e5002e5c1cb2c5104,,,,,,,,,,,,,,,,,,,,,,,,,1
667e511fcb4b99a0554c5c50,Cosmos Schools Envigado,6.168894676227767,6.168842893452703,6.168950825897538,6.169005421604505,6.168894676227767,,,,,,,,,,,,,,-75.59026227483305,-75.58988261974753,-75.58982621071796,-75.59021810005085,-75.59026227483305,,,,,,,,,,,,,,667e511fcb4b99a0554c5c51,667e511fcb4b99a0554c5c52,667e511fcb4b99a0554c5c53,667e511fcb4b99a0554c5c54,667e511fcb4b99a0554c5c55,,,,,,,,,,,,,,667a4a900cc99ae2fa6ed6c1,6.169226205835718,6.1690523319614785,6.168872089006808,6.168692758579666,6.168521585415682,6.168365484700004,6.168230762703662,6.168122862020102,6.168046141693669,6.168003701122081,6.167951918434047,6.167945670880598,6.167976870948146,6.168044216435269,6.168144896533527,6.168274709140972,6.168428236243809,6.168536168604211,6.168695273769426,6.168863681076592,6.169035260489869,6.169203766502637,6.169363065474508,6.16950735889724,6.169631394462547,6.169730657248647,6.1698015340661065,6.169841444980384,6.169896040779086,6.169903566535927,6.169878647123479,6.169822182749687,6.169736213176386,6.169623844032356,6.169489134621854,6.169336951281716,6.169226205835718,,,,,,,,,,,,,,,,,,,,,,,,,-75.59110312568404,-75.59115282531951,-75.59116654772195,-75.59114373855863,-75.59108531932867,-75.59099365012995,-75.59087243430926,-75.5907265688485,-75.59056194653166,-75.59038521788494,-75.5900055634255,-75.58982087192078,-75.5896387575932,-75.58946682137409,-75.58931223939572,-75.58918146348334,-75.58907995187556,-75.5890235427267,-75.58895894167341,-75.58892590924924,-75.58892564786667,-75.5889581670715,-75.5890222831908,-75.58911566241463,-75.58923490574355,-75.58937567271069,-75.58953283937488,-75.58970068483416,-75.59009257481257,-75.59026433300453,-75.59043442104172,-75.59059669453426,-75.59074529139491,-75.59087484360808,-75.59098067114931,-75.5910589510499,-75.59110312568404,,,,,,,,,,,,,,,,,,,,,,,,,667ecf2e5002e5c1cb2c5110,667ecf2e5002e5c1cb2c5111,667ecf2e5002e5c1cb2c5112,667ecf2e5002e5c1cb2c5113,667ecf2e5002e5c1cb2c5114,667ecf2e5002e5c1cb2c5115,667ecf2e5002e5c1cb2c5116,667ecf2e5002e5c1cb2c5117,667ecf2e5002e5c1cb2c5118,667ecf2e5002e5c1cb2c5119,667ecf2e5002e5c1cb2c511a,667ecf2e5002e5c1cb2c511b,667ecf2e5002e5c1cb2c511c,667ecf2e5002e5c1cb2c511d,667ecf2e5002e5c1cb2c511e,667ecf2e5002e5c1cb2c511f,667ecf2e5002e5c1cb2c5120,667ecf2e5002e5c1cb2c5121,667ecf2e5002e5c1cb2c5122,667ecf2e5002e5c1cb2c5123,667ecf2e5002e5c1cb2c5124,667ecf2e5002e5c1cb2c5125,667ecf2e5002e5c1cb2c5126,667ecf2e5002e5c1cb2c5127,667ecf2e5002e5c1cb2c5128,667ecf2e5002e5c1cb2c5129,667ecf2e5002e5c1cb2c512a,667ecf2e5002e5c1cb2c512b,667ecf2e5002e5c1cb2c512c,667ecf2e5002e5c1cb2c512d,667ecf2e5002e5c1cb2c512e,667ecf2e5002e5c1cb2c512f,667ecf2e5002e5c1cb2c5130,667ecf2e5002e5c1cb2c5131,667ecf2e5002e5c1cb2c5132,667ecf2e5002e5c1cb2c5133,667ecf2e5002e5c1cb2c5134,,,,,,,,,,,,,,,,,,,,,,,,,1
667e512ccb4b99a0554c5c5c,Institucion Educativa Alejandro Velez,6.170378044229401,6.170091075746498,6.169816492078732,6.170115872646204,6.170378044229401,,,,,,,,,,,,,,-75.59246660484152,-75.59276284894236,-75.5924995613362,-75.59218969538762,-75.59246660484152,,,,,,,,,,,,,,667e512ccb4b99a0554c5c5d,667e512ccb4b99a0554c5c5e,667e512ccb4b99a0554c5c5f,667e512ccb4b99a0554c5c60,667e512ccb4b99a0554c5c61,,,,,,,,,,,,,,667a4a900cc99ae2fa6ed6c1,6.171029304290072,6.171135524059544,6.171214000856807,6.171261860431272,6.171277349902301,6.171259901960233,6.17121015564471,6.171129932939169,6.171022172038855,6.170735203207175,6.170601397955039,6.170448251697264,6.1702815686294885,6.1701076659825995,6.169933134600777,6.169764589150571,6.169608417428102,6.1694705382654496,6.169195954919171,6.169080268162469,6.168993219626054,6.168938195381531,6.168917335797543,6.168931452283509,6.1689799957273515,6.169061077854908,6.169171544680184,6.169470924883351,6.169609182439424,6.16976788074363,6.169940617651063,6.170120424670522,6.1703000480837185,6.17047224157207,6.170630058546167,6.170767132384709,6.171029304290072,,,,,,,,,,,,,,,,,,,,,,,,,-75.5918427990835,-75.59197901024311,-75.59213307978636,-75.5922993648485,-75.5924717751591,-75.59264399610419,-75.59280972000556,-75.59296287714591,-75.59309785807805,-75.59339410219712,-75.59350766936683,-75.59359300806153,-75.59364688399674,-75.59366725532333,-75.59365335000868,-75.59360569509163,-75.5935260967028,-75.59341757160894,-75.59315428397186,-75.59301904987589,-75.59286360836585,-75.59269400591684,-75.59251683983798,-75.59233900164897,-75.59216740901329,-75.59200873665448,-75.59186915672173,-75.59155929079414,-75.59144237122152,-75.59135559989471,-75.5913024773369,-75.59128514663301,-75.59130430696915,-75.59135918542049,-75.59144756812667,-75.59156588959792,-75.5918427990835,,,,,,,,,,,,,,,,,,,,,,,,,667ecf2e5002e5c1cb2c5141,667ecf2e5002e5c1cb2c5142,667ecf2e5002e5c1cb2c5143,667ecf2e5002e5c1cb2c5144,667ecf2e5002e5c1cb2c5145,667ecf2e5002e5c1cb2c5146,667ecf2e5002e5c1cb2c5147,667ecf2e5002e5c1cb2c5148,667ecf2e5002e5c1cb2c5149,667ecf2e5002e5c1cb2c514a,667ecf2e5002e5c1cb2c514b,667ecf2e5002e5c1cb2c514c,667ecf2e5002e5c1cb2c514d,667ecf2e5002e5c1cb2c514e,667ecf2e5002e5c1cb2c514f,667ecf2e5002e5c1cb2c5150,667ecf2e5002e5c1cb2c5151,667ecf2e5002e5c1cb2c5152,667ecf2e5002e5c1cb2c5153,667ecf2e5002e5c1cb2c5154,667ecf2e5002e5c1cb2c5155,667ecf2e5002e5c1cb2c5156,667ecf2e5002e5c1cb2c5157,667ecf2e5002e5c1cb2c5158,667ecf2e5002e5c1cb2c5159,667ecf2e5002e5c1cb2c515a,667ecf2e5002e5c1cb2c515b,667ecf2e5002e5c1cb2c515c,667ecf2e5002e5c1cb2c515d,667ecf2e5002e5c1cb2c515e,667ecf2e5002e5c1cb2c515f,667ecf2e5002e5c1cb2c5160,667ecf2e5002e5c1cb2c5161,667ecf2e5002e5c1cb2c5162,667ecf2e5002e5c1cb2c5163,667ecf2e5002e5c1cb2c5164,667ecf2e5002e5c1cb2c5165,,,,,,,,,,,,,,,,,,,,,,,,,1
667e5137cb4b99a0554c5c68,Liceo Francisco Restrepo Molina,6.170961190471147,6.170693078215423,6.170857896607198,6.170566880187915,6.170221652418892,6.170784118068104,6.170961190471147,,,,,,,,,,,,-75.58507897196301,-75.58525843605152,-75.58549630062707,-75.58568734425093,-75.5851751802893,-75.58475222352007,-75.58507897196301,,,,,,,,,,,,667e5137cb4b99a0554c5c69,667e5137cb4b99a0554c5c6a,667e5137cb4b99a0554c5c6b,667e5137cb4b99a0554c5c6c,667e5137cb4b99a0554c5c6d,667e5137cb4b99a0554c5c6e,667e5137cb4b99a0554c5c6f,,,,,,,,,,,,667a4a900cc99ae2fa6ed6c1,6.171756700139914,6.1717407022574005,6.171688969551814,6.171604054077293,6.171489346317189,6.171349426291049,6.171058409601852,6.170903870202831,6.1707366673343405,6.1705630841918335,6.170389643724243,6.170222863512715,6.170069010851974,6.169933867237895,6.169822511111196,6.169477283827054,6.169395162782392,6.16934296900622,6.169322592433795,6.169334770900111,6.169379063423326,6.16945386617246,6.169556470541225,6.16968316122532,6.170245626303001,6.170391681583642,6.170551922416913,6.1707205565305685,6.170891488252393,6.171058538851917,6.171215669885284,6.1713572014699585,6.171478017599061,6.171573751073547,6.17175082374045,6.171816615618499,6.171853108736323,6.171859053181267,6.17183424535226,6.17177953493339,6.171756700139914,,,,,,,,,,,,,,,,,,,,,-75.58549418120066,-75.58566885612888,-75.58584195303959,-75.58600124882594,-75.58614038317454,-75.58625380078252,-75.58644484416757,-75.58652599886514,-75.58657563835384,-75.58659189729762,-75.58657416474671,-75.58652310709111,-75.58644064301414,-75.5863298713876,-75.58619495481894,-75.585682791246,-75.58553177646064,-75.58536784933547,-75.58519694567025,-75.58502525388137,-75.58485899092271,-75.5847041771733,-75.58456641844231,-75.58445070298477,-75.58402774587644,-75.58393832899536,-75.58387833218444,-75.58384992419329,-75.58385413192507,-75.58389080331249,-75.58395861281019,-75.5840551093056,-75.5841768047171,-75.58431930007738,-75.58464604886254,-75.58479982055387,-75.58496315335873,-75.58513045302536,-75.5852959894324,-75.58545409285216,-75.58549418120066,,,,,,,,,,,,,,,,,,,,,667ecf2e5002e5c1cb2c5177,667ecf2e5002e5c1cb2c5178,667ecf2e5002e5c1cb2c5179,667ecf2e5002e5c1cb2c517a,667ecf2e5002e5c1cb2c517b,667ecf2e5002e5c1cb2c517c,667ecf2e5002e5c1cb2c517d,667ecf2e5002e5c1cb2c517e,667ecf2e5002e5c1cb2c517f,667ecf2e5002e5c1cb2c5180,667ecf2e5002e5c1cb2c5181,667ecf2e5002e5c1cb2c5182,667ecf2e5002e5c1cb2c5183,667ecf2e5002e5c1cb2c5184,667ecf2e5002e5c1cb2c5185,667ecf2e5002e5c1cb2c5186,667ecf2e5002e5c1cb2c5187,667ecf2e5002e5c1cb2c5188,667ecf2e5002e5c1cb2c5189,667ecf2e5002e5c1cb2c518a,667ecf2e5002e5c1cb2c518b,667ecf2e5002e5c1cb2c518c,667ecf2e5002e5c1cb2c518d,667ecf2e5002e5c1cb2c518e,667ecf2e5002e5c1cb2c518f,667ecf2e5002e5c1cb2c5190,667ecf2e5002e5c1cb2c5191,667ecf2e5002e5c1cb2c5192,667ecf2e5002e5c1cb2c5193,667ecf2e5002e5c1cb2c5194,667ecf2e5002e5c1cb2c5195,667ecf2e5002e5c1cb2c5196,667ecf2e5002e5c1cb2c5197,667ecf2e5002e5c1cb2c5198,667ecf2e5002e5c1cb2c5199,667ecf2e5002e5c1cb2c519a,667ecf2e5002e5c1cb2c519b,667ecf2e5002e5c1cb2c519c,667ecf2e5002e5c1cb2c519d,667ecf2e5002e5c1cb2c519e,667ecf2e5002e5c1cb2c519f,,,,,,,,,,,,,,,,,,,,,1
667e5141cb4b99a0554c5c78,Colegio Colombo Britanico de Envigado,6.177227392197457,6.177426413276095,6.177285885119217,6.177361980572744,6.177057176987591,6.176743280905237,6.176545842934543,6.176883114663561,6.177227392197457,,,,,,,,,,-75.58392116088199,-75.58420419535283,-75.5843151035562,-75.5848302495896,-75.58504666841442,-75.58512900446682,-75.58371002423534,-75.5836891001198,-75.58392116088199,,,,,,,,,,667e5141cb4b99a0554c5c79,667e5141cb4b99a0554c5c7a,667e5141cb4b99a0554c5c7b,667e5141cb4b99a0554c5c7c,667e5141cb4b99a0554c5c7d,667e5141cb4b99a0554c5c7e,667e5141cb4b99a0554c5c7f,667e5141cb4b99a0554c5c80,667e5141cb4b99a0554c5c81,,,,,,,,,,667a4a900cc99ae2fa6ed6c1,6.17823562031413,6.178251535800438,6.178260704012416,6.17823955169037,6.178188792459632,6.178110138806688,6.178006244303445,6.177880614081373,6.177575810197616,6.177436068334118,6.177284112097376,6.176970215880492,6.176804092247402,6.176635838642742,6.176471348370238,6.176316382912595,6.176176370128806,6.1760562141377084,6.17596012354665,6.175891464041512,6.17585264050104,6.175655202862485,6.1756485391003055,6.175679830108221,6.175747752322119,6.175849432730379,6.17598057039644,6.176135618380053,6.1763080183626675,6.176490478053137,6.17682774974685,6.177022602467889,6.17721089251966,6.177383761112829,6.177728038972295,6.177855247612486,6.177961625316975,6.17816064667166,6.178245559381052,6.178300947838638,6.178324815687163,6.178316302661414,6.178275715595088,6.17823562031413,,,,,,,,,,,,,,,,,,-75.58458956477658,-75.58469730868244,-75.58486320214467,-75.5850279838718,-75.58518609454954,-75.58533219993114,-75.58546137080324,-75.58556924928631,-75.58578566789764,-75.58586704094184,-75.58592196744179,-75.58600430301048,-75.58603150579188,-75.58602709726283,-75.5859912318676,-75.585925165866,-75.58583121332762,-75.58571266507548,-75.58557367341908,-75.58541910671424,-75.58525437884389,-75.5838354009527,-75.58364948193386,-75.58346612376607,-75.58329308223418,-75.58313767675055,-75.58300648075785,-75.58290504368321,-75.5828376562044,-75.58280716875677,-75.58278624406823,-75.58279547504313,-75.58284674983324,-75.58293765607272,-75.58316971656564,-75.5832735254556,-75.58339882160436,-75.58368185627138,-75.58383084423822,-75.58399328883709,-75.58416333510671,-75.58433485409601,-75.58450166377214,-75.58458956477658,,,,,,,,,,,,,,,,,,667ecf2e5002e5c1cb2c51b5,667ecf2e5002e5c1cb2c51b6,667ecf2e5002e5c1cb2c51b7,667ecf2e5002e5c1cb2c51b8,667ecf2e5002e5c1cb2c51b9,667ecf2e5002e5c1cb2c51ba,667ecf2e5002e5c1cb2c51bb,667ecf2e5002e5c1cb2c51bc,667ecf2e5002e5c1cb2c51bd,667ecf2e5002e5c1cb2c51be,667ecf2e5002e5c1cb2c51bf,667ecf2e5002e5c1cb2c51c0,667ecf2e5002e5c1cb2c51c1,667ecf2e5002e5c1cb2c51c2,667ecf2e5002e5c1cb2c51c3,667ecf2e5002e5c1cb2c51c4,667ecf2e5002e5c1cb2c51c5,667ecf2e5002e5c1cb2c51c6,667ecf2e5002e5c1cb2c51c7,667ecf2e5002e5c1cb2c51c8,667ecf2e5002e5c1cb2c51c9,667ecf2e5002e5c1cb2c51ca,667ecf2e5002e5c1cb2c51cb,667ecf2e5002e5c1cb2c51cc,667ecf2e5002e5c1cb2c51cd,667ecf2e5002e5c1cb2c51ce,667ecf2e5002e5c1cb2c51cf,667ecf2e5002e5c1cb2c51d0,667ecf2e5002e5c1cb2c51d1,667ecf2e5002e5c1cb2c51d2,667ecf2e5002e5c1cb2c51d3,667ecf2e5002e5c1cb2c51d4,667ecf2e5002e5c1cb2c51d5,667ecf2e5002e5c1cb2c51d6,667ecf2e5002e5c1cb2c51d7,667ecf2e5002e5c1cb2c51d8,667ecf2e5002e5c1cb2c51d9,667ecf2e5002e5c1cb2c51da,667ecf2e5002e5c1cb2c51db,667ecf2e5002e5c1cb2c51dc,667ecf2e5002e5c1cb2c51dd,667ecf2e5002e5c1cb2c51de,667ecf2e5002e5c1cb2c51df,667ecf2e5002e5c1cb2c51e0,,,,,,,,,,,,,,,,,,1
667e514fcb4b99a0554c5c8c,Cancha la Paloma,6.17650893728629,6.176142463696031,6.176220543174963,6.176551564072938,6.17650893728629,,,,,,,,,,,,,,-75.58099125656041,-75.58093486800091,-75.58072929023673,-75.58081634489179,-75.58099125656041,,,,,,,,,,,,,,667e514fcb4b99a0554c5c8d,667e514fcb4b99a0554c5c8e,667e514fcb4b99a0554c5c8f,667e514fcb4b99a0554c5c90,667e514fcb4b99a0554c5c91,,,,,,,,,,,,,,667a4aaf0cc99ae2fa6ed6c3,6.17738239829928,6.1773280065817495,6.17724557886097,6.17713793657189,6.177008764221996,6.176862483272213,6.17670410079259,6.176539038073415,6.176372945058476,6.176006471562364,6.175834079233251,6.175673763163461,6.175531801267188,6.1754137527117114,6.175324240224731,6.1752667690724605,6.1752435897968345,6.17525561008663,6.175302359233362,6.175380438588406,6.175465212745071,6.1755827987768575,6.175728088710684,6.175894771102875,6.176075605207862,6.176262735516743,6.176448033002542,6.1767790540427345,6.176942872690191,6.177091945112729,6.177220653588407,6.177324147796972,6.177398527603802,6.177440990036559,6.177449934915454,6.177425025156257,6.17738239829928,,,,,,,,,,,,,,,,,,,,,,,,,-75.58120661659511,-75.58136477747809,-75.5815101530359,-75.58163776718652,-75.58174325181402,-75.58182299628562,-75.58187427103942,-75.58189532101262,-75.58188542571243,-75.58182903654848,-75.58178459323798,-75.58170687500674,-75.58159892529858,-75.58146497140031,-75.58131025890107,-75.58114084627724,-75.58096336764716,-75.58078477298534,-75.58061205596888,-75.58040647848328,-75.58023832917296,-75.58009150735401,-75.5799723910271,-75.57988615467016,-75.57983654445522,-75.57982571550873,-75.57985413828594,-75.57994119243124,-75.58000189169054,-75.58009328321093,-75.58021192297143,-75.58035334010478,-75.58051220537891,-75.58068253202751,-75.58085790136096,-75.58103170465523,-75.58120661659511,,,,,,,,,,,,,,,,,,,,,,,,,667ecf2e5002e5c1cb2c51ec,667ecf2e5002e5c1cb2c51ed,667ecf2e5002e5c1cb2c51ee,667ecf2e5002e5c1cb2c51ef,667ecf2e5002e5c1cb2c51f0,667ecf2e5002e5c1cb2c51f1,667ecf2e5002e5c1cb2c51f2,667ecf2e5002e5c1cb2c51f3,667ecf2e5002e5c1cb2c51f4,667ecf2e5002e5c1cb2c51f5,667ecf2e5002e5c1cb2c51f6,667ecf2e5002e5c1cb2c51f7,667ecf2e5002e5c1cb2c51f8,667ecf2e5002e5c1cb2c51f9,667ecf2e5002e5c1cb2c51fa,667ecf2e5002e5c1cb2c51fb,667ecf2e5002e5c1cb2c51fc,667ecf2e5002e5c1cb2c51fd,667ecf2e5002e5c1cb2c51fe,667ecf2e5002e5c1cb2c51ff,667ecf2e5002e5c1cb2c5200,667ecf2e5002e5c1cb2c5201,667ecf2e5002e5c1cb2c5202,667ecf2e5002e5c1cb2c5203,667ecf2e5002e5c1cb2c5204,667ecf2e5002e5c1cb2c5205,667ecf2e5002e5c1cb2c5206,667ecf2e5002e5c1cb2c5207,667ecf2e5002e5c1cb2c5208,667ecf2e5002e5c1cb2c5209,667ecf2e5002e5c1cb2c520a,667ecf2e5002e5c1cb2c520b,667ecf2e5002e5c1cb2c520c,667ecf2e5002e5c1cb2c520d,667ecf2e5002e5c1cb2c520e,667ecf2e5002e5c1cb2c520f,667ecf2e5002e5c1cb2c5210,,,,,,,,,,,,,,,,,,,,,,,,,1
667e5167cb4b99a0554c5c98,Hogar Elena y Juan,6.159027583836726,6.158616677116249,6.158161637718251,6.158549090355654,6.159256554653079,6.159027583836726,,,,,,,,,,,,,-75.58857758540235,-75.58838787299946,-75.58787713377431,-75.5875770680894,-75.58812882581896,-75.58857758540235,,,,,,,,,,,,,667e5167cb4b99a0554c5c99,667e5167cb4b99a0554c5c9a,667e5167cb4b99a0554c5c9b,667e5167cb4b99a0554c5c9c,667e5167cb4b99a0554c5c9d,667e5167cb4b99a0554c5c9e,,,,,,,,,,,,,667a4a900cc99ae2fa6ed6c1,6.15982769349893,6.159735262918841,6.159617127918301,6.159477579425228,6.159321686149922,6.159155110476698,6.158983902792454,6.158814281722833,6.158652408258416,6.158241501828294,6.1580830504899975,6.157946924362406,6.1574918855383505,6.157383435574848,6.157307784969415,6.157268122203403,6.157266118961369,6.157301859674852,6.15737383796385,6.157479020125979,6.157612972997601,6.158000425234654,6.15814323617158,6.158300343704506,6.158466213586615,6.158635002904597,6.158800765899881,6.158957663413435,6.1591001685762645,6.159807633607938,6.1599366144872185,6.160039045079546,6.16011092636836,6.16014945201819,6.160153117938993,6.160121781008574,6.160056664660338,6.15982769349893,,,,,,,,,,,,,,,,,,,,,,,,-75.58899058085258,-75.5891357557001,-75.58926065654504,-75.58936074672376,-75.58943239076005,-75.58947298641189,-75.5894810591874,-75.58945631589752,-75.5893996553007,-75.58920994239571,-75.58911596675385,-75.58899153011394,-75.5884807910157,-75.58833050288591,-75.58816110639272,-75.58797974117567,-75.58779405131847,-75.58761186317474,-75.58744085551197,-75.58728823587546,-75.58716043681179,-75.58686037091402,-75.58676987678753,-75.58670781665049,-75.58667637665006,-75.5866766643169,-75.58670866954763,-75.58677126495637,-75.58686224558426,-75.58741400293397,-75.58753693980857,-75.58768298463589,-75.58784643565743,-75.58802091154645,-75.58819960054548,-75.5883755264094,-75.58854182077104,-75.58899058085258,,,,,,,,,,,,,,,,,,,,,,,,667ecf2e5002e5c1cb2c521f,667ecf2e5002e5c1cb2c5220,667ecf2e5002e5c1cb2c5221,667ecf2e5002e5c1cb2c5222,667ecf2e5002e5c1cb2c5223,667ecf2e5002e5c1cb2c5224,667ecf2e5002e5c1cb2c5225,667ecf2e5002e5c1cb2c5226,667ecf2e5002e5c1cb2c5227,667ecf2e5002e5c1cb2c5228,667ecf2e5002e5c1cb2c5229,667ecf2e5002e5c1cb2c522a,667ecf2e5002e5c1cb2c522b,667ecf2e5002e5c1cb2c522c,667ecf2e5002e5c1cb2c522d,667ecf2e5002e5c1cb2c522e,667ecf2e5002e5c1cb2c522f,667ecf2e5002e5c1cb2c5230,667ecf2e5002e5c1cb2c5231,667ecf2e5002e5c1cb2c5232,667ecf2e5002e5c1cb2c5233,667ecf2e5002e5c1cb2c5234,667ecf2e5002e5c1cb2c5235,667ecf2e5002e5c1cb2c5236,667ecf2e5002e5c1cb2c5237,667ecf2e5002e5c1cb2c5238,667ecf2e5002e5c1cb2c5239,667ecf2e5002e5c1cb2c523a,667ecf2e5002e5c1cb2c523b,667ecf2e5002e5c1cb2c523c,667ecf2e5002e5c1cb2c523d,667ecf2e5002e5c1cb2c523e,667ecf2e5002e5c1cb2c523f,667ecf2e5002e5c1cb2c5240,667ecf2e5002e5c1cb2c5241,667ecf2e5002e5c1cb2c5242,667ecf2e5002e5c1cb2c5243,667ecf2e5002e5c1cb2c5244,,,,,,,,,,,,,,,,,,,,,,,,1
667e5173cb4b99a0554c5ca6,Cancha Las Antillas,6.158666013069632,6.15832281962948,6.158405117564002,6.158699356365461,6.158666013069632,,,,,,,,,,,,,,-75.58911059776982,-75.5890545375824,-75.58884016913896,-75.58892567360004,-75.58911059776982,,,,,,,,,,,,,,667e5173cb4b99a0554c5ca7,667e5173cb4b99a0554c5ca8,667e5173cb4b99a0554c5ca9,667e5173cb4b99a0554c5caa,667e5173cb4b99a0554c5cab,,,,,,,,,,,,,,667a4aaf0cc99ae2fa6ed6c3,6.159550899370426,6.159503345710319,6.159424361055483,6.159316910265542,6.159185026735888,6.159033660993793,6.15886849486809,6.158695728208321,6.1585218461595606,6.158178652812602,6.158007199839524,6.157848029008405,6.157707334327325,6.157590590814902,6.157502341446325,6.157446020369273,6.1574238192687565,6.157436602080824,6.157483871373745,6.157566169178249,6.157640284219252,6.157740626337086,6.15786375468677,6.158005447054965,6.1581608446431,6.158324618680014,6.158491153150988,6.158654737377327,6.1589489763170935,6.159123478375293,6.159279372031217,6.159409817409608,6.159509091180533,6.159572837674862,6.159598259993059,6.159584242721823,6.159550899370426,,,,,,,,,,,,,,,,,,,,,,,,,-75.58927200797075,-75.58944060499684,-75.58959681448611,-75.58973477278475,-75.58984930134523,-75.58993610111455,-75.58999191390716,-75.59001464470484,-75.59000344029354,-75.58994737954428,-75.58990154230855,-75.58982274453344,-75.58971405260044,-75.58957969618919,-75.58942490368094,-75.58925569870055,-75.589078665714,-75.58890069380276,-75.58872870858518,-75.58851434042992,-75.58836434100527,-75.58823065826219,-75.58811787634397,-75.58802986268853,-75.58796963540883,-75.58793925979607,-75.58793977749549,-75.58797117078323,-75.58805667480297,-75.58812803911373,-75.5882343998327,-75.58837109038363,-75.58853211344764,-75.58871040409667,-75.58889813977147,-75.58908708350293,-75.58927200797075,,,,,,,,,,,,,,,,,,,,,,,,,667ecf2e5002e5c1cb2c5250,667ecf2e5002e5c1cb2c5251,667ecf2e5002e5c1cb2c5252,667ecf2e5002e5c1cb2c5253,667ecf2e5002e5c1cb2c5254,667ecf2e5002e5c1cb2c5255,667ecf2e5002e5c1cb2c5256,667ecf2e5002e5c1cb2c5257,667ecf2e5002e5c1cb2c5258,667ecf2e5002e5c1cb2c5259,667ecf2e5002e5c1cb2c525a,667ecf2e5002e5c1cb2c525b,667ecf2e5002e5c1cb2c525c,667ecf2e5002e5c1cb2c525d,667ecf2e5002e5c1cb2c525e,667ecf2e5002e5c1cb2c525f,667ecf2e5002e5c1cb2c5260,667ecf2e5002e5c1cb2c5261,667ecf2e5002e5c1cb2c5262,667ecf2e5002e5c1cb2c5263,667ecf2e5002e5c1cb2c5264,667ecf2e5002e5c1cb2c5265,667ecf2e5002e5c1cb2c5266,667ecf2e5002e5c1cb2c5267,667ecf2e5002e5c1cb2c5268,667ecf2e5002e5c1cb2c5269,667ecf2e5002e5c1cb2c526a,667ecf2e5002e5c1cb2c526b,667ecf2e5002e5c1cb2c526c,667ecf2e5002e5c1cb2c526d,667ecf2e5002e5c1cb2c526e,667ecf2e5002e5c1cb2c526f,667ecf2e5002e5c1cb2c5270,667ecf2e5002e5c1cb2c5271,667ecf2e5002e5c1cb2c5272,667ecf2e5002e5c1cb2c5273,667ecf2e5002e5c1cb2c5274,,,,,,,,,,,,,,,,,,,,,,,,,1
667e518dcb4b99a0554c5cb2,Parque de Parkour Trazar - Las antillas,6.158290747812827,6.157730947229044,6.157686270415909,6.157818222982939,6.158402897228769,6.158290747812827,,,,,,,,,,,,,-75.58920567189013,-75.58904451178883,-75.58887430459747,-75.58865374542974,-75.58884190045072,-75.58920567189013,,,,,,,,,,,,,667e518dcb4b99a0554c5cb3,667e518dcb4b99a0554c5cb4,667e518dcb4b99a0554c5cb5,667e518dcb4b99a0554c5cb6,667e518dcb4b99a0554c5cb7,667e518dcb4b99a0554c5cb8,,,,,,,,,,,,,667a4aaf0cc99ae2fa6ed6c3,6.159149719239657,6.159082422382997,6.158985542054715,6.158862698510928,6.158718482206954,6.158558282257962,6.15838808505536,6.1582142505645425,6.158043274663633,6.157483474340753,6.157311234849314,6.1571568777054075,6.1570269794574255,6.156927074552414,6.156861419537793,6.156816742797807,6.156788470917257,6.156795974802597,6.156838955437888,6.1569157001241726,6.157047652499741,6.157149842102958,6.157276404829406,6.157422725465055,6.157583468303381,6.157752771714951,6.157924461895785,6.15809227800022,6.158676952547762,6.15883790740369,6.158982335025481,6.159104748191878,6.159200496070717,6.159265940919437,6.159298596295292,6.159297221523942,6.15926186883702,6.159149719239657,,,,,,,,,,,,,,,,,,,,,,,,-75.58947357349004,-75.5896347965205,-75.58977998387566,-75.5899037101566,-75.59000135193791,-75.59006926053668,-75.59010489835524,-75.59010693370327,-75.59007529055614,-75.58991412961326,-75.5898445003818,-75.58974078678061,-75.58960740766413,-75.58945004580475,-75.5892754057718,-75.58910519883968,-75.58892688772788,-75.58874648127575,-75.58857116834639,-75.5884079348384,-75.58818737587484,-75.58804855295307,-75.58793179886548,-75.58784137116311,-75.5877805673919,-75.58775160484262,-75.58775553969171,-75.58779222848263,-75.58798038265213,-75.58805022072532,-75.58815013697894,-75.58827633532948,-75.58842402115097,-75.58858758343614,-75.5887608079762,-75.58893711345956,-75.58910980151876,-75.58947357349004,,,,,,,,,,,,,,,,,,,,,,,,667ecf2e5002e5c1cb2c5283,667ecf2e5002e5c1cb2c5284,667ecf2e5002e5c1cb2c5285,667ecf2e5002e5c1cb2c5286,667ecf2e5002e5c1cb2c5287,667ecf2e5002e5c1cb2c5288,667ecf2e5002e5c1cb2c5289,667ecf2e5002e5c1cb2c528a,667ecf2e5002e5c1cb2c528b,667ecf2e5002e5c1cb2c528c,667ecf2e5002e5c1cb2c528d,667ecf2e5002e5c1cb2c528e,667ecf2e5002e5c1cb2c528f,667ecf2e5002e5c1cb2c5290,667ecf2e5002e5c1cb2c5291,667ecf2e5002e5c1cb2c5292,667ecf2e5002e5c1cb2c5293,667ecf2e5002e5c1cb2c5294,667ecf2e5002e5c1cb2c5295,667ecf2e5002e5c1cb2c5296,667ecf2e5002e5c1cb2c5297,667ecf2e5002e5c1cb2c5298,667ecf2e5002e5c1cb2c5299,667ecf2e5002e5c1cb2c529a,667ecf2e5002e5c1cb2c529b,667ecf2e5002e5c1cb2c529c,667ecf2e5002e5c1cb2c529d,667ecf2e5002e5c1cb2c529e,667ecf2e5002e5c1cb2c529f,667ecf2e5002e5c1cb2c52a0,667ecf2e5002e5c1cb2c52a1,667ecf2e5002e5c1cb2c52a2,667ecf2e5002e5c1cb2c52a3,667ecf2e5002e5c1cb2c52a4,667ecf2e5002e5c1cb2c52a5,667ecf2e5002e5c1cb2c52a6,667ecf2e5002e5c1cb2c52a7,667ecf2e5002e5c1cb2c52a8,,,,,,,,,,,,,,,,,,,,,,,,1
667e519ecb4b99a0554c5cc0,Cancha de San Rafael,6.157285666467126,6.157656520884444,6.157137826066802,6.156803751457304,6.157285666467126,,,,,,,,,,,,,,-75.58380288975192,-75.58412552600522,-75.58465222641286,-75.58429579401819,-75.58380288975192,,,,,,,,,,,,,,667e519ecb4b99a0554c5cc1,667e519ecb4b99a0554c5cc2,667e519ecb4b99a0554c5cc3,667e519ecb4b99a0554c5cc4,667e519ecb4b99a0554c5cc5,,,,,,,,,,,,,,667a4aaf0cc99ae2fa6ed6c3,6.15664444326223,6.15677385793656,6.156921378058765,6.1570817850537205,6.157249404463869,6.157418306684334,6.157582516724689,6.15773622557705,6.157873995713194,6.1582448505413305,6.158370878707856,6.158467052275416,6.1585293519238915,6.1585551740029505,6.158543439346296,6.158494638373249,6.158410810592656,6.1582954593657515,6.1577767639240895,6.157637823010317,6.157478823395207,6.1573061437849175,6.157126711689774,6.156947725507257,6.156776365738703,6.1566195069250895,6.156483441858271,6.156149367660374,6.156043859095927,6.1559661662539,6.155919133057274,6.155904481141391,6.155922746834923,6.155973261528022,6.1560541761462115,6.156162528834221,6.15664444326223,,,,,,,,,,,,,,,,,,,,,,,,,-75.58316866826146,-75.58305912048509,-75.58297588379182,-75.58292190273121,-75.58289908693055,-75.58290824353763,-75.58294904866341,-75.58302005883561,-75.58311876205843,-75.58344139819138,-75.58357603123692,-75.58373362895809,-75.58390760498513,-75.58409068845097,-75.58427522786143,-75.58445351087406,-75.58461808662001,-75.58476207709761,-75.58528877751716,-75.58540407984925,-75.58548921950285,-75.58554078089522,-75.58555669553473,-75.58553632499914,-75.58548048654178,-75.58539142029986,-75.58527269942053,-75.58491626707477,-75.58477956291688,-75.58462515054092,-75.58445868217167,-75.58428625133367,-75.58411416980256,-75.58394873656789,-75.58379600726398,-75.58366157250806,-75.58316866826146,,,,,,,,,,,,,,,,,,,,,,,,,667ecf2e5002e5c1cb2c52b6,667ecf2e5002e5c1cb2c52b7,667ecf2e5002e5c1cb2c52b8,667ecf2e5002e5c1cb2c52b9,667ecf2e5002e5c1cb2c52ba,667ecf2e5002e5c1cb2c52bb,667ecf2e5002e5c1cb2c52bc,667ecf2e5002e5c1cb2c52bd,667ecf2e5002e5c1cb2c52be,667ecf2e5002e5c1cb2c52bf,667ecf2e5002e5c1cb2c52c0,667ecf2e5002e5c1cb2c52c1,667ecf2e5002e5c1cb2c52c2,667ecf2e5002e5c1cb2c52c3,667ecf2e5002e5c1cb2c52c4,667ecf2e5002e5c1cb2c52c5,667ecf2e5002e5c1cb2c52c6,667ecf2e5002e5c1cb2c52c7,667ecf2e5002e5c1cb2c52c8,667ecf2e5002e5c1cb2c52c9,667ecf2e5002e5c1cb2c52ca,667ecf2e5002e5c1cb2c52cb,667ecf2e5002e5c1cb2c52cc,667ecf2e5002e5c1cb2c52cd,667ecf2e5002e5c1cb2c52ce,667ecf2e5002e5c1cb2c52cf,667ecf2e5002e5c1cb2c52d0,667ecf2e5002e5c1cb2c52d1,667ecf2e5002e5c1cb2c52d2,667ecf2e5002e5c1cb2c52d3,667ecf2e5002e5c1cb2c52d4,667ecf2e5002e5c1cb2c52d5,667ecf2e5002e5c1cb2c52d6,667ecf2e5002e5c1cb2c52d7,667ecf2e5002e5c1cb2c52d8,667ecf2e5002e5c1cb2c52d9,667ecf2e5002e5c1cb2c52da,,,,,,,,,,,,,,,,,,,,,,,,,1
667e51a7cb4b99a0554c5ccc,Institucion Educativa Comercial De Envigado,6.153828503928911,6.153940684748389,6.153394937244396,6.153132297072967,6.153323954676959,6.153828503928911,,,,,,,,,,,,,-75.58488915772034,-75.58515043676523,-75.5856005859104,-75.58494754447749,-75.5847479591679,-75.58488915772034,,,,,,,,,,,,,667e51a7cb4b99a0554c5ccd,667e51a7cb4b99a0554c5cce,667e51a7cb4b99a0554c5ccf,667e51a7cb4b99a0554c5cd0,667e51a7cb4b99a0554c5cd1,667e51a7cb4b99a0554c5cd2,,,,,,,,,,,,,667a4a900cc99ae2fa6ed6c1,6.154069571407114,6.154219456989862,6.15435693921767,6.154477656322271,6.154577778423809,6.1546541290390655,6.154766310032839,6.154817708836158,6.1548393342818635,6.154830452223312,6.154791364191107,6.154723397156509,6.154628858482398,6.15451095759125,6.153965209501615,6.153825727957044,6.153671173491845,6.153506953820151,6.153338814827392,6.153172639526745,6.15301424221837,6.15286916505358,6.1527424841219105,6.152638631845688,6.152561241896101,6.152298602136667,6.152249557086535,6.152232976737602,6.1522494708665585,6.152298432867632,6.152378062061435,6.152485429917765,6.152677087288475,6.15282514602391,6.152996137165534,6.153182199524746,6.153374779016606,6.153565021926318,6.154069571407114,,,,,,,,,,,,,,,,,,,,,,,-75.58401772761609,-75.58407456668523,-75.58415724950173,-75.58426315288509,-75.58438891695121,-75.58453055170749,-75.58479183108263,-75.58495027091169,-75.58511550602643,-75.58528192697968,-75.5854438840665,-75.58559587912478,-75.58573275219081,-75.58584985667282,-75.58630000558273,-75.58639458883552,-75.58646139066713,-75.58649807376982,-75.58650335466595,-75.58647704861184,-75.5864200760577,-75.58633443043811,-75.58622310842055,-75.58609000505311,-75.58593977748012,-75.58528673690401,-75.5851204334383,-75.5849477716225,-75.58477510145296,-75.58460877323331,-75.58445490403217,-75.58431915271817,-75.5841195674249,-75.58399531378231,-75.58390566242646,-75.5838547350456,-75.58384487303118,-75.58387652982698,-75.58401772761609,,,,,,,,,,,,,,,,,,,,,,,667ecf2e5002e5c1cb2c52ea,667ecf2e5002e5c1cb2c52eb,667ecf2e5002e5c1cb2c52ec,667ecf2e5002e5c1cb2c52ed,667ecf2e5002e5c1cb2c52ee,667ecf2e5002e5c1cb2c52ef,667ecf2e5002e5c1cb2c52f0,667ecf2e5002e5c1cb2c52f1,667ecf2e5002e5c1cb2c52f2,667ecf2e5002e5c1cb2c52f3,667ecf2e5002e5c1cb2c52f4,667ecf2e5002e5c1cb2c52f5,667ecf2e5002e5c1cb2c52f6,667ecf2e5002e5c1cb2c52f7,667ecf2e5002e5c1cb2c52f8,667ecf2e5002e5c1cb2c52f9,667ecf2e5002e5c1cb2c52fa,667ecf2e5002e5c1cb2c52fb,667ecf2e5002e5c1cb2c52fc,667ecf2e5002e5c1cb2c52fd,667ecf2e5002e5c1cb2c52fe,667ecf2e5002e5c1cb2c52ff,667ecf2e5002e5c1cb2c5300,667ecf2e5002e5c1cb2c5301,667ecf2e5002e5c1cb2c5302,667ecf2e5002e5c1cb2c5303,667ecf2e5002e5c1cb2c5304,667ecf2e5002e5c1cb2c5305,667ecf2e5002e5c1cb2c5306,667ecf2e5002e5c1cb2c5307,667ecf2e5002e5c1cb2c5308,667ecf2e5002e5c1cb2c5309,667ecf2e5002e5c1cb2c530a,667ecf2e5002e5c1cb2c530b,667ecf2e5002e5c1cb2c530c,667ecf2e5002e5c1cb2c530d,667ecf2e5002e5c1cb2c530e,667ecf2e5002e5c1cb2c530f,667ecf2e5002e5c1cb2c5310,,,,,,,,,,,,,,,,,,,,,,,1
667e51b2cb4b99a0554c5cda,Cancha El Comercial,6.153378244584447,6.153494891603756,6.153248552155449,6.15313530442416,6.153262669491065,6.153378244584447,,,,,,,,,,,,,-75.58560180963286,-75.58600157428478,-75.58609038088697,-75.58571522973097,-75.58556168310285,-75.58560180963286,,,,,,,,,,,,,667e51b2cb4b99a0554c5cdb,667e51b2cb4b99a0554c5cdc,667e51b2cb4b99a0554c5cdd,667e51b2cb4b99a0554c5cde,667e51b2cb4b99a0554c5cdf,667e51b2cb4b99a0554c5ce0,,,,,,,,,,,,,667a4aaf0cc99ae2fa6ed6c3,6.1536716891926995,6.153827416607136,6.153966877449889,6.154085021189808,6.154177569284933,6.154241170130335,6.154357817339057,6.154390032013735,6.154390362304807,6.154358796447457,6.154296458802914,6.154205569808643,6.154089366886321,6.153951989125014,6.153798329847331,6.153551990258383,6.153375505781517,6.1531938320326285,6.153014395029572,6.1528445293545655,6.152691178349993,6.152560610307379,6.152458162250184,6.15238802178296,6.15227477423503,6.152240190708532,6.152240590413701,6.152275957729137,6.15234491041817,6.152444753649106,6.152572118550521,6.152701262842594,6.1528530823445235,6.1530214450830245,6.153199550899215,6.15338020610507,6.153556114035507,6.1536716891926995,,,,,,,,,,,,,,,,,,,,,,,,-75.58474678473216,-75.584818178508,-75.58491795123088,-75.58504248968325,-75.58518728375526,-75.58534708977683,-75.58574685502197,-75.58591446537042,-75.58608517849837,-75.58625291368264,-75.5864116962747,-75.58655587051764,-75.58668030100397,-75.58678055559716,-75.58685306330196,-75.58694186956016,-75.58698585452595,-75.58699323647875,-75.58696371371418,-75.58689849302714,-75.58680024037751,-75.5866729719132,-75.58652188980521,-75.58635316960583,-75.58597801900125,-75.58580261549724,-75.58562379675531,-75.58544855142563,-75.5852837285033,-75.58513576965727,-75.58498222308981,-75.58485504584284,-75.5847564095864,-75.58469029825407,-75.5846593821095,-75.58466490989032,-75.58470665836595,-75.58474678473216,,,,,,,,,,,,,,,,,,,,,,,,667ecf2e5002e5c1cb2c531e,667ecf2e5002e5c1cb2c531f,667ecf2e5002e5c1cb2c5320,667ecf2e5002e5c1cb2c5321,667ecf2e5002e5c1cb2c5322,667ecf2e5002e5c1cb2c5323,667ecf2e5002e5c1cb2c5324,667ecf2e5002e5c1cb2c5325,667ecf2e5002e5c1cb2c5326,667ecf2e5002e5c1cb2c5327,667ecf2e5002e5c1cb2c5328,667ecf2e5002e5c1cb2c5329,667ecf2e5002e5c1cb2c532a,667ecf2e5002e5c1cb2c532b,667ecf2e5002e5c1cb2c532c,667ecf2e5002e5c1cb2c532d,667ecf2e5002e5c1cb2c532e,667ecf2e5002e5c1cb2c532f,667ecf2e5002e5c1cb2c5330,667ecf2e5002e5c1cb2c5331,667ecf2e5002e5c1cb2c5332,667ecf2e5002e5c1cb2c5333,667ecf2e5002e5c1cb2c5334,667ecf2e5002e5c1cb2c5335,667ecf2e5002e5c1cb2c5336,667ecf2e5002e5c1cb2c5337,667ecf2e5002e5c1cb2c5338,667ecf2e5002e5c1cb2c5339,667ecf2e5002e5c1cb2c533a,667ecf2e5002e5c1cb2c533b,667ecf2e5002e5c1cb2c533c,667ecf2e5002e5c1cb2c533d,667ecf2e5002e5c1cb2c533e,667ecf2e5002e5c1cb2c533f,667ecf2e5002e5c1cb2c5340,667ecf2e5002e5c1cb2c5341,667ecf2e5002e5c1cb2c5342,667ecf2e5002e5c1cb2c5343,,,,,,,,,,,,,,,,,,,,,,,,1
667e51bccb4b99a0554c5ce8,Cancha El Comercial,6.153043199795301,6.152953820005683,6.152752338812113,6.152621303158088,6.152344949703656,6.152552985942125,6.153043199795301,,,,,,,,,,,,-75.58613012712405,-75.58627671180739,-75.5860916029471,-75.58616524405151,-75.58583185956596,-75.58564240535627,-75.58613012712405,,,,,,,,,,,,667e51bccb4b99a0554c5ce9,667e51bccb4b99a0554c5cea,667e51bccb4b99a0554c5ceb,667e51bccb4b99a0554c5cec,667e51bccb4b99a0554c5ced,667e51bccb4b99a0554c5cee,667e51bccb4b99a0554c5cef,,,,,,,,,,,,667a4aaf0cc99ae2fa6ed6c3,6.152506224888331,6.152370960261698,6.152206012309524,6.152057277413968,6.151930562202296,6.151654209106998,6.151557335519231,6.151489181039105,6.151452230803839,6.151447832140538,6.151476145438911,6.151536138303032,6.151625623195337,6.151741337200349,6.151949373202563,6.152085732964964,6.1522388166941875,6.152403145215147,6.152572836873796,6.152741818052765,6.152904040558514,6.153053698099338,6.153185434105943,6.153675648542448,6.153785811988259,6.153868806592309,6.153921595945087,6.153942248714371,6.153930009305233,6.153885325504388,6.153809832097374,6.153720452178829,6.15361442355728,6.15348318789922,6.153331752853537,6.153165896826441,6.152991948489372,6.152816545290783,6.152646380186618,6.152506224888331,,,,,,,,,,,,,,,,,,,,,,-75.58705922058824,-75.58703402208623,-75.5869675559218,-75.5868697673976,-75.58674447421312,-75.58641108985965,-75.58626847186625,-75.58610993354475,-75.58594125573039,-75.58576858897251,-75.58559822926826,-75.58543638849329,-75.58528896789952,-75.58516134293848,-75.58497188868152,-75.58486954546895,-75.58479486445701,-75.58475051865435,-75.58473809531651,-75.58475803913103,-75.5848096362968,-75.58489104006827,-75.5849993368509,-75.58548705860589,-75.58561993596949,-75.58577147899133,-75.5859361433825,-75.58610790479393,-75.58628047922375,-75.58644755292478,-75.58660301340056,-75.5867495982158,-75.5868904774188,-75.58700793673842,-75.58709749421772,-75.58715573257831,-75.58718042961287,-75.58717064297518,-75.58712674613285,-75.58705922058824,,,,,,,,,,,,,,,,,,,,,,667ecf2e5002e5c1cb2c5354,667ecf2e5002e5c1cb2c5355,667ecf2e5002e5c1cb2c5356,667ecf2e5002e5c1cb2c5357,667ecf2e5002e5c1cb2c5358,667ecf2e5002e5c1cb2c5359,667ecf2e5002e5c1cb2c535a,667ecf2e5002e5c1cb2c535b,667ecf2e5002e5c1cb2c535c,667ecf2e5002e5c1cb2c535d,667ecf2e5002e5c1cb2c535e,667ecf2e5002e5c1cb2c535f,667ecf2e5002e5c1cb2c5360,667ecf2e5002e5c1cb2c5361,667ecf2e5002e5c1cb2c5362,667ecf2e5002e5c1cb2c5363,667ecf2e5002e5c1cb2c5364,667ecf2e5002e5c1cb2c5365,667ecf2e5002e5c1cb2c5366,667ecf2e5002e5c1cb2c5367,667ecf2e5002e5c1cb2c5368,667ecf2e5002e5c1cb2c5369,667ecf2e5002e5c1cb2c536a,667ecf2e5002e5c1cb2c536b,667ecf2e5002e5c1cb2c536c,667ecf2e5002e5c1cb2c536d,667ecf2e5002e5c1cb2c536e,667ecf2e5002e5c1cb2c536f,667ecf2e5002e5c1cb2c5370,667ecf2e5002e5c1cb2c5371,667ecf2e5002e5c1cb2c5372,667ecf2e5002e5c1cb2c5373,667ecf2e5002e5c1cb2c5374,667ecf2e5002e5c1cb2c5375,667ecf2e5002e5c1cb2c5376,667ecf2e5002e5c1cb2c5377,667ecf2e5002e5c1cb2c5378,667ecf2e5002e5c1cb2c5379,667ecf2e5002e5c1cb2c537a,667ecf2e5002e5c1cb2c537b,,,,,,,,,,,,,,,,,,,,,,1
667e51c8cb4b99a0554c5cf8,Parroquia Santa Gertrudis,6.153170740540571,6.153057359565128,6.152782485489766,6.152970260694554,6.153170740540571,,,,,,,,,,,,,,-75.58541681794891,-75.58567481791488,-75.58531126552538,-75.58517973667803,-75.58541681794891,,,,,,,,,,,,,,667e51c8cb4b99a0554c5cf9,667e51c8cb4b99a0554c5cfa,667e51c8cb4b99a0554c5cfb,667e51c8cb4b99a0554c5cfc,667e51c8cb4b99a0554c5cfd,,,,,,,,,,,,,,667a50110cc99ae2fa6ed6de,6.153718782822285,6.153795825159849,6.153851111976023,6.1538827190565835,6.153889546341645,6.153871356212827,6.153828781763481,6.153715400647652,6.153649176573554,6.153561950909001,6.153456819005624,6.1533375116465105,6.153208262652078,6.153073658635057,6.152938476236427,6.152807512618367,6.152685415229472,6.152576516883289,6.152484682002554,6.152209808223366,6.152134210023158,6.152084864937967,6.152063771283012,6.152071783282436,6.152108576476438,6.152172660860671,6.152261441225872,6.1523713222542895,6.152559097313809,6.152674248434498,6.152799424608833,6.152930386501477,6.153062698829275,6.153191880570639,6.153313556724349,6.153423606478229,6.153518302769534,6.153718782822285,,,,,,,,,,,,,,,,,,,,,,,,-75.5849479976929,-75.58505854226156,-75.58518155633229,-75.5853127585001,-75.58544758237652,-75.5855813355208,-75.58570936275864,-75.58596736298163,-75.58608629739572,-75.58619062975434,-75.58627665765363,-75.58634132825992,-75.58638234664403,-75.58639825721883,-75.58638849539093,-75.58635340759352,-75.58629423898998,-75.58621308928483,-75.58611283821074,-75.58574928598645,-75.58562509276578,-75.58548819056242,-75.58534412347232,-75.58519872574277,-75.58505788550687,-75.5849273063363,-75.58481227626766,-75.58471745365563,-75.58458592470024,-75.5845201980908,-75.58447680803445,-75.58445722403624,-75.58446210936457,-75.58449129858603,-75.58454380316572,-75.58461784494371,-75.58471091635438,-75.5849479976929,,,,,,,,,,,,,,,,,,,,,,,,667ecf2e5002e5c1cb2c5387,667ecf2e5002e5c1cb2c5388,667ecf2e5002e5c1cb2c5389,667ecf2e5002e5c1cb2c538a,667ecf2e5002e5c1cb2c538b,667ecf2e5002e5c1cb2c538c,667ecf2e5002e5c1cb2c538d,667ecf2e5002e5c1cb2c538e,667ecf2e5002e5c1cb2c538f,667ecf2e5002e5c1cb2c5390,667ecf2e5002e5c1cb2c5391,667ecf2e5002e5c1cb2c5392,667ecf2e5002e5c1cb2c5393,667ecf2e5002e5c1cb2c5394,667ecf2e5002e5c1cb2c5395,667ecf2e5002e5c1cb2c5396,667ecf2e5002e5c1cb2c5397,667ecf2e5002e5c1cb2c5398,667ecf2e5002e5c1cb2c5399,667ecf2e5002e5c1cb2c539a,667ecf2e5002e5c1cb2c539b,667ecf2e5002e5c1cb2c539c,667ecf2e5002e5c1cb2c539d,667ecf2e5002e5c1cb2c539e,667ecf2e5002e5c1cb2c539f,667ecf2e5002e5c1cb2c53a0,667ecf2e5002e5c1cb2c53a1,667ecf2e5002e5c1cb2c53a2,667ecf2e5002e5c1cb2c53a3,667ecf2e5002e5c1cb2c53a4,667ecf2e5002e5c1cb2c53a5,667ecf2e5002e5c1cb2c53a6,667ecf2e5002e5c1cb2c53a7,667ecf2e5002e5c1cb2c53a8,667ecf2e5002e5c1cb2c53a9,667ecf2e5002e5c1cb2c53aa,667ecf2e5002e5c1cb2c53ab,667ecf2e5002e5c1cb2c53ac,,,,,,,,,,,,,,,,,,,,,,,,1
667e51d3cb4b99a0554c5d04,Escuela urbana Integrada San Rafael,6.157794900883284,6.157559028158554,6.157474399196304,6.15721777689115,6.157436700565893,6.157794900883284,,,,,,,,,,,,,-75.58293489398683,-75.58326591213115,-75.5832675164572,-75.58312398297083,-75.5826670858766,-75.58293489398683,,,,,,,,,,,,,667e51d3cb4b99a0554c5d05,667e51d3cb4b99a0554c5d06,667e51d3cb4b99a0554c5d07,667e51d3cb4b99a0554c5d08,667e51d3cb4b99a0554c5d09,667e51d3cb4b99a0554c5d0a,,,,,,,,,,,,,667a4a900cc99ae2fa6ed6c1,6.158331409352035,6.158460597033105,6.158564763407294,6.158639993193824,6.158683458744267,6.158693526326269,6.158669817531259,6.158613223497834,6.158525871416197,6.158289998366803,6.158180494582082,6.1580495477328885,6.157901676018198,6.1577419816097185,6.157575974605138,6.157491345640193,6.1573341348111255,6.157181230714069,6.157037328146705,6.156780706052749,6.156640791307062,6.156521436053437,6.1564268932151816,6.15636053158578,6.156324715791987,6.156320722037544,6.15634869262961,6.156407630908082,6.156626554248886,6.156717917592491,6.15683670993105,6.156978398122103,6.157137575308355,6.157308167242931,6.157483664082914,6.157657368806161,6.157822652771889,6.157973208672785,6.158331409352035,,,,,,,,,,,,,,,,,,,,,,,-75.58220894627452,-75.58232671461043,-75.58246734245688,-75.58262554407473,-75.58279537317445,-75.58297044642015,-75.58314418336226,-75.58331005377939,-75.58346182313214,-75.58379284149805,-75.58391972811634,-75.58402405541526,-75.58410222369639,-75.5841515358609,-75.58417029046778,-75.58417189464976,-75.58416098560585,-75.58412264329651,-75.58405804501456,-75.58391451126435,-75.58381781459218,-75.58369639497256,-75.58355457890237,-75.5833974196458,-75.58323051717524,-75.58305981863255,-75.58289140642083,-75.5827312814769,-75.58227438491772,-75.58212346121768,-75.58199328235051,-75.58188881598656,-75.58181404861065,-75.58177183339481,-75.58176378131697,-75.58179019968087,-75.58185008038423,-75.5819411383834,-75.58220894627452,,,,,,,,,,,,,,,,,,,,,,,667ecf2e5002e5c1cb2c53bb,667ecf2e5002e5c1cb2c53bc,667ecf2e5002e5c1cb2c53bd,667ecf2e5002e5c1cb2c53be,667ecf2e5002e5c1cb2c53bf,667ecf2e5002e5c1cb2c53c0,667ecf2e5002e5c1cb2c53c1,667ecf2e5002e5c1cb2c53c2,667ecf2e5002e5c1cb2c53c3,667ecf2e5002e5c1cb2c53c4,667ecf2e5002e5c1cb2c53c5,667ecf2e5002e5c1cb2c53c6,667ecf2e5002e5c1cb2c53c7,667ecf2e5002e5c1cb2c53c8,667ecf2e5002e5c1cb2c53c9,667ecf2e5002e5c1cb2c53ca,667ecf2e5002e5c1cb2c53cb,667ecf2e5002e5c1cb2c53cc,667ecf2e5002e5c1cb2c53cd,667ecf2e5002e5c1cb2c53ce,667ecf2e5002e5c1cb2c53cf,667ecf2e5002e5c1cb2c53d0,667ecf2e5002e5c1cb2c53d1,667ecf2e5002e5c1cb2c53d2,667ecf2e5002e5c1cb2c53d3,667ecf2e5002e5c1cb2c53d4,667ecf2e5002e5c1cb2c53d5,667ecf2e5002e5c1cb2c53d6,667ecf2e5002e5c1cb2c53d7,667ecf2e5002e5c1cb2c53d8,667ecf2e5002e5c1cb2c53d9,667ecf2e5002e5c1cb2c53da,667ecf2e5002e5c1cb2c53db,667ecf2e5002e5c1cb2c53dc,667ecf2e5002e5c1cb2c53dd,667ecf2e5002e5c1cb2c53de,667ecf2e5002e5c1cb2c53df,667ecf2e5002e5c1cb2c53e0,667ecf2e5002e5c1cb2c53e1,,,,,,,,,,,,,,,,,,,,,,,1
667e51dfcb4b99a0554c5d12,Cancha Gualandayes,6.159617377143904,6.159199357941776,6.159224324200746,6.15962211526401,6.159617377143904,,,,,,,,,,,,,,-75.58705729115749,-75.58703673072706,-75.58680640465266,-75.586814545877,-75.58705729115749,,,,,,,,,,,,,,667e51dfcb4b99a0554c5d13,667e51dfcb4b99a0554c5d14,667e51dfcb4b99a0554c5d15,667e51dfcb4b99a0554c5d16,667e51dfcb4b99a0554c5d17,,,,,,,,,,,,,,667a4aaf0cc99ae2fa6ed6c3,6.1605165242432465,6.160495093415349,6.160438669493062,6.1603495020118055,6.1602311459411325,6.1600883199517735,6.159926718287558,6.159752783742982,6.159573450797853,6.1591554316303325,6.158974528480498,6.158802932720959,6.15864774796543,6.158515398449318,6.158411363085577,6.158339948654785,6.158304111518344,6.158305335234888,6.158330301451821,6.158363568968359,6.158426312725943,6.158516384094713,6.15863069862257,6.158765341659479,6.158915702411473,6.15907663183397,6.159242618957642,6.159640410034593,6.15981539234648,6.159982953897776,6.160136661229338,6.160270612803991,6.160379665595543,6.160459632555467,6.160507443375214,6.16052126237138,6.1605165242432465,,,,,,,,,,,,,,,,,,,,,,,,,-75.58707504616348,-75.58725436595094,-75.58742582866681,-75.5875825983586,-75.58771842487,-75.58782789302693,-75.58790663853166,-75.58795152195863,-75.58796075391427,-75.58794019277421,-75.58791254946273,-75.58784864953878,-75.58775113832478,-75.58762405255244,-75.58747265324983,-75.58730320794781,-75.58712273122252,-75.58693869431423,-75.58670836862305,-75.58654435902777,-75.58638932305756,-75.58624856984885,-75.58612691943814,-75.58602853770307,-75.58595679370337,-75.58591414430738,-75.58590205005491,-75.58591019060195,-75.58593113985711,-75.58598600711935,-75.58607268581267,-75.58618784796596,-75.58632707198625,-75.58648501242295,-75.58665560520518,-75.58683230047201,-75.58707504616348,,,,,,,,,,,,,,,,,,,,,,,,,667ecf2e5002e5c1cb2c53ef,667ecf2e5002e5c1cb2c53f0,667ecf2e5002e5c1cb2c53f1,667ecf2e5002e5c1cb2c53f2,667ecf2e5002e5c1cb2c53f3,667ecf2e5002e5c1cb2c53f4,667ecf2e5002e5c1cb2c53f5,667ecf2e5002e5c1cb2c53f6,667ecf2e5002e5c1cb2c53f7,667ecf2e5002e5c1cb2c53f8,667ecf2e5002e5c1cb2c53f9,667ecf2e5002e5c1cb2c53fa,667ecf2e5002e5c1cb2c53fb,667ecf2e5002e5c1cb2c53fc,667ecf2e5002e5c1cb2c53fd,667ecf2e5002e5c1cb2c53fe,667ecf2e5002e5c1cb2c53ff,667ecf2e5002e5c1cb2c5400,667ecf2e5002e5c1cb2c5401,667ecf2e5002e5c1cb2c5402,667ecf2e5002e5c1cb2c5403,667ecf2e5002e5c1cb2c5404,667ecf2e5002e5c1cb2c5405,667ecf2e5002e5c1cb2c5406,667ecf2e5002e5c1cb2c5407,667ecf2e5002e5c1cb2c5408,667ecf2e5002e5c1cb2c5409,667ecf2e5002e5c1cb2c540a,667ecf2e5002e5c1cb2c540b,667ecf2e5002e5c1cb2c540c,667ecf2e5002e5c1cb2c540d,667ecf2e5002e5c1cb2c540e,667ecf2e5002e5c1cb2c540f,667ecf2e5002e5c1cb2c5410,667ecf2e5002e5c1cb2c5411,667ecf2e5002e5c1cb2c5412,667ecf2e5002e5c1cb2c5413,,,,,,,,,,,,,,,,,,,,,,,,,1
667e51e6cb4b99a0554c5d1e,Cancha de Señorial,6.160660928134604,6.160566411770435,6.160204678634715,6.160293487074058,6.160660928134604,,,,,,,,,,,,,,-75.59798985440602,-75.59816543035633,-75.59796526185714,-75.59781082250633,-75.59798985440602,,,,,,,,,,,,,,667e51e6cb4b99a0554c5d1f,667e51e6cb4b99a0554c5d20,667e51e6cb4b99a0554c5d21,667e51e6cb4b99a0554c5d22,667e51e6cb4b99a0554c5d23,,,,,,,,,,,,,,667a4aaf0cc99ae2fa6ed6c3,6.161053000470957,6.1612074034546644,6.161339585441697,6.16144417157805,6.161516909124015,6.161554840383536,6.161556422973378,6.1615215925413365,6.161451765382991,6.161357248878004,6.161258033478301,6.161132012430546,6.160984070030293,6.160819940191583,6.160645984211559,6.160468944219763,6.160295681868152,6.160132912389708,6.159771179549399,6.159623950003365,6.159499647722257,6.159403180165275,6.159338355873209,6.159307734109069,6.1593125238197555,6.15935253590756,6.159426190695623,6.15951499900473,6.159612392340509,6.159733582263604,6.1598743345628755,6.160029731540759,6.160194343829667,6.160362420085932,6.1605280879338284,6.160685559139027,6.161053000470957,,,,,,,,,,,,,,,,,,,,,,,,,-75.59717579728495,-75.59727146309885,-75.59739634051003,-75.59754535170669,-75.59771243752483,-75.59789080383055,-75.59807319778957,-75.59825220279042,-75.59842054002748,-75.59859611616268,-75.59874360574936,-75.59886868653572,-75.59896651068613,-75.59903328678102,-75.5990664267613,-75.59906464623161,-75.59902801423554,-75.59895795057436,-75.59875778169858,-75.59865593100803,-75.59852681266139,-75.59837552427346,-75.59820803872272,-75.5980309683432,-75.59785130387257,-75.59767613846165,-75.597512387641,-75.59735794844093,-75.59722014115994,-75.59710297147511,-75.59701053315125,-75.59694605588084,-75.59691179244075,-75.59690893998028,-75.59693759819038,-75.59699676581654,-75.59717579728495,,,,,,,,,,,,,,,,,,,,,,,,,667ecf2e5002e5c1cb2c5421,667ecf2e5002e5c1cb2c5422,667ecf2e5002e5c1cb2c5423,667ecf2e5002e5c1cb2c5424,667ecf2e5002e5c1cb2c5425,667ecf2e5002e5c1cb2c5426,667ecf2e5002e5c1cb2c5427,667ecf2e5002e5c1cb2c5428,667ecf2e5002e5c1cb2c5429,667ecf2e5002e5c1cb2c542a,667ecf2e5002e5c1cb2c542b,667ecf2e5002e5c1cb2c542c,667ecf2e5002e5c1cb2c542d,667ecf2e5002e5c1cb2c542e,667ecf2e5002e5c1cb2c542f,667ecf2e5002e5c1cb2c5430,667ecf2e5002e5c1cb2c5431,667ecf2e5002e5c1cb2c5432,667ecf2e5002e5c1cb2c5433,667ecf2e5002e5c1cb2c5434,667ecf2e5002e5c1cb2c5435,667ecf2e5002e5c1cb2c5436,667ecf2e5002e5c1cb2c5437,667ecf2e5002e5c1cb2c5438,667ecf2e5002e5c1cb2c5439,667ecf2e5002e5c1cb2c543a,667ecf2e5002e5c1cb2c543b,667ecf2e5002e5c1cb2c543c,667ecf2e5002e5c1cb2c543d,667ecf2e5002e5c1cb2c543e,667ecf2e5002e5c1cb2c543f,667ecf2e5002e5c1cb2c5440,667ecf2e5002e5c1cb2c5441,667ecf2e5002e5c1cb2c5442,667ecf2e5002e5c1cb2c5443,667ecf2e5002e5c1cb2c5444,667ecf2e5002e5c1cb2c5445,,,,,,,,,,,,,,,,,,,,,,,,,1
667e51f1cb4b99a0554c5d2a,Parroquia del Sagrado Corazon de Jesus,6.159856201022932,6.159607865138348,6.159885636502887,6.16010108333951,6.159856201022932,,,,,,,,,,,,,,-75.59812815179451,-75.59797138142015,-75.59766841351416,-75.59781968027934,-75.59812815179451,,,,,,,,,,,,,,667e51f1cb4b99a0554c5d2b,667e51f1cb4b99a0554c5d2c,667e51f1cb4b99a0554c5d2d,667e51f1cb4b99a0554c5d2e,667e51f1cb4b99a0554c5d2f,,,,,,,,,,,,,,667a50110cc99ae2fa6ed6de,6.1604184217655895,6.1603134830937485,6.160188791698767,6.160049733751699,6.159902315996953,6.1597529062839405,6.159607958501271,6.159473733795265,6.1592253980895935,6.159114557435572,6.159022420219984,6.158952479755923,6.15890738778217,6.158888853925606,6.1588975808827655,6.158933237777969,6.158994472708062,6.159078963998177,6.1593567350859875,6.159467119904281,6.159595038468856,6.159735131643923,6.159881530235189,6.160028100878471,6.160168702996469,6.160297446058536,6.160512893062283,6.160624065407021,6.160713464292234,6.1607773677392395,6.1608131152297485,6.160819218473486,6.160795423371512,6.160742720595361,6.160663304341513,6.1604184217655895,,,,,,,,,,,,,,,,,,,,,,,,,,-75.59857967452132,-75.59868681471752,-75.59876982289475,-75.59882511344874,-75.59885029807218,-75.59884428891661,-75.59880734557882,-75.59874106388293,-75.59858429333481,-75.59849812517686,-75.59839198592123,-75.59826989976703,-75.59813649552201,-75.59799683110589,-75.59785620178509,-75.59771993940917,-75.5975932102604,-75.59748081918023,-75.59717785131942,-75.5970798135096,-75.59700643503079,-75.5969607900859,-75.59694479098923,-75.59695910804687,-75.59700314147021,-75.59707504649997,-75.59722631314166,-75.59732273869037,-75.59743985359705,-75.59757278198022,-75.59771598958285,-75.5978635141842,-75.59800921382995,-75.59814702254585,-75.59827120288774,-75.59857967452132,,,,,,,,,,,,,,,,,,,,,,,,,,667ecf2e5002e5c1cb2c5451,667ecf2e5002e5c1cb2c5452,667ecf2e5002e5c1cb2c5453,667ecf2e5002e5c1cb2c5454,667ecf2e5002e5c1cb2c5455,667ecf2e5002e5c1cb2c5456,667ecf2e5002e5c1cb2c5457,667ecf2e5002e5c1cb2c5458,667ecf2e5002e5c1cb2c5459,667ecf2e5002e5c1cb2c545a,667ecf2e5002e5c1cb2c545b,667ecf2e5002e5c1cb2c545c,667ecf2e5002e5c1cb2c545d,667ecf2e5002e5c1cb2c545e,667ecf2e5002e5c1cb2c545f,667ecf2e5002e5c1cb2c5460,667ecf2e5002e5c1cb2c5461,667ecf2e5002e5c1cb2c5462,667ecf2e5002e5c1cb2c5463,667ecf2e5002e5c1cb2c5464,667ecf2e5002e5c1cb2c5465,667ecf2e5002e5c1cb2c5466,667ecf2e5002e5c1cb2c5467,667ecf2e5002e5c1cb2c5468,667ecf2e5002e5c1cb2c5469,667ecf2e5002e5c1cb2c546a,667ecf2e5002e5c1cb2c546b,667ecf2e5002e5c1cb2c546c,667ecf2e5002e5c1cb2c546d,667ecf2e5002e5c1cb2c546e,667ecf2e5002e5c1cb2c546f,667ecf2e5002e5c1cb2c5470,667ecf2e5002e5c1cb2c5471,667ecf2e5002e5c1cb2c5472,667ecf2e5002e5c1cb2c5473,667ecf2e5002e5c1cb2c5474,,,,,,,,,,,,,,,,,,,,,,,,,,1
667e51f8cb4b99a0554c5d36,Club Atletico San Loranzo La Paz,6.164598488511529,6.16432659417589,6.163971832742392,6.164235302591351,6.164598488511529,,,,,,,,,,,,,,-75.59427727943672,-75.59451785895529,-75.59409557594331,-75.59387427737896,-75.59427727943672,,,,,,,,,,,,,,667e51f8cb4b99a0554c5d37,667e51f8cb4b99a0554c5d38,667e51f8cb4b99a0554c5d39,667e51f8cb4b99a0554c5d3a,667e51f8cb4b99a0554c5d3b,,,,,,,,,,,,,,667a4aaf0cc99ae2fa6ed6c3,6.165264809273806,6.165370695282238,6.165446343105145,6.165488790504144,6.165496375311696,6.165468800519669,6.165407145909845,6.165313825770891,6.165192494357641,6.164920599717553,6.164775516879172,6.164612743443543,6.164438693803087,6.164260226703767,6.164084374962722,6.16391806832733,6.163767860397034,6.163639670368835,6.163284909394691,6.1631845539606305,6.163114676609401,6.163077982508004,6.163075892197447,6.163108486600041,6.163174503886702,6.163271388325503,6.163395389220553,6.163658858783227,6.163800601929119,6.1639582007267935,6.164125906794341,6.164297603083831,6.164467026998777,6.164627998821326,6.164774647117313,6.164901622897441,6.165264809273806,,,,,,,,,,,,,,,,,,,,,,,,,-75.59366978463339,-75.59381364933638,-75.59397566899128,-75.59414949919393,-75.59432833305291,-75.5945051677393,-75.59467307870948,-75.59482549086236,-75.59495643601193,-75.59519701545176,-75.59530165075779,-75.59537539926428,-75.5954153548024,-75.59541994288433,-75.59538898274378,-75.59532369445387,-75.59522665084279,-75.59510167610281,-75.59467939324723,-75.59453280932698,-75.5943692987555,-75.59419519153485,-75.59401722789008,-75.59384229733797,-75.59367717197675,-75.59352824432112,-75.59340127983094,-75.59317998116227,-75.59308241763017,-75.59301373699768,-75.59297644440244,-75.59297190011505,-75.59300026991922,-75.59306051906024,-75.59315044998328,-75.59326678248536,-75.59366978463339,,,,,,,,,,,,,,,,,,,,,,,,,667ecf2e5002e5c1cb2c5481,667ecf2e5002e5c1cb2c5482,667ecf2e5002e5c1cb2c5483,667ecf2e5002e5c1cb2c5484,667ecf2e5002e5c1cb2c5485,667ecf2e5002e5c1cb2c5486,667ecf2e5002e5c1cb2c5487,667ecf2e5002e5c1cb2c5488,667ecf2e5002e5c1cb2c5489,667ecf2e5002e5c1cb2c548a,667ecf2e5002e5c1cb2c548b,667ecf2e5002e5c1cb2c548c,667ecf2e5002e5c1cb2c548d,667ecf2e5002e5c1cb2c548e,667ecf2e5002e5c1cb2c548f,667ecf2e5002e5c1cb2c5490,667ecf2e5002e5c1cb2c5491,667ecf2e5002e5c1cb2c5492,667ecf2e5002e5c1cb2c5493,667ecf2e5002e5c1cb2c5494,667ecf2e5002e5c1cb2c5495,667ecf2e5002e5c1cb2c5496,667ecf2e5002e5c1cb2c5497,667ecf2e5002e5c1cb2c5498,667ecf2e5002e5c1cb2c5499,667ecf2e5002e5c1cb2c549a,667ecf2e5002e5c1cb2c549b,667ecf2e5002e5c1cb2c549c,667ecf2e5002e5c1cb2c549d,667ecf2e5002e5c1cb2c549e,667ecf2e5002e5c1cb2c549f,667ecf2e5002e5c1cb2c54a0,667ecf2e5002e5c1cb2c54a1,667ecf2e5002e5c1cb2c54a2,667ecf2e5002e5c1cb2c54a3,667ecf2e5002e5c1cb2c54a4,667ecf2e5002e5c1cb2c54a5,,,,,,,,,,,,,,,,,,,,,,,,,1
667e5205cb4b99a0554c5d42,Pista de Patinaje La Paz,6.164158730208352,6.163945352271496,6.163577494656275,6.163795710055978,6.164158730208352,,,,,,,,,,,,,,-75.59375991413228,-75.59396196935747,-75.59357730187652,-75.59336857857403,-75.59375991413228,,,,,,,,,,,,,,667e5205cb4b99a0554c5d43,667e5205cb4b99a0554c5d44,667e5205cb4b99a0554c5d45,667e5205cb4b99a0554c5d46,667e5205cb4b99a0554c5d47,,,,,,,,,,,,,,667a4aaf0cc99ae2fa6ed6c3,6.164816279702168,6.1649230712701115,6.1650006565482185,6.165046070910126,6.165057579018097,6.1650347411333275,6.164978429919148,6.1648907970950075,6.164775191215524,6.164561813030722,6.164423243982848,6.16426655849492,6.1640976963858725,6.163923059074592,6.163749266906616,6.163582908182445,6.1634302894016,6.163297196190395,6.162929339024576,6.162819822437116,6.1627396332819115,6.162691875452888,6.162678397518998,6.1626997211724195,6.162755021035646,6.162842156609019,6.162957755122183,6.163175970266984,6.163315919801499,6.163474530422072,6.163645633101407,6.163822572937915,6.163998467991776,6.164166476952457,6.164320065227024,6.164453259099847,6.164816279702168,,,,,,,,,,,,,,,,,,,,,,,,,-75.59314282677914,-75.59328328058074,-75.59344194711701,-75.59361276355627,-75.59378920279782,-75.59396452288384,-75.59413202462127,-75.59428530757013,-75.59441851461469,-75.59462056980976,-75.59472823736998,-75.59480685632266,-75.59485344631425,-75.59486624118878,-75.59484475593716,-75.59478980507826,-75.5947034717765,-75.59458902886689,-75.59420436142113,-75.59406458702638,-75.5939059512064,-75.59373459430927,-75.5935571490728,-75.59338048389355,-75.59321143697476,-75.59305655164285,-75.5929218230771,-75.59271309974885,-75.59260351264793,-75.59252368213252,-75.5924767131714,-75.59246443261691,-75.59248731814635,-75.59254447967774,-75.59263369398371,-75.59275149115814,-75.59314282677914,,,,,,,,,,,,,,,,,,,,,,,,,667ecf2e5002e5c1cb2c54b1,667ecf2e5002e5c1cb2c54b2,667ecf2e5002e5c1cb2c54b3,667ecf2e5002e5c1cb2c54b4,667ecf2e5002e5c1cb2c54b5,667ecf2e5002e5c1cb2c54b6,667ecf2e5002e5c1cb2c54b7,667ecf2e5002e5c1cb2c54b8,667ecf2e5002e5c1cb2c54b9,667ecf2e5002e5c1cb2c54ba,667ecf2e5002e5c1cb2c54bb,667ecf2e5002e5c1cb2c54bc,667ecf2e5002e5c1cb2c54bd,667ecf2e5002e5c1cb2c54be,667ecf2e5002e5c1cb2c54bf,667ecf2e5002e5c1cb2c54c0,667ecf2e5002e5c1cb2c54c1,667ecf2e5002e5c1cb2c54c2,667ecf2e5002e5c1cb2c54c3,667ecf2e5002e5c1cb2c54c4,667ecf2e5002e5c1cb2c54c5,667ecf2e5002e5c1cb2c54c6,667ecf2e5002e5c1cb2c54c7,667ecf2e5002e5c1cb2c54c8,667ecf2e5002e5c1cb2c54c9,667ecf2e5002e5c1cb2c54ca,667ecf2e5002e5c1cb2c54cb,667ecf2e5002e5c1cb2c54cc,667ecf2e5002e5c1cb2c54cd,667ecf2e5002e5c1cb2c54ce,667ecf2e5002e5c1cb2c54cf,667ecf2e5002e5c1cb2c54d0,667ecf2e5002e5c1cb2c54d1,667ecf2e5002e5c1cb2c54d2,667ecf2e5002e5c1cb2c54d3,667ecf2e5002e5c1cb2c54d4,667ecf2e5002e5c1cb2c54d5,,,,,,,,,,,,,,,,,,,,,,,,,1
667e5210cb4b99a0554c5d4e,Institucion educativa la Paz,6.163598778566205,6.164231079322214,6.164050769891529,6.163484741108678,6.163148042622002,6.163333594058249,6.163598778566205,,,,,,,,,,,,-75.59442739841175,-75.5947479841722,-75.59494499449487,-75.594596958845,-75.59430379827363,-75.59416592415407,-75.59442739841175,,,,,,,,,,,,667e5210cb4b99a0554c5d4f,667e5210cb4b99a0554c5d50,667e5210cb4b99a0554c5d51,667e5210cb4b99a0554c5d52,667e5210cb4b99a0554c5d53,667e5210cb4b99a0554c5d54,667e5210cb4b99a0554c5d55,,,,,,,,,,,,667a4a900cc99ae2fa6ed6c1,6.164128470605506,6.164635888555518,6.164791119043842,6.164922821611467,6.165025463262161,6.165094731883802,6.165127717408167,6.1651230340684915,6.165080878618266,6.165003022065225,6.164892735267844,6.16471242561228,6.164580781345354,6.164428739595789,6.164262151702405,6.164087428807816,6.163911295124121,6.163740529151011,6.16358170280563,6.163015674523226,6.162896139483765,6.162559441370618,6.162436590154317,6.162341845675289,6.162278950909371,6.162250390576389,6.162257292980208,6.162299385434638,6.162375005036,6.162481164356832,6.162613669465597,6.162799220714959,6.162954943555894,6.163126014975418,6.163305500620052,6.163486125059891,6.1636605666967474,6.163821754544886,6.163963154854323,6.164128470605506,,,,,,,,,,,,,,,,,,,,,,-75.59368298530772,-75.59394025294893,-75.5940402351207,-75.59416995074014,-75.59432395030508,-75.5944957641013,-75.59467817400493,-75.59486351672894,-75.5950440057727,-75.59521205854833,-75.59536061493968,-75.59555762529983,-75.59567576294155,-75.59576577688956,-75.5958242029753,-75.5958487926986,-75.59583859975723,-75.59579401646025,-75.59571675862483,-75.59536872245933,-75.59528085670695,-75.59498769602682,-75.59485709812077,-75.59470464154258,-75.5945363492525,-75.59435886980798,-75.59417921470886,-75.59400448140501,-75.59384157290887,-75.59369692508874,-75.59357625241579,-75.59343837818068,-75.59334546096453,-75.59328580108077,-75.59326181686642,-75.59327448055504,-75.59332327886162,-75.5934062337827,-75.59351998276946,-75.59368298530772,,,,,,,,,,,,,,,,,,,,,,667ecf2e5002e5c1cb2c54e6,667ecf2e5002e5c1cb2c54e7,667ecf2e5002e5c1cb2c54e8,667ecf2e5002e5c1cb2c54e9,667ecf2e5002e5c1cb2c54ea,667ecf2e5002e5c1cb2c54eb,667ecf2e5002e5c1cb2c54ec,667ecf2e5002e5c1cb2c54ed,667ecf2e5002e5c1cb2c54ee,667ecf2e5002e5c1cb2c54ef,667ecf2e5002e5c1cb2c54f0,667ecf2e5002e5c1cb2c54f1,667ecf2e5002e5c1cb2c54f2,667ecf2e5002e5c1cb2c54f3,667ecf2e5002e5c1cb2c54f4,667ecf2e5002e5c1cb2c54f5,667ecf2e5002e5c1cb2c54f6,667ecf2e5002e5c1cb2c54f7,667ecf2e5002e5c1cb2c54f8,667ecf2e5002e5c1cb2c54f9,667ecf2e5002e5c1cb2c54fa,667ecf2e5002e5c1cb2c54fb,667ecf2e5002e5c1cb2c54fc,667ecf2e5002e5c1cb2c54fd,667ecf2e5002e5c1cb2c54fe,667ecf2e5002e5c1cb2c54ff,667ecf2e5002e5c1cb2c5500,667ecf2e5002e5c1cb2c5501,667ecf2e5002e5c1cb2c5502,667ecf2e5002e5c1cb2c5503,667ecf2e5002e5c1cb2c5504,667ecf2e5002e5c1cb2c5505,667ecf2e5002e5c1cb2c5506,667ecf2e5002e5c1cb2c5507,667ecf2e5002e5c1cb2c5508,667ecf2e5002e5c1cb2c5509,667ecf2e5002e5c1cb2c550a,667ecf2e5002e5c1cb2c550b,667ecf2e5002e5c1cb2c550c,667ecf2e5002e5c1cb2c550d,,,,,,,,,,,,,,,,,,,,,,1
667e521bcb4b99a0554c5d5e,SoulinePark - La Paz,6.164331429240745,6.164243892290546,6.163696434210566,6.163968775361727,6.164331429240745,,,,,,,,,,,,,,-75.59452089278982,-75.59458775885759,-75.5943389542387,-75.59409302942679,-75.59452089278982,,,,,,,,,,,,,,667e521bcb4b99a0554c5d5f,667e521bcb4b99a0554c5d60,667e521bcb4b99a0554c5d61,667e521bcb4b99a0554c5d62,667e521bcb4b99a0554c5d63,,,,,,,,,,,,,,667a4aaf0cc99ae2fa6ed6c3,6.165015804334587,6.165119554224139,6.1651908090233425,6.16522663082396,6.165225542656075,6.165187589385986,6.165114335866274,6.165008802414401,6.1648753402802345,6.164787803240289,6.16462266015277,6.164440111235345,6.164248545329063,6.164056765631917,6.163873585157012,6.163326127459176,6.163171740982336,6.1630379735811305,6.162930081948464,6.162852305927466,6.162807701899336,6.162798022677665,6.16282364862874,6.162883572724445,6.162975440115062,6.163095640667007,6.163367981509759,6.163512560077496,6.163675245678186,6.163849581390283,6.164028647897833,6.164205338114453,6.164372639260949,6.164523911201003,6.164653149987728,6.165015804334587,,,,,,,,,,,,,,,,,,,,,,,,,,-75.59393405450616,-75.59408520345484,-75.59425431631676,-75.59443442040147,-75.5946180898326,-75.59479775172866,-75.59496599844552,-75.59511589300519,-75.59524125511754,-75.595308121135,-75.59540816923597,-75.59547051623275,-75.5954922970753,-75.59547251089305,-75.59541206698093,-75.59516326168512,-75.59507359382182,-75.59495505662201,-75.59481230829311,-75.59465095846303,-75.59447734773781,-75.59429829853572,-75.59412084698879,-75.59395196644662,-75.59379829344716,-75.59366586692234,-75.59341994204341,-75.59331351038469,-75.59323801748752,-75.59319645966201,-75.59319048635572,-75.59322033468275,-75.5932848200071,-75.5933813829552,-75.59350619099234,-75.59393405450616,,,,,,,,,,,,,,,,,,,,,,,,,,667ecf2e5002e5c1cb2c551b,667ecf2e5002e5c1cb2c551c,667ecf2e5002e5c1cb2c551d,667ecf2e5002e5c1cb2c551e,667ecf2e5002e5c1cb2c551f,667ecf2e5002e5c1cb2c5520,667ecf2e5002e5c1cb2c5521,667ecf2e5002e5c1cb2c5522,667ecf2e5002e5c1cb2c5523,667ecf2e5002e5c1cb2c5524,667ecf2e5002e5c1cb2c5525,667ecf2e5002e5c1cb2c5526,667ecf2e5002e5c1cb2c5527,667ecf2e5002e5c1cb2c5528,667ecf2e5002e5c1cb2c5529,667ecf2e5002e5c1cb2c552a,667ecf2e5002e5c1cb2c552b,667ecf2e5002e5c1cb2c552c,667ecf2e5002e5c1cb2c552d,667ecf2e5002e5c1cb2c552e,667ecf2e5002e5c1cb2c552f,667ecf2e5002e5c1cb2c5530,667ecf2e5002e5c1cb2c5531,667ecf2e5002e5c1cb2c5532,667ecf2e5002e5c1cb2c5533,667ecf2e5002e5c1cb2c5534,667ecf2e5002e5c1cb2c5535,667ecf2e5002e5c1cb2c5536,667ecf2e5002e5c1cb2c5537,667ecf2e5002e5c1cb2c5538,667ecf2e5002e5c1cb2c5539,667ecf2e5002e5c1cb2c553a,667ecf2e5002e5c1cb2c553b,667ecf2e5002e5c1cb2c553c,667ecf2e5002e5c1cb2c553d,667ecf2e5002e5c1cb2c553e,,,,,,,,,,,,,,,,,,,,,,,,,,1
667e5221cb4b99a0554c5d6a,I.E. La Paz,6.16234515759115,6.162721089215903,6.162808956300633,6.162968159583391,6.162368758734971,6.16176541053633,6.161998526600776,6.16234515759115,,,,,,,,,,,-75.5933620503585,-75.59358900384002,-75.5935263986139,-75.59374637845285,-75.59423004680131,-75.59348729175645,-75.59336454667695,-75.5933620503585,,,,,,,,,,,667e5221cb4b99a0554c5d6b,667e5221cb4b99a0554c5d6c,667e5221cb4b99a0554c5d6d,667e5221cb4b99a0554c5d6e,667e5221cb4b99a0554c5d6f,667e5221cb4b99a0554c5d70,667e5221cb4b99a0554c5d71,667e5221cb4b99a0554c5d72,,,,,,,,,,,667a4a900cc99ae2fa6ed6c1,6.1628779965904705,6.162954561307426,6.163123540010484,6.163280626480192,6.163419882342139,6.163536043271949,6.163695246772853,6.163782305184188,6.163839911000947,6.1638659802636315,6.163859569885182,6.163820911768795,6.163751404418413,6.1636535623454325,6.163530925102021,6.162931523617925,6.162784748143954,6.162622167002102,6.16244995753706,6.162274662919942,6.162102943537048,6.1619413239259675,6.161795944874238,6.161672330099549,6.161068982692691,6.1609710561996565,6.160903877823743,6.160870047917926,6.160870875976074,6.160906329945571,6.160975037467996,6.16107433899984,6.161200390757205,6.161348313499957,6.161581429381172,6.16178063900117,6.161992086828091,6.162338717814232,6.162502108311751,6.162660281295846,6.16280797859165,6.1628779965904705,,,,,,,,,,,,,,,,,,,,-75.59262875283467,-75.5926337849951,-75.59267899638428,-75.59275624229254,-75.59286260260261,-75.59299405657002,-75.59321403655066,-75.59336213117325,-75.59352412639971,-75.59369416186199,-75.59386608632265,-75.59403368020638,-75.59419088060412,-75.59433200060889,-75.59445193504857,-75.59493560311296,-75.59503200783816,-75.59509794167387,-75.59513089946275,-75.595129628992,-75.59509417856714,-75.59502589517147,-75.59492737328235,-75.5948023562895,-75.59405960156873,-75.59391137911888,-75.59374674101406,-75.59357206010137,-75.59339409796117,-75.59321974318226,-75.59305574472114,-75.59290845066583,-75.59278356251542,-75.59268591448634,-75.59256316915132,-75.59248695015259,-75.59246002338013,-75.59245752647085,-75.5924713848948,-75.5925148518686,-75.59258648243689,-75.59262875283467,,,,,,,,,,,,,,,,,,,,667ecf2e5002e5c1cb2c5552,667ecf2e5002e5c1cb2c5553,667ecf2e5002e5c1cb2c5554,667ecf2e5002e5c1cb2c5555,667ecf2e5002e5c1cb2c5556,667ecf2e5002e5c1cb2c5557,667ecf2e5002e5c1cb2c5558,667ecf2e5002e5c1cb2c5559,667ecf2e5002e5c1cb2c555a,667ecf2e5002e5c1cb2c555b,667ecf2e5002e5c1cb2c555c,667ecf2e5002e5c1cb2c555d,667ecf2e5002e5c1cb2c555e,667ecf2e5002e5c1cb2c555f,667ecf2e5002e5c1cb2c5560,667ecf2e5002e5c1cb2c5561,667ecf2e5002e5c1cb2c5562,667ecf2e5002e5c1cb2c5563,667ecf2e5002e5c1cb2c5564,667ecf2e5002e5c1cb2c5565,667ecf2e5002e5c1cb2c5566,667ecf2e5002e5c1cb2c5567,667ecf2e5002e5c1cb2c5568,667ecf2e5002e5c1cb2c5569,667ecf2e5002e5c1cb2c556a,667ecf2e5002e5c1cb2c556b,667ecf2e5002e5c1cb2c556c,667ecf2e5002e5c1cb2c556d,667ecf2e5002e5c1cb2c556e,667ecf2e5002e5c1cb2c556f,667ecf2e5002e5c1cb2c5570,667ecf2e5002e5c1cb2c5571,667ecf2e5002e5c1cb2c5572,667ecf2e5002e5c1cb2c5573,667ecf2e5002e5c1cb2c5574,667ecf2e5002e5c1cb2c5575,667ecf2e5002e5c1cb2c5576,667ecf2e5002e5c1cb2c5577,667ecf2e5002e5c1cb2c5578,667ecf2e5002e5c1cb2c5579,667ecf2e5002e5c1cb2c557a,667ecf2e5002e5c1cb2c557b,,,,,,,,,,,,,,,,,,,,1
667e522dcb4b99a0554c5d7c,Parroquia San Ignacion de antioquia,6.159950079392013,6.159611291293537,6.159763165490048,6.159950079392013,,,,,,,,,,,,,,,-75.59425063352937,-75.59407987667893,-75.59381221178222,-75.59425063352937,,,,,,,,,,,,,,,667e522dcb4b99a0554c5d7d,667e522dcb4b99a0554c5d7e,667e522dcb4b99a0554c5d7f,667e522dcb4b99a0554c5d80,,,,,,,,,,,,,,,667a50110cc99ae2fa6ed6de,6.160611307136681,6.160654947043447,6.160669534709151,6.160654468878339,6.160610370514852,6.160539057207436,6.1604434682539,6.160327543511777,6.1601960610090885,6.1600544400086985,6.15990851764351,6.159764308329151,6.159627755870402,6.159288967977624,6.159165848522397,6.159061041575233,6.158978855822209,6.158922669974704,6.1588947938696705,6.158896373511754,6.158927343960858,6.158986432001832,6.159138306019593,6.1592223798904495,6.159328364300179,6.159451965179808,6.159588174707496,6.159731474204542,6.159876057729825,6.160016067313668,6.160145830300448,6.1602600891837165,6.16035421462163,6.160424393001902,6.160611307136681,,,,,,,,,,,,,,,,,,,,,,,,,,,-75.59396544622587,-75.59410564726394,-75.5942518241573,-75.59439795197689,-75.59453800781638,-75.59466621903934,-75.59477730121048,-75.59486667590394,-75.59493065941064,-75.59496661456696,-75.59497305944716,-75.59494972843964,-75.5948975831907,-75.59472682603109,-75.59464813326122,-75.59454607906345,-75.59442485896886,-75.5942894564244,-75.59414543792084,-75.59399872415257,-75.59385534661673,-75.59372119965748,-75.59345353497318,-75.59333493750192,-75.59323567729054,-75.59315977598267,-75.5931103088182,-75.59308928003445,-75.59309754165943,-75.59313475898726,-75.59319942413546,-75.59328891713518,-75.59339961208006,-75.59352702403304,-75.59396544622587,,,,,,,,,,,,,,,,,,,,,,,,,,,667ecf2e5002e5c1cb2c5585,667ecf2e5002e5c1cb2c5586,667ecf2e5002e5c1cb2c5587,667ecf2e5002e5c1cb2c5588,667ecf2e5002e5c1cb2c5589,667ecf2e5002e5c1cb2c558a,667ecf2e5002e5c1cb2c558b,667ecf2e5002e5c1cb2c558c,667ecf2e5002e5c1cb2c558d,667ecf2e5002e5c1cb2c558e,667ecf2e5002e5c1cb2c558f,667ecf2e5002e5c1cb2c5590,667ecf2e5002e5c1cb2c5591,667ecf2e5002e5c1cb2c5592,667ecf2e5002e5c1cb2c5593,667ecf2e5002e5c1cb2c5594,667ecf2e5002e5c1cb2c5595,667ecf2e5002e5c1cb2c5596,667ecf2e5002e5c1cb2c5597,667ecf2e5002e5c1cb2c5598,667ecf2e5002e5c1cb2c5599,667ecf2e5002e5c1cb2c559a,667ecf2e5002e5c1cb2c559b,667ecf2e5002e5c1cb2c559c,667ecf2e5002e5c1cb2c559d,667ecf2e5002e5c1cb2c559e,667ecf2e5002e5c1cb2c559f,667ecf2e5002e5c1cb2c55a0,667ecf2e5002e5c1cb2c55a1,667ecf2e5002e5c1cb2c55a2,667ecf2e5002e5c1cb2c55a3,667ecf2e5002e5c1cb2c55a4,667ecf2e5002e5c1cb2c55a5,667ecf2e5002e5c1cb2c55a6,667ecf2e5002e5c1cb2c55a7,,,,,,,,,,,,,,,,,,,,,,,,,,,1
667e5235cb4b99a0554c5d86,I.E. Marie Paussepin,6.171626158167668,6.171859609750951,6.17202304910146,6.171828503861809,6.17168394185423,6.171442446227076,6.171023178399374,6.170932685819705,6.171550782671507,6.171626158167668,,,,,,,,,-75.57674923872297,-75.57673285069069,-75.5770206240064,-75.57713316290736,-75.5769760328436,-75.57699163926269,-75.5771523950855,-75.57696563520801,-75.57670809968943,-75.57674923872297,,,,,,,,,667e5235cb4b99a0554c5d87,667e5235cb4b99a0554c5d88,667e5235cb4b99a0554c5d89,667e5235cb4b99a0554c5d8a,667e5235cb4b99a0554c5d8b,667e5235cb4b99a0554c5d8c,667e5235cb4b99a0554c5d8d,667e5235cb4b99a0554c5d8e,667e5235cb4b99a0554c5d8f,667e5235cb4b99a0554c5d90,,,,,,,,,667a4a900cc99ae2fa6ed6c1,6.171454780515409,6.171343512033119,6.17118330291785,6.17101761810641,6.1708521234639155,6.170692478347096,6.170544142073736,6.170412187233418,6.170301126223604,6.17021475694271,6.170124264501092,6.1700612214879875,6.170034300216464,6.170044616555416,6.170091742899438,6.1701737258925275,6.1702871673922415,6.1704273653186705,6.1705885085504715,6.171206605000782,6.171359135818805,6.171517721270364,6.171677351239574,6.171763458626591,6.171796995932294,6.17196479576205,6.1721289315983725,6.172283685975972,6.172423668216061,6.172544002205102,6.172640496249781,6.172803935841171,6.172875854779256,6.172915121662584,6.172920233043442,6.172890993217607,6.172828521717576,6.172735210447344,6.172614632100108,6.172471403365596,6.172276857961329,6.1721196061674855,6.171951623417311,6.171779102107024,6.171608401933021,6.171454780515409,,,,,,,,,,,,,,,,-75.57795496602061,-75.57799762841843,-75.57804250341589,-75.57805693967829,-75.57804044356232,-75.57799357920769,-75.57791794924172,-75.57781613997153,-75.57769163293878,-75.57754868586163,-75.57736192620139,-75.57718902634198,-75.57700686706717,-75.5768229987592,-75.57664504263757,-75.57648037486915,-75.5763358208349,-75.57621737222465,-75.57612993868575,-75.57587240235968,-75.57582431488215,-75.57580414839167,-75.57581254002378,-75.57583283683438,-75.57583048249614,-75.57583449582069,-75.57586980219216,-75.57593517178569,-75.57602832755683,-75.57614602455641,-75.57628416296272,-75.57657193656415,-75.57673347802323,-75.57690601370666,-75.5770829375818,-75.57725747559874,-75.57742294505853,-75.57757301048345,-75.57770192619205,-75.57780475629063,-75.5779172949989,-75.5779890271582,-75.57802920933376,-75.57803636030889,-75.57801021650737,-75.57795496602061,,,,,,,,,,,,,,,,667ecf2e5002e5c1cb2c55be,667ecf2e5002e5c1cb2c55bf,667ecf2e5002e5c1cb2c55c0,667ecf2e5002e5c1cb2c55c1,667ecf2e5002e5c1cb2c55c2,667ecf2e5002e5c1cb2c55c3,667ecf2e5002e5c1cb2c55c4,667ecf2e5002e5c1cb2c55c5,667ecf2e5002e5c1cb2c55c6,667ecf2e5002e5c1cb2c55c7,667ecf2e5002e5c1cb2c55c8,667ecf2e5002e5c1cb2c55c9,667ecf2e5002e5c1cb2c55ca,667ecf2e5002e5c1cb2c55cb,667ecf2e5002e5c1cb2c55cc,667ecf2e5002e5c1cb2c55cd,667ecf2e5002e5c1cb2c55ce,667ecf2e5002e5c1cb2c55cf,667ecf2e5002e5c1cb2c55d0,667ecf2e5002e5c1cb2c55d1,667ecf2e5002e5c1cb2c55d2,667ecf2e5002e5c1cb2c55d3,667ecf2e5002e5c1cb2c55d4,667ecf2e5002e5c1cb2c55d5,667ecf2e5002e5c1cb2c55d6,667ecf2e5002e5c1cb2c55d7,667ecf2e5002e5c1cb2c55d8,667ecf2e5002e5c1cb2c55d9,667ecf2e5002e5c1cb2c55da,667ecf2e5002e5c1cb2c55db,667ecf2e5002e5c1cb2c55dc,667ecf2e5002e5c1cb2c55dd,667ecf2e5002e5c1cb2c55de,667ecf2e5002e5c1cb2c55df,667ecf2e5002e5c1cb2c55e0,667ecf2e5002e5c1cb2c55e1,667ecf2e5002e5c1cb2c55e2,667ecf2e5002e5c1cb2c55e3,667ecf2e5002e5c1cb2c55e4,667ecf2e5002e5c1cb2c55e5,667ecf2e5002e5c1cb2c55e6,667ecf2e5002e5c1cb2c55e7,667ecf2e5002e5c1cb2c55e8,667ecf2e5002e5c1cb2c55e9,667ecf2e5002e5c1cb2c55ea,667ecf2e5002e5c1cb2c55eb,,,,,,,,,,,,,,,,1
667e5240cb4b99a0554c5d9c,Colegio Cumbres envigado,6.169131124687195,6.169123392910356,6.168611827487585,6.168914621352187,6.168871484648465,6.168462850590716,6.168431199495489,6.167677939189448,6.167676325118256,6.167997410243751,6.16836926883613,6.168336652682145,6.168459424297692,6.168111518596506,6.168790868503292,6.169131124687195,,,-75.57031613161412,-75.57156320721634,-75.57193208968114,-75.57212643847251,-75.57227596316045,-75.57206734160015,-75.57191457906417,-75.571986732152,-75.5714317551725,-75.57122862509236,-75.57118019785219,-75.57096199641248,-75.5708323376704,-75.57043735322513,-75.56987990542038,-75.57031613161412,,,667e5240cb4b99a0554c5d9d,667e5240cb4b99a0554c5d9e,667e5240cb4b99a0554c5d9f,667e5240cb4b99a0554c5da0,667e5240cb4b99a0554c5da1,667e5240cb4b99a0554c5da2,667e5240cb4b99a0554c5da3,667e5240cb4b99a0554c5da4,667e5240cb4b99a0554c5da5,667e5240cb4b99a0554c5da6,667e5240cb4b99a0554c5da7,667e5240cb4b99a0554c5da8,667e5240cb4b99a0554c5da9,667e5240cb4b99a0554c5daa,667e5240cb4b99a0554c5dab,667e5240cb4b99a0554c5dac,,,667a4a900cc99ae2fa6ed6c1,6.16803546452462,6.167763197784549,6.16757661581273,6.167394395565738,6.1672243811178395,6.167073891110454,6.166949403707232,6.166856277730106,6.166798521980076,6.166778622672247,6.166777008603761,6.166794847069646,6.166848691949229,6.166936343806127,6.167054222267232,6.167197512270666,6.1672395938816535,6.167218739638837,6.167215128605208,6.16724776673244,6.167315334169911,6.167415098562651,6.1675430255433366,6.168222374721611,6.168371139714751,6.168536427237289,6.168711730799274,6.168890149626035,6.169064660304456,6.169228393257946,6.169374903166726,6.169498422688236,6.169838679326306,6.169944242282626,6.170009239255555,6.170030427571463,6.170022695781523,6.17000571224027,6.169957465702836,6.1698796656819415,6.16981006996886,6.169809554792404,6.16977831495864,6.16973517818462,6.169670106198248,6.169574656981647,6.169452461154657,6.169308166700148,6.169147262166051,6.168975867894951,6.168800503222603,6.168627838500724,6.168464441376542,6.168055807632582,6.16803546452462,,,,,,,-75.57286113497373,-75.57288721429799,-75.57288552879683,-75.572845152583,-75.57276782377852,-75.57265687120329,-75.57251707107402,-75.57235444139903,-75.57217598292034,-75.57198937775419,-75.57143440171602,-75.57125246613455,-75.57107785408648,-75.57091769806557,-75.5707785400789,-75.57066606442334,-75.57063944202802,-75.57054625568699,-75.5703643905655,-75.57018547597491,-75.57001674702924,-75.5698650269519,-75.56973645115472,-75.5691790030497,-75.56907990886175,-75.56901230626548,-75.56897885644553,-75.56898087617861,-75.56901828599374,-75.56908961329506,-75.5691920503253,-75.56932156468855,-75.5697577911061,-75.56992968396489,-75.57012085654263,-75.57032177131931,-75.5715688490372,-75.57173826050246,-75.57190146932864,-75.57205269256298,-75.57214177205176,-75.57221567537006,-75.57237851854076,-75.5725280434518,-75.57269186995345,-75.57283987652582,-75.57296643342495,-75.57306672680149,-75.57313694180519,-75.57317440768892,-75.57317769939228,-75.57314669174218,-75.57308256420903,-75.57287394218721,-75.57286113497373,,,,,,,667ecf2e5002e5c1cb2c560d,667ecf2e5002e5c1cb2c560e,667ecf2e5002e5c1cb2c560f,667ecf2e5002e5c1cb2c5610,667ecf2e5002e5c1cb2c5611,667ecf2e5002e5c1cb2c5612,667ecf2e5002e5c1cb2c5613,667ecf2e5002e5c1cb2c5614,667ecf2e5002e5c1cb2c5615,667ecf2e5002e5c1cb2c5616,667ecf2e5002e5c1cb2c5617,667ecf2e5002e5c1cb2c5618,667ecf2e5002e5c1cb2c5619,667ecf2e5002e5c1cb2c561a,667ecf2e5002e5c1cb2c561b,667ecf2e5002e5c1cb2c561c,667ecf2e5002e5c1cb2c561d,667ecf2e5002e5c1cb2c561e,667ecf2e5002e5c1cb2c561f,667ecf2e5002e5c1cb2c5620,667ecf2e5002e5c1cb2c5621,667ecf2e5002e5c1cb2c5622,667ecf2e5002e5c1cb2c5623,667ecf2e5002e5c1cb2c5624,667ecf2e5002e5c1cb2c5625,667ecf2e5002e5c1cb2c5626,667ecf2e5002e5c1cb2c5627,667ecf2e5002e5c1cb2c5628,667ecf2e5002e5c1cb2c5629,667ecf2e5002e5c1cb2c562a,667ecf2e5002e5c1cb2c562b,667ecf2e5002e5c1cb2c562c,667ecf2e5002e5c1cb2c562d,667ecf2e5002e5c1cb2c562e,667ecf2e5002e5c1cb2c562f,667ecf2e5002e5c1cb2c5630,667ecf2e5002e5c1cb2c5631,667ecf2e5002e5c1cb2c5632,667ecf2e5002e5c1cb2c5633,667ecf2e5002e5c1cb2c5634,667ecf2e5002e5c1cb2c5635,667ecf2e5002e5c1cb2c5636,667ecf2e5002e5c1cb2c5637,667ecf2e5002e5c1cb2c5638,667ecf2e5002e5c1cb2c5639,667ecf2e5002e5c1cb2c563a,667ecf2e5002e5c1cb2c563b,667ecf2e5002e5c1cb2c563c,667ecf2e5002e5c1cb2c563d,667ecf2e5002e5c1cb2c563e,667ecf2e5002e5c1cb2c563f,667ecf2e5002e5c1cb2c5640,667ecf2e5002e5c1cb2c5641,667ecf2e5002e5c1cb2c5642,667ecf2e5002e5c1cb2c5643,,,,,,,1
667e5281cb4b99a0554c6458,Parque Amaneceres,6.169087118886704,6.168902085243587,6.168977792451972,6.169436064562021,6.169087118886704,,,,,,,,,,,,,,-75.58346031412114,-75.5832724117851,-75.5831281590749,-75.58326098819867,-75.58346031412114,,,,,,,,,,,,,,667e5281cb4b99a0554c6459,667e5281cb4b99a0554c645a,667e5281cb4b99a0554c645b,667e5281cb4b99a0554c645c,667e5281cb4b99a0554c645d,,,,,,,,,,,,,,667a50320cc99ae2fa6ed6e0,6.169442410511937,6.169320134011106,6.169189761619884,6.169055823014479,6.168922971772695,6.168795823689414,6.168678796405269,6.168575955920471,6.168390922455784,6.168296202536343,6.168228370375418,6.168190436208951,6.168184083467868,6.16820959407215,6.168265835920021,6.168341543037539,6.168418723246708,6.168517115261113,6.168632985969089,6.168761939093626,6.1688990819914205,6.169039211285018,6.169177010285168,6.169635282567437,6.169765703985729,6.169883582259923,6.169984431979388,6.170064415688207,6.170120489906305,6.1701505209387975,6.170153366066662,6.170128917029149,6.170078104143296,6.170002860903764,6.169906050410105,6.16979135642114,6.169442410511937,,,,,,,,,,,,,,,,,,,,,,,,,-75.58408956615065,-75.58414495606587,-75.58417655867896,-75.58418327600214,-75.58416487466671,-75.5841219940287,-75.58405612395242,-75.58396955304451,-75.58378165071191,-75.58366264481415,-75.58352632126505,-75.58337872979693,-75.58322642018085,-75.58307615156595,-75.58293459252747,-75.58279033994216,-75.58267268742809,-75.58257231605275,-75.5824930340377,-75.5824378494546,-75.58240885609389,-75.58240715402135,-75.58243280783724,-75.58256563640977,-75.5826177666844,-75.58269437230607,-75.58279253835357,-75.58290852949911,-75.58303793214161,-75.5831758223504,-75.5833169532284,-75.58345595456558,-75.58358753718451,-75.58370669420272,-75.58380889155254,-75.58389024050884,-75.58408956615065,,,,,,,,,,,,,,,,,,,,,,,,,667ecf2e5002e5c1cb2c5650,667ecf2e5002e5c1cb2c5651,667ecf2e5002e5c1cb2c5652,667ecf2e5002e5c1cb2c5653,667ecf2e5002e5c1cb2c5654,667ecf2e5002e5c1cb2c5655,667ecf2e5002e5c1cb2c5656,667ecf2e5002e5c1cb2c5657,667ecf2e5002e5c1cb2c5658,667ecf2e5002e5c1cb2c5659,667ecf2e5002e5c1cb2c565a,667ecf2e5002e5c1cb2c565b,667ecf2e5002e5c1cb2c565c,667ecf2e5002e5c1cb2c565d,667ecf2e5002e5c1cb2c565e,667ecf2e5002e5c1cb2c565f,667ecf2e5002e5c1cb2c5660,667ecf2e5002e5c1cb2c5661,667ecf2e5002e5c1cb2c5662,667ecf2e5002e5c1cb2c5663,667ecf2e5002e5c1cb2c5664,667ecf2e5002e5c1cb2c5665,667ecf2e5002e5c1cb2c5666,667ecf2e5002e5c1cb2c5667,667ecf2e5002e5c1cb2c5668,667ecf2e5002e5c1cb2c5669,667ecf2e5002e5c1cb2c566a,667ecf2e5002e5c1cb2c566b,667ecf2e5002e5c1cb2c566c,667ecf2e5002e5c1cb2c566d,667ecf2e5002e5c1cb2c566e,667ecf2e5002e5c1cb2c566f,667ecf2e5002e5c1cb2c5670,667ecf2e5002e5c1cb2c5671,667ecf2e5002e5c1cb2c5672,667ecf2e5002e5c1cb2c5673,667ecf2e5002e5c1cb2c5674,,,,,,,,,,,,,,,,,,,,,,,,,1
667e528acb4b99a0554c6464,Parque las Margaritas,6.170320398250597,6.170546663812747,6.170437152179276,6.170320398250597,,,,,,,,,,,,,,,-75.58399738934273,-75.5838686104987,-75.58414272359944,-75.58399738934273,,,,,,,,,,,,,,,667e528acb4b99a0554c6465,667e528acb4b99a0554c6466,667e528acb4b99a0554c6467,667e528acb4b99a0554c6468,,,,,,,,,,,,,,,667a50320cc99ae2fa6ed6e0,6.16976079549785,6.169684513326722,6.169631802652034,6.1696046173904575,6.169603965264323,6.169629870447094,6.16968137266731,6.169756562804172,6.1698526536554175,6.169966083254313,6.170192348665189,6.170316866642215,6.170449640835894,6.1705859009093205,6.170720751280541,6.17084934701202,6.170967067881066,6.1710696843771125,6.171153509661744,6.171215532031659,6.171253523125162,6.1712661179844055,6.171252864096626,6.171214237652406,6.171104725880983,6.171042407290365,6.17095851438486,6.170856037533326,6.170738629528851,6.170610475383729,6.170476143153667,6.170340421108749,6.170208147055331,6.1700840358927325,6.169972511551432,6.169877549303248,6.16976079549785,,,,,,,,,,,,,,,,,,,,,,,,,-75.58445219878821,-75.58433590292371,-75.58420705879585,-75.58407044249319,-75.58393111820531,-75.58379425050224,-75.58366491289256,-75.58354789975733,-75.58344754862996,-75.58336757941024,-75.58323880038341,-75.58318286748494,-75.58315157208492,-75.58314603858925,-75.58316646582632,-75.5832121199006,-75.58328136055752,-75.58337170011279,-75.58347989282906,-75.5836020515291,-75.58373378725594,-75.58387036696189,-75.584006883561,-75.5841384322346,-75.58441254562489,-75.5845339422566,-75.58464139386692,-75.58473107034263,-75.58479977517186,-75.58484505938326,-75.584865308838,-75.58485980176376,-75.58482873447939,-75.58477321439454,-75.58469522053365,-75.58459753299167,-75.58445219878821,,,,,,,,,,,,,,,,,,,,,,,,,667ecf2e5002e5c1cb2c5681,667ecf2e5002e5c1cb2c5682,667ecf2e5002e5c1cb2c5683,667ecf2e5002e5c1cb2c5684,667ecf2e5002e5c1cb2c5685,667ecf2e5002e5c1cb2c5686,667ecf2e5002e5c1cb2c5687,667ecf2e5002e5c1cb2c5688,667ecf2e5002e5c1cb2c5689,667ecf2e5002e5c1cb2c568a,667ecf2e5002e5c1cb2c568b,667ecf2e5002e5c1cb2c568c,667ecf2e5002e5c1cb2c568d,667ecf2e5002e5c1cb2c568e,667ecf2e5002e5c1cb2c568f,667ecf2e5002e5c1cb2c5690,667ecf2e5002e5c1cb2c5691,667ecf2e5002e5c1cb2c5692,667ecf2e5002e5c1cb2c5693,667ecf2e5002e5c1cb2c5694,667ecf2e5002e5c1cb2c5695,667ecf2e5002e5c1cb2c5696,667ecf2e5002e5c1cb2c5697,667ecf2e5002e5c1cb2c5698,667ecf2e5002e5c1cb2c5699,667ecf2e5002e5c1cb2c569a,667ecf2e5002e5c1cb2c569b,667ecf2e5002e5c1cb2c569c,667ecf2e5002e5c1cb2c569d,667ecf2e5002e5c1cb2c569e,667ecf2e5002e5c1cb2c569f,667ecf2e5002e5c1cb2c56a0,667ecf2e5002e5c1cb2c56a1,667ecf2e5002e5c1cb2c56a2,667ecf2e5002e5c1cb2c56a3,667ecf2e5002e5c1cb2c56a4,667ecf2e5002e5c1cb2c56a5,,,,,,,,,,,,,,,,,,,,,,,,,1
667e5293cb4b99a0554c646e,Parque andalucia,6.174092003426615,6.173991151634002,6.174003926642246,6.173889155073045,6.173779671901554,6.173921256150845,6.17403841102844,6.174092003426615,,,,,,,,,,,-75.58660434595848,-75.5866537339071,-75.58674509683307,-75.58680542040466,-75.5866677924047,-75.5865687791701,-75.58649558424932,-75.58660434595848,,,,,,,,,,,667e5293cb4b99a0554c646f,667e5293cb4b99a0554c6470,667e5293cb4b99a0554c6471,667e5293cb4b99a0554c6472,667e5293cb4b99a0554c6473,667e5293cb4b99a0554c6474,667e5293cb4b99a0554c6475,667e5293cb4b99a0554c6476,,,,,,,,,,,667a50320cc99ae2fa6ed6e0,6.174652290464097,6.174643808310073,6.174563533924934,6.174459862253274,6.1743371278365515,6.17422235619515,6.174091254531069,6.173952351965881,6.173811010057434,6.173672684516527,6.173542714619845,6.1734261171178435,6.173327392592438,6.173217909537061,6.173138249278649,6.173085387894597,6.173061533947148,6.173067684060161,6.173103581280393,6.173167725812956,6.1732574376824,6.173368968701601,6.1735105528411065,6.173541639623756,6.173658794417382,6.173793391502544,6.173938582333544,6.174088089405246,6.1742354485891955,6.174374288618315,6.174498606557536,6.174603027349894,6.174683036216034,6.1747366286794385,6.174786737520415,6.174809908508813,6.174805243202538,6.174772922496238,6.174714199607126,6.174652290464097,,,,,,,,,,,,,,,,,,,,,,-75.58705406236969,-75.58707590603458,-75.58719990428209,-75.587304886898,-75.58738646454219,-75.58744678801274,-75.58749993630174,-75.58752627667253,-75.58752479242344,-75.58749554086751,-75.587439651117,-75.58735928049717,-75.58725753127261,-75.58711990332517,-75.58699556799468,-75.58685753811358,-75.58671158060903,-75.58656379362256,-75.58642035173092,-75.5862872479739,-75.5861700434662,-75.58607363505428,-75.58597462173763,-75.58595406049385,-75.58588086548956,-75.58581518932006,-75.58577893085484,-75.58577365779796,-75.58579959816274,-75.58585563040873,-75.58593933192896,-75.58604708379114,-75.58617422720506,-75.58628298901407,-75.58641627396356,-75.5865568512988,-75.58669927021297,-75.58683800849224,-75.58696768663894,-75.58705406236969,,,,,,,,,,,,,,,,,,,,,,667ecf2e5002e5c1cb2c56b8,667ecf2e5002e5c1cb2c56b9,667ecf2e5002e5c1cb2c56ba,667ecf2e5002e5c1cb2c56bb,667ecf2e5002e5c1cb2c56bc,667ecf2e5002e5c1cb2c56bd,667ecf2e5002e5c1cb2c56be,667ecf2e5002e5c1cb2c56bf,667ecf2e5002e5c1cb2c56c0,667ecf2e5002e5c1cb2c56c1,667ecf2e5002e5c1cb2c56c2,667ecf2e5002e5c1cb2c56c3,667ecf2e5002e5c1cb2c56c4,667ecf2e5002e5c1cb2c56c5,667ecf2e5002e5c1cb2c56c6,667ecf2e5002e5c1cb2c56c7,667ecf2e5002e5c1cb2c56c8,667ecf2e5002e5c1cb2c56c9,667ecf2e5002e5c1cb2c56ca,667ecf2e5002e5c1cb2c56cb,667ecf2e5002e5c1cb2c56cc,667ecf2e5002e5c1cb2c56cd,667ecf2e5002e5c1cb2c56ce,667ecf2e5002e5c1cb2c56cf,667ecf2e5002e5c1cb2c56d0,667ecf2e5002e5c1cb2c56d1,667ecf2e5002e5c1cb2c56d2,667ecf2e5002e5c1cb2c56d3,667ecf2e5002e5c1cb2c56d4,667ecf2e5002e5c1cb2c56d5,667ecf2e5002e5c1cb2c56d6,667ecf2e5002e5c1cb2c56d7,667ecf2e5002e5c1cb2c56d8,667ecf2e5002e5c1cb2c56d9,667ecf2e5002e5c1cb2c56da,667ecf2e5002e5c1cb2c56db,667ecf2e5002e5c1cb2c56dc,667ecf2e5002e5c1cb2c56dd,667ecf2e5002e5c1cb2c56de,667ecf2e5002e5c1cb2c56df,,,,,,,,,,,,,,,,,,,,,,1
667e529ecb4b99a0554c6480,Parque los enamorados,6.174415677114713,6.174274216486336,6.174754915158852,6.174847949684385,6.174415677114713,,,,,,,,,,,,,,-75.5875664444407,-75.58734106006948,-75.58713889056892,-75.5873962201332,-75.5875664444407,,,,,,,,,,,,,,667e529ecb4b99a0554c6481,667e529ecb4b99a0554c6482,667e529ecb4b99a0554c6483,667e529ecb4b99a0554c6484,667e529ecb4b99a0554c6485,,,,,,,,,,,,,,667a50320cc99ae2fa6ed6e0,6.174677962438511,6.174541576519459,6.174400307416687,6.1742596344696725,6.17412501389078,6.174001667138133,6.1738943783943885,6.173807309006363,6.173665848540477,6.173603453499575,6.1735659912448195,6.173554854273843,6.173570456555415,6.173612218142131,6.1736785867271955,6.173767095344077,6.173874454064414,6.173996672285884,6.174477370706476,6.174616366269356,6.1747610102978685,6.174905405855431,6.175043666130524,6.175170154434338,6.175279714001973,6.175367878228308,6.175431052767265,6.17552408741158,6.17555872747565,6.175566891422923,6.175548275149638,6.175503572104493,6.175434447457664,6.175343476073197,6.175234046595412,6.175110235222257,6.174677962438511,,,,,,,,,,,,,,,,,,,,,,,,,-75.58824029666751,-75.58827893252553,-75.58828993342614,-75.58827287270452,-75.58822841210828,-75.58815827612732,-75.58806518510414,-75.5879527497194,-75.5877273655039,-75.58760275934712,-75.58746842564821,-75.58732935768411,-75.58719072470564,-75.58705767979498,-75.58693516832454,-75.58682774413577,-75.58673940027076,-75.58667342054818,-75.5864712505476,-75.58642878115498,-75.58641526192733,-75.58643124404848,-75.58647607597248,-75.5865479299826,-75.58664387670166,-75.5867600045167,-75.58689157904963,-75.58714890889901,-75.58728415947397,-75.5874235842635,-75.58756198975011,-75.58769422038543,-75.58781535063443,-75.58792086845142,-75.58800684335279,-75.58807007282573,-75.58824029666751,,,,,,,,,,,,,,,,,,,,,,,,,667ecf2e5002e5c1cb2c56eb,667ecf2e5002e5c1cb2c56ec,667ecf2e5002e5c1cb2c56ed,667ecf2e5002e5c1cb2c56ee,667ecf2e5002e5c1cb2c56ef,667ecf2e5002e5c1cb2c56f0,667ecf2e5002e5c1cb2c56f1,667ecf2e5002e5c1cb2c56f2,667ecf2e5002e5c1cb2c56f3,667ecf2e5002e5c1cb2c56f4,667ecf2e5002e5c1cb2c56f5,667ecf2e5002e5c1cb2c56f6,667ecf2e5002e5c1cb2c56f7,667ecf2e5002e5c1cb2c56f8,667ecf2e5002e5c1cb2c56f9,667ecf2e5002e5c1cb2c56fa,667ecf2e5002e5c1cb2c56fb,667ecf2e5002e5c1cb2c56fc,667ecf2e5002e5c1cb2c56fd,667ecf2e5002e5c1cb2c56fe,667ecf2e5002e5c1cb2c56ff,667ecf2e5002e5c1cb2c5700,667ecf2e5002e5c1cb2c5701,667ecf2e5002e5c1cb2c5702,667ecf2e5002e5c1cb2c5703,667ecf2e5002e5c1cb2c5704,667ecf2e5002e5c1cb2c5705,667ecf2e5002e5c1cb2c5706,667ecf2e5002e5c1cb2c5707,667ecf2e5002e5c1cb2c5708,667ecf2e5002e5c1cb2c5709,667ecf2e5002e5c1cb2c570a,667ecf2e5002e5c1cb2c570b,667ecf2e5002e5c1cb2c570c,667ecf2e5002e5c1cb2c570d,667ecf2e5002e5c1cb2c570e,667ecf2e5002e5c1cb2c570f,,,,,,,,,,,,,,,,,,,,,,,,,1
667e52a7cb4b99a0554c648c,Parque La Fecundidad,6.175474925332626,6.175336772108445,6.176094880272514,6.175474925332626,,,,,,,,,,,,,,,-75.58571835572306,-75.58531372093977,-75.58540584791062,-75.58571835572306,,,,,,,,,,,,,,,667e52a7cb4b99a0554c648d,667e52a7cb4b99a0554c648e,667e52a7cb4b99a0554c648f,667e52a7cb4b99a0554c6490,,,,,,,,,,,,,,,667a50320cc99ae2fa6ed6e0,6.175797270119591,6.175670412427517,6.17553656336717,6.175400509906886,6.175267117849327,6.17514115781141,6.175027134608957,6.174929126147869,6.174850637583551,6.174794475964256,6.174656322917603,6.174623258438252,6.174619261729411,6.1746444956122115,6.174697932088417,6.17477739421935,6.174879644810819,6.1750005182913155,6.175135090411176,6.175277878849663,6.175423066557713,6.176181174845304,6.176319085482043,6.176448351482433,6.176563988747032,6.176661538655485,6.176737239978497,6.176788173900706,6.176812376562544,6.1768089147816285,6.176777922033903,6.176720593307144,6.176639139025277,6.176536699820111,6.176417225436879,6.175797270119591,,,,,,,,,,,,,,,,,,,,,,,,,,-75.58636531400242,-75.58641478589237,-75.58643935069364,-75.5864381298914,-75.58641116716592,-75.58635942682761,-75.58628475932697,-75.58618983507321,-75.58607804892895,-75.58595339879652,-75.58554876447184,-75.58540653946282,-75.58526053313825,-75.58511669362102,-75.58498088076193,-75.58485862741902,-75.58475491405751,-75.58467396585226,-75.58461908055861,-75.58459249416376,-75.58459528979212,-75.5846874157494,-75.58471822720975,-75.58477555120011,-75.58485717750204,-75.58495995886894,-75.58507993237275,-75.58521247220226,-75.58535246802126,-75.58549452200957,-75.58563315698919,-75.58576302761047,-75.58587912645501,-75.58597697710827,-75.58605280675724,-75.58636531400242,,,,,,,,,,,,,,,,,,,,,,,,,,667ecf2e5002e5c1cb2c5719,667ecf2e5002e5c1cb2c571a,667ecf2e5002e5c1cb2c571b,667ecf2e5002e5c1cb2c571c,667ecf2e5002e5c1cb2c571d,667ecf2e5002e5c1cb2c571e,667ecf2e5002e5c1cb2c571f,667ecf2e5002e5c1cb2c5720,667ecf2e5002e5c1cb2c5721,667ecf2e5002e5c1cb2c5722,667ecf2e5002e5c1cb2c5723,667ecf2e5002e5c1cb2c5724,667ecf2e5002e5c1cb2c5725,667ecf2e5002e5c1cb2c5726,667ecf2e5002e5c1cb2c5727,667ecf2e5002e5c1cb2c5728,667ecf2e5002e5c1cb2c5729,667ecf2e5002e5c1cb2c572a,667ecf2e5002e5c1cb2c572b,667ecf2e5002e5c1cb2c572c,667ecf2e5002e5c1cb2c572d,667ecf2e5002e5c1cb2c572e,667ecf2e5002e5c1cb2c572f,667ecf2e5002e5c1cb2c5730,667ecf2e5002e5c1cb2c5731,667ecf2e5002e5c1cb2c5732,667ecf2e5002e5c1cb2c5733,667ecf2e5002e5c1cb2c5734,667ecf2e5002e5c1cb2c5735,667ecf2e5002e5c1cb2c5736,667ecf2e5002e5c1cb2c5737,667ecf2e5002e5c1cb2c5738,667ecf2e5002e5c1cb2c5739,667ecf2e5002e5c1cb2c573a,667ecf2e5002e5c1cb2c573b,667ecf2e5002e5c1cb2c573c,,,,,,,,,,,,,,,,,,,,,,,,,,1
667e52b4cb4b99a0554c6496,Parroquia el Portal de Jesus,6.175552124268682,6.175366325955833,6.175725778731009,6.175887912097446,6.175552124268682,,,,,,,,,,,,,,-75.58993169084144,-75.58969446001967,-75.58943297078478,-75.58964376709879,-75.58993169084144,,,,,,,,,,,,,,667e52b4cb4b99a0554c6497,667e52b4cb4b99a0554c6498,667e52b4cb4b99a0554c6499,667e52b4cb4b99a0554c649a,667e52b4cb4b99a0554c649b,,,,,,,,,,,,,,667a50110cc99ae2fa6ed6de,6.176018866762095,6.1759000423030965,6.175767182961219,6.175625648243028,6.175481147612828,6.175339510174184,6.175206449525975,6.175087333278584,6.174986966527769,6.174801168413218,6.17472350341228,6.174671846330653,6.174648287153539,6.174653779057532,6.174688099846669,6.174749860942105,6.174836563561742,6.174944699816962,6.175304152305923,6.175423346258293,6.175553690897373,6.175690380425641,6.175828375106188,6.1759625870772945,6.176088067941911,6.176200191215625,6.176294822906183,6.176456956446864,6.176529992974888,6.1765798192193735,6.1766046340297045,6.176603540384227,6.176576577816742,6.176524720987392,6.176449844449612,6.176354654886844,6.176018866762095,,,,,,,,,,,,,,,,,,,,,,,,,-75.59048239832288,-75.59056510513426,-75.59062226019088,-75.59065155789447,-75.59065181640776,-75.59062302532585,-75.59056634609227,-75.59048406514329,-75.59037950167122,-75.59014227094553,-75.59001945016418,-75.58988348065918,-75.58973986360094,-75.58959440956733,-75.5894530034572,-75.58932136639709,-75.5892048242737,-75.58910809225618,-75.5888466028315,-75.58877635724902,-75.58873032095187,-75.5887101913133,-75.58871671053228,-75.58874963826581,-75.58880776048731,-75.58888893424515,-75.58899016667121,-75.58920096307617,-75.58931729629248,-75.58944543098042,-75.58958073524887,-75.58971831803316,-75.58985320590236,-75.58998052284426,-75.59009566652843,-75.59019447467568,-75.59048239832288,,,,,,,,,,,,,,,,,,,,,,,,,667ecf2e5002e5c1cb2c5749,667ecf2e5002e5c1cb2c574a,667ecf2e5002e5c1cb2c574b,667ecf2e5002e5c1cb2c574c,667ecf2e5002e5c1cb2c574d,667ecf2e5002e5c1cb2c574e,667ecf2e5002e5c1cb2c574f,667ecf2e5002e5c1cb2c5750,667ecf2e5002e5c1cb2c5751,667ecf2e5002e5c1cb2c5752,667ecf2e5002e5c1cb2c5753,667ecf2e5002e5c1cb2c5754,667ecf2e5002e5c1cb2c5755,667ecf2e5002e5c1cb2c5756,667ecf2e5002e5c1cb2c5757,667ecf2e5002e5c1cb2c5758,667ecf2e5002e5c1cb2c5759,667ecf2e5002e5c1cb2c575a,667ecf2e5002e5c1cb2c575b,667ecf2e5002e5c1cb2c575c,667ecf2e5002e5c1cb2c575d,667ecf2e5002e5c1cb2c575e,667ecf2e5002e5c1cb2c575f,667ecf2e5002e5c1cb2c5760,667ecf2e5002e5c1cb2c5761,667ecf2e5002e5c1cb2c5762,667ecf2e5002e5c1cb2c5763,667ecf2e5002e5c1cb2c5764,667ecf2e5002e5c1cb2c5765,667ecf2e5002e5c1cb2c5766,667ecf2e5002e5c1cb2c5767,667ecf2e5002e5c1cb2c5768,667ecf2e5002e5c1cb2c5769,667ecf2e5002e5c1cb2c576a,667ecf2e5002e5c1cb2c576b,667ecf2e5002e5c1cb2c576c,667ecf2e5002e5c1cb2c576d,,,,,,,,,,,,,,,,,,,,,,,,,1
667e52c5cb4b99a0554c64a2,Parque Santa Maria de los Angeles,6.188561920381716,6.187792380466216,6.187309324229759,6.188561920381716,,,,,,,,,,,,,,,-75.58038401450477,-75.58069002811652,-75.58003928025842,-75.58038401450477,,,,,,,,,,,,,,,667e52c5cb4b99a0554c64a3,667e52c5cb4b99a0554c64a4,667e52c5cb4b99a0554c64a5,667e52c5cb4b99a0554c64a6,,,,,,,,,,,,,,,667a50320cc99ae2fa6ed6e0,6.188751793205293,6.188880826259144,6.188998120203223,6.189099357367827,6.189180811141921,6.189239483153414,6.189273213642456,6.189280760964644,6.189261847297399,6.189217168866944,6.189148370319403,6.189057984179469,6.188949337625361,6.18882643001193,6.1880568897112616,6.187928201336669,6.187794799472235,6.187661313675721,6.187532376414189,6.187412462299867,6.187305732804629,6.1872158918420075,6.186732836132492,6.1866616953467215,6.186614037724332,6.186591591336365,6.186595170091356,6.186624644223255,6.186678944996708,6.186756103459069,6.186853321834087,6.186967074968646,6.187093238154286,6.187227236688859,6.1873642117553675,6.187499196603319,6.188751793205293,,,,,,,,,,,,,,,,,,,,,,,,,-75.57968599736334,-75.57973531823009,-75.5798085180392,-75.57990290227083,-75.58001499658627,-75.58014067472017,-75.58027531037179,-75.58041394750384,-75.58055148277977,-75.58068285342365,-75.58080322358695,-75.58090816236128,-75.58099380688438,-75.58105700453483,-75.58136301731966,-75.5814006882183,-75.58141369646896,-75.58140159065391,-75.58136479090987,-75.58130457434498,-75.58122303071613,-75.58112298990481,-75.58047224236084,-75.58035447563651,-75.58022527988885,-75.58008933977341,-75.57995158449448,-75.57981700907361,-75.57969049323168,-75.57957662445166,-75.57947953163722,-75.57940273539874,-75.57934902039504,-75.57932033435982,-75.57931771747438,-75.5793412646477,-75.57968599736334,,,,,,,,,,,,,,,,,,,,,,,,,667ecf2e5002e5c1cb2c5779,667ecf2e5002e5c1cb2c577a,667ecf2e5002e5c1cb2c577b,667ecf2e5002e5c1cb2c577c,667ecf2e5002e5c1cb2c577d,667ecf2e5002e5c1cb2c577e,667ecf2e5002e5c1cb2c577f,667ecf2e5002e5c1cb2c5780,667ecf2e5002e5c1cb2c5781,667ecf2e5002e5c1cb2c5782,667ecf2e5002e5c1cb2c5783,667ecf2e5002e5c1cb2c5784,667ecf2e5002e5c1cb2c5785,667ecf2e5002e5c1cb2c5786,667ecf2e5002e5c1cb2c5787,667ecf2e5002e5c1cb2c5788,667ecf2e5002e5c1cb2c5789,667ecf2e5002e5c1cb2c578a,667ecf2e5002e5c1cb2c578b,667ecf2e5002e5c1cb2c578c,667ecf2e5002e5c1cb2c578d,667ecf2e5002e5c1cb2c578e,667ecf2e5002e5c1cb2c578f,667ecf2e5002e5c1cb2c5790,667ecf2e5002e5c1cb2c5791,667ecf2e5002e5c1cb2c5792,667ecf2e5002e5c1cb2c5793,667ecf2e5002e5c1cb2c5794,667ecf2e5002e5c1cb2c5795,667ecf2e5002e5c1cb2c5796,667ecf2e5002e5c1cb2c5797,667ecf2e5002e5c1cb2c5798,667ecf2e5002e5c1cb2c5799,667ecf2e5002e5c1cb2c579a,667ecf2e5002e5c1cb2c579b,667ecf2e5002e5c1cb2c579c,667ecf2e5002e5c1cb2c579d,,,,,,,,,,,,,,,,,,,,,,,,,1
667e52d7cb4b99a0554c64ac,Parroquia la Niña Maria,6.184244092972456,6.184346588721837,6.183875217457969,6.183725622728784,6.184013815421453,6.184244092972456,,,,,,,,,,,,,-75.58000928378031,-75.58017945810352,-75.58043252971507,-75.58010153538979,-75.57991106174379,-75.58000928378031,,,,,,,,,,,,,667e52d7cb4b99a0554c64ad,667e52d7cb4b99a0554c64ae,667e52d7cb4b99a0554c64af,667e52d7cb4b99a0554c64b0,667e52d7cb4b99a0554c64b1,667e52d7cb4b99a0554c64b2,,,,,,,,,,,,,667a50110cc99ae2fa6ed6de,6.184524971244742,6.184655900929678,6.184769019586966,6.1848594347302015,6.184961930598861,6.185024488887192,6.185059166418064,6.185064536966071,6.185040379650066,6.184987688017713,6.1849086291821616,6.184806454691543,6.184685366797304,6.184213995231448,6.1840781791353185,6.183933921037757,6.183787221234766,6.183644181578101,6.183510751674068,6.183392481415628,6.1832942901409,6.183220262019437,6.18307066747553,6.183024199748473,6.183006341548629,6.183017821271406,6.183058170684995,6.183125744028261,6.18321778513684,6.183330539859698,6.1836187323370435,6.183743713635382,6.183879088684597,6.184019648146661,6.184159983179102,6.184294693571427,6.184524971244742,,,,,,,,,,,,,,,,,,,,,,,,,-75.5793430434973,-75.57941588836236,-75.5795143981192,-75.57963431214472,-75.57980448659328,-75.57993707284933,-75.58007962798051,-75.58022628894815,-75.5803710238459,-75.58050787998411,-75.58063122871634,-75.5807359969375,-75.5808178757326,-75.58107094693719,-75.5811268042889,-75.5811537838535,-75.58115076346206,-75.5811178687698,-75.58105646802525,-75.58096911515572,-75.58085944353613,-75.58073201486067,-75.58040102086062,-75.58026254444898,-75.58011750084323,-75.57997180604293,-75.57983140260806,-75.57970201727842,-75.57958892739512,-75.57949674565121,-75.57930627181793,-75.57924032886042,-75.57920019622036,-75.57918741825331,-75.57920248668758,-75.57924482169875,-75.5793430434973,,,,,,,,,,,,,,,,,,,,,,,,,667ecf2e5002e5c1cb2c57ad,667ecf2e5002e5c1cb2c57ae,667ecf2e5002e5c1cb2c57af,667ecf2e5002e5c1cb2c57b0,667ecf2e5002e5c1cb2c57b1,667ecf2e5002e5c1cb2c57b2,667ecf2e5002e5c1cb2c57b3,667ecf2e5002e5c1cb2c57b4,667ecf2e5002e5c1cb2c57b5,667ecf2e5002e5c1cb2c57b6,667ecf2e5002e5c1cb2c57b7,667ecf2e5002e5c1cb2c57b8,667ecf2e5002e5c1cb2c57b9,667ecf2e5002e5c1cb2c57ba,667ecf2e5002e5c1cb2c57bb,667ecf2e5002e5c1cb2c57bc,667ecf2e5002e5c1cb2c57bd,667ecf2e5002e5c1cb2c57be,667ecf2e5002e5c1cb2c57bf,667ecf2e5002e5c1cb2c57c0,667ecf2e5002e5c1cb2c57c1,667ecf2e5002e5c1cb2c57c2,667ecf2e5002e5c1cb2c57c3,667ecf2e5002e5c1cb2c57c4,667ecf2e5002e5c1cb2c57c5,667ecf2e5002e5c1cb2c57c6,667ecf2e5002e5c1cb2c57c7,667ecf2e5002e5c1cb2c57c8,667ecf2e5002e5c1cb2c57c9,667ecf2e5002e5c1cb2c57ca,667ecf2e5002e5c1cb2c57cb,667ecf2e5002e5c1cb2c57cc,667ecf2e5002e5c1cb2c57cd,667ecf2e5002e5c1cb2c57ce,667ecf2e5002e5c1cb2c57cf,667ecf2e5002e5c1cb2c57d0,667ecf2e5002e5c1cb2c57d1,,,,,,,,,,,,,,,,,,,,,,,,,1
667e52eecb4b99a0554c64ba,Colegio la Salle envigado,6.181518403355758,6.181354661572029,6.180777742092856,6.180413940844067,6.179560648266664,6.179619839588876,6.180265717120204,6.181518403355758,,,,,,,,,,,-75.58074946585317,-75.58115536402275,-75.58114085703838,-75.58100866384558,-75.58049276990724,-75.57988036340016,-75.57955790363428,-75.58074946585317,,,,,,,,,,,667e52eecb4b99a0554c64bb,667e52eecb4b99a0554c64bc,667e52eecb4b99a0554c64bd,667e52eecb4b99a0554c64be,667e52eecb4b99a0554c64bf,667e52eecb4b99a0554c64c0,667e52eecb4b99a0554c64c1,667e52eecb4b99a0554c64c2,,,,,,,,,,,667a4a900cc99ae2fa6ed6c1,6.182136323485357,6.182253714313977,6.182341850148809,6.182397224416427,6.18241763399464,6.182402266867215,6.182351734431265,6.182187992389595,6.182103347484164,6.181988340777945,6.1818476362032095,6.181686939828404,6.181512768454715,6.181332185335151,6.180755265880552,6.180611580860149,6.1804721848835324,6.180108383844874,6.179950632251599,6.179097340421398,6.178961614625621,6.178846942808257,6.178757355277373,6.1786960007154414,6.178665035515774,6.178665547994055,6.1787247392161495,6.178760564931017,6.178831551219725,6.1789347934103525,6.179066066956953,6.1792200003007745,6.1798658773439845,6.180036523598428,6.1802165856097595,6.180398666073115,6.180575284754047,6.180739185791916,6.180883635786751,6.182136323485357,,,,,,,,,,,,,,,,,,,,,,-75.58009222861834,-75.58022865856437,-75.58038580935059,-75.58055742858254,-75.580736688216,-75.58091645622106,-75.58108958034133,-75.58149547904499,-75.58165652151258,-75.58179724024933,-75.58191192862331,-75.58199593563741,-75.5820458545419,-75.58205966098635,-75.58204515301651,-75.58202986139756,-75.58199162243123,-75.58185942872983,-75.58178396295237,-75.58126806821554,-75.58116746242695,-75.58104314357931,-75.58089948105342,-75.58074152408362,-75.58057482429611,-75.58040524059146,-75.5797928351105,-75.57961343704781,-75.5794449612821,-75.5792943016409,-75.57916762294712,-75.57907010876305,-75.57874764825186,-75.57868319521923,-75.57865467692656,-75.57866326499868,-75.57870860665781,-75.5787888392102,-75.57890066656402,-75.58009222861834,,,,,,,,,,,,,,,,,,,,,,667ecf2e5002e5c1cb2c57e3,667ecf2e5002e5c1cb2c57e4,667ecf2e5002e5c1cb2c57e5,667ecf2e5002e5c1cb2c57e6,667ecf2e5002e5c1cb2c57e7,667ecf2e5002e5c1cb2c57e8,667ecf2e5002e5c1cb2c57e9,667ecf2e5002e5c1cb2c57ea,667ecf2e5002e5c1cb2c57eb,667ecf2e5002e5c1cb2c57ec,667ecf2e5002e5c1cb2c57ed,667ecf2e5002e5c1cb2c57ee,667ecf2e5002e5c1cb2c57ef,667ecf2e5002e5c1cb2c57f0,667ecf2e5002e5c1cb2c57f1,667ecf2e5002e5c1cb2c57f2,667ecf2e5002e5c1cb2c57f3,667ecf2e5002e5c1cb2c57f4,667ecf2e5002e5c1cb2c57f5,667ecf2e5002e5c1cb2c57f6,667ecf2e5002e5c1cb2c57f7,667ecf2e5002e5c1cb2c57f8,667ecf2e5002e5c1cb2c57f9,667ecf2e5002e5c1cb2c57fa,667ecf2e5002e5c1cb2c57fb,667ecf2e5002e5c1cb2c57fc,667ecf2e5002e5c1cb2c57fd,667ecf2e5002e5c1cb2c57fe,667ecf2e5002e5c1cb2c57ff,667ecf2e5002e5c1cb2c5800,667ecf2e5002e5c1cb2c5801,667ecf2e5002e5c1cb2c5802,667ecf2e5002e5c1cb2c5803,667ecf2e5002e5c1cb2c5804,667ecf2e5002e5c1cb2c5805,667ecf2e5002e5c1cb2c5806,667ecf2e5002e5c1cb2c5807,667ecf2e5002e5c1cb2c5808,667ecf2e5002e5c1cb2c5809,667ecf2e5002e5c1cb2c580a,,,,,,,,,,,,,,,,,,,,,,1
667e52f9cb4b99a0554c64cc,EIA Posgrados,6.179489569711261,6.178865879719376,6.178480070120074,6.178410620815175,6.178586757203108,6.179146982934893,6.179384442531259,6.179489569711261,,,,,,,,,,,-75.57967444325696,-75.57976956164877,-75.57981006086345,-75.57913802562626,-75.57914201101188,-75.57923316853899,-75.57935803682699,-75.57967444325696,,,,,,,,,,,667e52f9cb4b99a0554c64cd,667e52f9cb4b99a0554c64ce,667e52f9cb4b99a0554c64cf,667e52f9cb4b99a0554c64d0,667e52f9cb4b99a0554c64d1,667e52f9cb4b99a0554c64d2,667e52f9cb4b99a0554c64d3,667e52f9cb4b99a0554c64d4,,,,,,,,,,,667a4a900cc99ae2fa6ed6c1,6.180342519080587,6.1803814319256665,6.1803870041616,6.180359027480018,6.180298547740544,6.180207825872562,6.1800902533531605,6.179950225421128,6.179792976766996,6.179624385841903,6.1790006956911725,6.178959227122955,6.178573417455628,6.178397076597674,6.178223926833657,6.178060625692511,6.1779134520222305,6.177788064572636,6.177689284421194,6.177620909607234,6.177585569101319,6.177516119913794,6.177514544691523,6.177544728359979,6.1776056011476586,6.177695005596789,6.17780977302704,6.177945835838753,6.178098371675681,6.178261974338048,6.178430845388739,6.178606981783391,6.1787303727808185,6.179290598664596,6.179430773806314,6.179563638871552,6.179801098654864,6.179945269552403,6.180068906936098,6.180167484065804,6.180237391731143,6.180342519080587,,,,,,,,,,,,,,,,,,,,-75.57938772533824,-75.57955818692072,-75.57973299454446,-75.57990561332991,-75.58006959022464,-75.58021879524289,-75.58034765062703,-75.5804513393635,-75.58052598525802,-75.58056879783817,-75.58066391520019,-75.5806692508828,-75.58070974944877,-75.58071077528967,-75.5806771690576,-75.5806102229297,-75.58051251098072,-75.5803877902072,-75.58024085607057,-75.5800773581136,-75.57990358273969,-75.57923154862598,-75.57906126010104,-75.5788936923045,-75.57873478418588,-75.57859016778218,-75.57846496860911,-75.57836362400319,-75.57828972585295,-75.57824589329314,-75.57823367987407,-75.57823766495886,-75.57824904480754,-75.57834020141411,-75.57837481172534,-75.57843153224613,-75.57855640027273,-75.57865089853009,-75.57877128725934,-75.57891315867987,-75.57907131845523,-75.57938772533824,,,,,,,,,,,,,,,,,,,,667ecf2e5002e5c1cb2c581d,667ecf2e5002e5c1cb2c581e,667ecf2e5002e5c1cb2c581f,667ecf2e5002e5c1cb2c5820,667ecf2e5002e5c1cb2c5821,667ecf2e5002e5c1cb2c5822,667ecf2e5002e5c1cb2c5823,667ecf2e5002e5c1cb2c5824,667ecf2e5002e5c1cb2c5825,667ecf2e5002e5c1cb2c5826,667ecf2e5002e5c1cb2c5827,667ecf2e5002e5c1cb2c5828,667ecf2e5002e5c1cb2c5829,667ecf2e5002e5c1cb2c582a,667ecf2e5002e5c1cb2c582b,667ecf2e5002e5c1cb2c582c,667ecf2e5002e5c1cb2c582d,667ecf2e5002e5c1cb2c582e,667ecf2e5002e5c1cb2c582f,667ecf2e5002e5c1cb2c5830,667ecf2e5002e5c1cb2c5831,667ecf2e5002e5c1cb2c5832,667ecf2e5002e5c1cb2c5833,667ecf2e5002e5c1cb2c5834,667ecf2e5002e5c1cb2c5835,667ecf2e5002e5c1cb2c5836,667ecf2e5002e5c1cb2c5837,667ecf2e5002e5c1cb2c5838,667ecf2e5002e5c1cb2c5839,667ecf2e5002e5c1cb2c583a,667ecf2e5002e5c1cb2c583b,667ecf2e5002e5c1cb2c583c,667ecf2e5002e5c1cb2c583d,667ecf2e5002e5c1cb2c583e,667ecf2e5002e5c1cb2c583f,667ecf2e5002e5c1cb2c5840,667ecf2e5002e5c1cb2c5841,667ecf2e5002e5c1cb2c5842,667ecf2e5002e5c1cb2c5843,667ecf2e5002e5c1cb2c5844,667ecf2e5002e5c1cb2c5845,667ecf2e5002e5c1cb2c5846,,,,,,,,,,,,,,,,,,,,1
667e5305cb4b99a0554c64de,Parroquia Santa Barbara de la ayura,6.173120593366116,6.172639596845804,6.172541020201324,6.172748838210221,6.173120593366116,,,,,,,,,,,,,,-75.57916508350536,-75.57934106694564,-75.57904724198407,-75.57892565360312,-75.57916508350536,,,,,,,,,,,,,,667e5305cb4b99a0554c64df,667e5305cb4b99a0554c64e0,667e5305cb4b99a0554c64e1,667e5305cb4b99a0554c64e2,667e5305cb4b99a0554c64e3,,,,,,,,,,,,,,667a50110cc99ae2fa6ed6de,6.173508555565373,6.173622281783598,6.173715584997118,6.173784666958078,6.17382671543184,6.173840018680502,6.173824035146272,6.173779415497844,6.173707976142208,6.173612625280301,6.173497244516784,6.173366530843772,6.172885534100169,6.172746822562417,6.17260386703345,6.172462325714278,6.172327800826825,6.172205616877724,6.172100609914736,6.17201693611688,6.171957907294063,6.1718593307764245,6.171827618173862,6.171823121203805,6.171846011421074,6.1718954155871835,6.171969448983115,6.172065287308645,6.172179274425496,6.172387092292482,6.172506122778603,6.172633235057006,6.172764196629335,6.172894646822915,6.173020241989435,6.173136800137228,6.173508555565373,,,,,,,,,,,,,,,,,,,,,,,,,-75.57855565955593,-75.57864639544201,-75.57875824641337,-75.57888665917777,-75.57902640622798,-75.57917179864789,-75.57931691770317,-75.57945585578787,-75.57958295691823,-75.57969304698241,-75.57978164437304,-75.57984514242725,-75.58002112533174,-75.58005663670129,-75.58006382570261,-75.58004240781668,-75.57999323078825,-75.57991824106847,-75.57982040677136,-75.5797036001939,-75.57957244454953,-75.57927861992299,-75.57914092418689,-75.57899965457028,-75.57886020036493,-75.57872788160739,-75.5786077461272,-75.57850437697914,-75.57842171760502,-75.57830012906173,-75.57824442534493,-75.57821140469615,-75.57820216663104,-75.57821701877023,-75.57825546659394,-75.57831622990602,-75.57855565955593,,,,,,,,,,,,,,,,,,,,,,,,,667ecf2e5002e5c1cb2c5852,667ecf2e5002e5c1cb2c5853,667ecf2e5002e5c1cb2c5854,667ecf2e5002e5c1cb2c5855,667ecf2e5002e5c1cb2c5856,667ecf2e5002e5c1cb2c5857,667ecf2e5002e5c1cb2c5858,667ecf2e5002e5c1cb2c5859,667ecf2e5002e5c1cb2c585a,667ecf2e5002e5c1cb2c585b,667ecf2e5002e5c1cb2c585c,667ecf2e5002e5c1cb2c585d,667ecf2e5002e5c1cb2c585e,667ecf2e5002e5c1cb2c585f,667ecf2e5002e5c1cb2c5860,667ecf2e5002e5c1cb2c5861,667ecf2e5002e5c1cb2c5862,667ecf2e5002e5c1cb2c5863,667ecf2e5002e5c1cb2c5864,667ecf2e5002e5c1cb2c5865,667ecf2e5002e5c1cb2c5866,667ecf2e5002e5c1cb2c5867,667ecf2e5002e5c1cb2c5868,667ecf2e5002e5c1cb2c5869,667ecf2e5002e5c1cb2c586a,667ecf2e5002e5c1cb2c586b,667ecf2e5002e5c1cb2c586c,667ecf2e5002e5c1cb2c586d,667ecf2e5002e5c1cb2c586e,667ecf2e5002e5c1cb2c586f,667ecf2e5002e5c1cb2c5870,667ecf2e5002e5c1cb2c5871,667ecf2e5002e5c1cb2c5872,667ecf2e5002e5c1cb2c5873,667ecf2e5002e5c1cb2c5874,667ecf2e5002e5c1cb2c5875,667ecf2e5002e5c1cb2c5876,,,,,,,,,,,,,,,,,,,,,,,,,1
667e5313cb4b99a0554c64ea,Cancha La Raiz,6.17407246400149,6.173847612697051,6.173847534016717,6.174090966985837,6.17407246400149,,,,,,,,,,,,,,-75.57831706788151,-75.57829807712662,-75.57815017664954,-75.57817654477986,-75.57831706788151,,,,,,,,,,,,,,667e5313cb4b99a0554c64eb,667e5313cb4b99a0554c64ec,667e5313cb4b99a0554c64ed,667e5313cb4b99a0554c64ee,667e5313cb4b99a0554c64ef,,,,,,,,,,,,,,667a4aaf0cc99ae2fa6ed6c3,6.1749639993582335,6.174925552900704,6.174856285709814,6.1747587003057385,6.174636322301758,6.1744935730276325,6.174335609792061,6.174168139555654,6.17399721274634,6.173772361473854,6.173608095696073,6.1734520756789895,6.173309672641618,6.1731857890142825,6.173084689666687,6.173009855085162,6.172963861553504,6.172948292462003,6.172948213781807,6.1729637214049955,6.173009884890987,6.173085103021429,6.1731867667929246,6.1733113499112795,6.173454531102567,6.173611343998787,6.173776349399468,6.1739438239343745,6.174187256947736,6.174362462896743,6.174526909891202,6.174674081130304,6.1747981444218105,6.174894183305687,6.174958391888837,6.174988225669464,6.174982502373723,6.1749639993582335,,,,,,,,,,,,,,,,,,,,,,,,-75.57843583234887,-75.57860336257787,-75.57876054940499,-75.57890171391,-75.57902175604266,-75.57911633888062,-75.57918204531511,-75.57921650150368,-75.57921846263001,-75.57919947149516,-75.57916997213422,-75.57911045648964,-75.57902297350049,-75.57891053491616,-75.5787770116105,-75.57862700032054,-75.57846566539786,-75.57829856102026,-75.5781506607943,-75.57798291664668,-75.57782097404862,-75.57767045011411,-75.57753656589686,-75.5774239652954,-75.57733655397578,-75.57727736389944,-75.57724844815462,-75.57725080974005,-75.57727717746181,-75.57731418206215,-75.57738536085637,-75.57748789316008,-75.57761771578433,-75.57776968405166,-75.57793777567224,-75.57811532940057,-75.57829530901482,-75.57843583234887,,,,,,,,,,,,,,,,,,,,,,,,667ecf2e5002e5c1cb2c5883,667ecf2e5002e5c1cb2c5884,667ecf2e5002e5c1cb2c5885,667ecf2e5002e5c1cb2c5886,667ecf2e5002e5c1cb2c5887,667ecf2e5002e5c1cb2c5888,667ecf2e5002e5c1cb2c5889,667ecf2e5002e5c1cb2c588a,667ecf2e5002e5c1cb2c588b,667ecf2e5002e5c1cb2c588c,667ecf2e5002e5c1cb2c588d,667ecf2e5002e5c1cb2c588e,667ecf2e5002e5c1cb2c588f,667ecf2e5002e5c1cb2c5890,667ecf2e5002e5c1cb2c5891,667ecf2e5002e5c1cb2c5892,667ecf2e5002e5c1cb2c5893,667ecf2e5002e5c1cb2c5894,667ecf2e5002e5c1cb2c5895,667ecf2e5002e5c1cb2c5896,667ecf2e5002e5c1cb2c5897,667ecf2e5002e5c1cb2c5898,667ecf2e5002e5c1cb2c5899,667ecf2e5002e5c1cb2c589a,667ecf2e5002e5c1cb2c589b,667ecf2e5002e5c1cb2c589c,667ecf2e5002e5c1cb2c589d,667ecf2e5002e5c1cb2c589e,667ecf2e5002e5c1cb2c589f,667ecf2e5002e5c1cb2c58a0,667ecf2e5002e5c1cb2c58a1,667ecf2e5002e5c1cb2c58a2,667ecf2e5002e5c1cb2c58a3,667ecf2e5002e5c1cb2c58a4,667ecf2e5002e5c1cb2c58a5,667ecf2e5002e5c1cb2c58a6,667ecf2e5002e5c1cb2c58a7,667ecf2e5002e5c1cb2c58a8,,,,,,,,,,,,,,,,,,,,,,,,1
667e534ecb4b99a0554c64f6,Inder - Sede el Alto de los Sueños,6.175256942293704,6.175266198075826,6.175067613699159,6.17413761091677,6.174313364039362,6.175256942293704,,,,,,,,,,,,,-75.57617147589433,-75.57643716229973,-75.5768165700559,-75.57627218760551,-75.57554191080793,-75.57617147589433,,,,,,,,,,,,,667e534ecb4b99a0554c64f7,667e534ecb4b99a0554c64f8,667e534ecb4b99a0554c64f9,667e534ecb4b99a0554c64fa,667e534ecb4b99a0554c64fb,667e534ecb4b99a0554c64fc,,,,,,,,,,,,,667a4aaf0cc99ae2fa6ed6c3,6.175754067739159,6.175886667395968,6.175996598763756,6.176079904617164,6.176133586174126,6.176155711045197,6.176164966843024,6.176156946426931,6.176122270056088,6.176061975436341,6.175863390761249,6.175763353205034,6.175635118814237,6.1754838846683615,6.1753157799755085,6.175137617666173,6.174956618277962,6.174780117321864,6.174615267990068,6.173685266002048,6.1735513455626005,6.173437011455785,6.173346083417101,6.173281599217756,6.173245713178487,6.173239624197894,6.17326353569964,6.173439288532197,6.173495687781234,6.17358210581439,6.173695370035452,6.1738313222632435,6.173984971385973,6.174150676594499,6.17432235446789,6.17449370230894,6.17465842953067,6.1748104885991,6.175754067739159,,,,,,,,,,,,,,,,,,,,,,,-75.57541767288741,-75.57552568203099,-75.57565693796134,-75.57580671584064,-75.57596962408375,-75.57613979844187,-75.57640548529766,-75.57656175825771,-75.57671430262782,-75.57685855345095,-75.57723796161925,-75.57738974133862,-75.57751829158127,-75.5776184024854,-75.5776860167882,-75.57771839425571,-75.57771422273407,-75.57767367132287,-75.57759838351592,-75.57705400015767,-75.57695812638613,-75.57683933639454,-75.5767015987964,-75.57654951520952,-75.57638816652351,-75.57622294315665,-75.57605936497256,-75.57532908930953,-75.5751653168414,-75.57501536996335,-75.57488475356334,-75.57477826287335,-75.57469980742573,-75.57465226752396,-75.57463738849708,-75.5746557166207,-75.5747065790573,-75.5747881085532,-75.57541767288741,,,,,,,,,,,,,,,,,,,,,,,667ecf2e5002e5c1cb2c58b8,667ecf2e5002e5c1cb2c58b9,667ecf2e5002e5c1cb2c58ba,667ecf2e5002e5c1cb2c58bb,667ecf2e5002e5c1cb2c58bc,667ecf2e5002e5c1cb2c58bd,667ecf2e5002e5c1cb2c58be,667ecf2e5002e5c1cb2c58bf,667ecf2e5002e5c1cb2c58c0,667ecf2e5002e5c1cb2c58c1,667ecf2e5002e5c1cb2c58c2,667ecf2e5002e5c1cb2c58c3,667ecf2e5002e5c1cb2c58c4,667ecf2e5002e5c1cb2c58c5,667ecf2e5002e5c1cb2c58c6,667ecf2e5002e5c1cb2c58c7,667ecf2e5002e5c1cb2c58c8,667ecf2e5002e5c1cb2c58c9,667ecf2e5002e5c1cb2c58ca,667ecf2e5002e5c1cb2c58cb,667ecf2e5002e5c1cb2c58cc,667ecf2e5002e5c1cb2c58cd,667ecf2e5002e5c1cb2c58ce,667ecf2e5002e5c1cb2c58cf,667ecf2e5002e5c1cb2c58d0,667ecf2e5002e5c1cb2c58d1,667ecf2e5002e5c1cb2c58d2,667ecf2e5002e5c1cb2c58d3,667ecf2e5002e5c1cb2c58d4,667ecf2e5002e5c1cb2c58d5,667ecf2e5002e5c1cb2c58d6,667ecf2e5002e5c1cb2c58d7,667ecf2e5002e5c1cb2c58d8,667ecf2e5002e5c1cb2c58d9,667ecf2e5002e5c1cb2c58da,667ecf2e5002e5c1cb2c58db,667ecf2e5002e5c1cb2c58dc,667ecf2e5002e5c1cb2c58dd,667ecf2e5002e5c1cb2c58de,,,,,,,,,,,,,,,,,,,,,,,1
667e5365cb4b99a0554c6504,Inder Las Cometas,6.169823285320388,6.170447734654326,6.170602082988962,6.170556837348431,6.170553089588419,6.170389574752615,6.1701172149405,6.169846395139259,6.169832551351386,6.169823285320388,,,,,,,,,-75.57695482052016,-75.57686466083186,-75.57742723291656,-75.57773347306922,-75.57805889124367,-75.57789487931768,-75.57768129316653,-75.5776075677096,-75.57712616299571,-75.57695482052016,,,,,,,,,667e5365cb4b99a0554c6505,667e5365cb4b99a0554c6506,667e5365cb4b99a0554c6507,667e5365cb4b99a0554c6508,667e5365cb4b99a0554c6509,667e5365cb4b99a0554c650a,667e5365cb4b99a0554c650b,667e5365cb4b99a0554c650c,667e5365cb4b99a0554c650d,667e5365cb4b99a0554c650e,,,,,,,,,667a4aaf0cc99ae2fa6ed6c3,6.168925292433754,6.168931668172436,6.1689685777733425,6.16903475725335,6.169127940270697,6.169244935735676,6.16938173708942,6.1695336595087635,6.169695500338715,6.170319949522038,6.170505007748143,6.170687637082578,6.170860092301171,6.171015059651972,6.171145967030005,6.171247262699937,6.171314650745654,6.171468999332796,6.171499738022558,6.1714916346186,6.171455388245859,6.171452349616862,6.171433238426217,6.171380673750996,6.171296653522732,6.1711843712663255,6.171048094715778,6.170893003600129,6.170724992765545,6.170550448117014,6.170376003896182,6.1702082905210816,6.170053682572187,6.169918056503438,6.1697933687762285,6.169707244138121,6.169611443469,6.169457790591279,6.169317045994716,6.169193884778031,6.169092397971613,6.169015956647613,6.168967099944855,6.168947450727794,6.168933937509964,6.168925292433754,,,,,,,,,,,,,,,,-75.57700395064978,-75.57683668003315,-75.57667345518138,-75.57651986579212,-75.57638117159766,-75.57626212224518,-75.57616679464398,-75.57609845334953,-75.57605943876568,-75.57596927804417,-75.57596193608386,-75.575992878236,-75.57606079229681,-75.57616279809429,-75.57629456962991,-75.57645051853942,-75.57662403109258,-75.57718660402749,-75.57737220980883,-75.57756019648235,-75.57780552616792,-75.57806936914704,-75.57824467058187,-75.57841291072597,-75.57856769494022,-75.57870314003905,-75.5788140979062,-75.57889635116955,-75.57894677349744,-75.57896344842403,-75.57894574218778,-75.57889432781491,-75.5788111595336,-75.57869939849179,-75.57857433154562,-75.57850679197027,-75.57848071194068,-75.57842331879347,-75.57833882891613,-75.57823004882044,-75.57810059185641,-75.57795475818726,-75.57779739195189,-75.57763372035909,-75.57716381073148,-75.57700395064978,,,,,,,,,,,,,,,,667ecf2e5002e5c1cb2c58f6,667ecf2e5002e5c1cb2c58f7,667ecf2e5002e5c1cb2c58f8,667ecf2e5002e5c1cb2c58f9,667ecf2e5002e5c1cb2c58fa,667ecf2e5002e5c1cb2c58fb,667ecf2e5002e5c1cb2c58fc,667ecf2e5002e5c1cb2c58fd,667ecf2e5002e5c1cb2c58fe,667ecf2e5002e5c1cb2c58ff,667ecf2e5002e5c1cb2c5900,667ecf2e5002e5c1cb2c5901,667ecf2e5002e5c1cb2c5902,667ecf2e5002e5c1cb2c5903,667ecf2e5002e5c1cb2c5904,667ecf2e5002e5c1cb2c5905,667ecf2e5002e5c1cb2c5906,667ecf2e5002e5c1cb2c5907,667ecf2e5002e5c1cb2c5908,667ecf2e5002e5c1cb2c5909,667ecf2e5002e5c1cb2c590a,667ecf2e5002e5c1cb2c590b,667ecf2e5002e5c1cb2c590c,667ecf2e5002e5c1cb2c590d,667ecf2e5002e5c1cb2c590e,667ecf2e5002e5c1cb2c590f,667ecf2e5002e5c1cb2c5910,667ecf2e5002e5c1cb2c5911,667ecf2e5002e5c1cb2c5912,667ecf2e5002e5c1cb2c5913,667ecf2e5002e5c1cb2c5914,667ecf2e5002e5c1cb2c5915,667ecf2e5002e5c1cb2c5916,667ecf2e5002e5c1cb2c5917,667ecf2e5002e5c1cb2c5918,667ecf2e5002e5c1cb2c5919,667ecf2e5002e5c1cb2c591a,667ecf2e5002e5c1cb2c591b,667ecf2e5002e5c1cb2c591c,667ecf2e5002e5c1cb2c591d,667ecf2e5002e5c1cb2c591e,667ecf2e5002e5c1cb2c591f,667ecf2e5002e5c1cb2c5920,667ecf2e5002e5c1cb2c5921,667ecf2e5002e5c1cb2c5922,667ecf2e5002e5c1cb2c5923,,,,,,,,,,,,,,,,1
667e5374cb4b99a0554c651a,Iglesia Pentecostal Unida de Colombia,6.173513250805148,6.17332451268521,6.173279404272216,6.173002321309122,6.173395422202504,6.173513250805148,,,,,,,,,,,,,-75.57868350627014,-75.57874101375137,-75.57869262344683,-75.57847860766896,-75.57832737214505,-75.57868350627014,,,,,,,,,,,,,667e5374cb4b99a0554c651b,667e5374cb4b99a0554c651c,667e5374cb4b99a0554c651d,667e5374cb4b99a0554c651e,667e5374cb4b99a0554c651f,667e5374cb4b99a0554c6520,,,,,,,,,,,,,667a50110cc99ae2fa6ed6de,6.174195899330118,6.174227401727356,6.174230507161987,6.1742050921514995,6.174152167281987,6.174073837023374,6.173973216047734,6.173854305378319,6.173721833294281,6.173533095100031,6.173402672722235,6.173269574685532,6.173138357373136,6.173013512781562,6.172899314745248,6.17279967262997,6.172794689352126,6.172564134481266,6.172462891677346,6.17238164975952,6.172323420994796,6.172290364373542,6.172283705559895,6.172303691447456,6.172349581005141,6.172419672752603,6.1725113678465435,6.172621266438957,6.172745293734718,6.173138394437355,6.173278337933657,6.173423036061272,6.1735666128515865,6.173703237867073,6.173827362966984,6.1739339476100685,6.174018663544937,6.174078070575622,6.174195899330118,,,,,,,,,,,,,,,,,,,,,,,-75.57845500629935,-75.57859578618013,-75.57874005410619,-75.57888207350041,-75.57901619719586,-75.57913709198871,-75.57923995070604,-75.57932068335585,-75.57937607975832,-75.57943358701543,-75.57946038345843,-75.57946255350303,-75.57944002287985,-75.57939356290345,-75.57932476406536,-75.57923598158443,-75.57923063573972,-75.57905255750973,-75.57895744373985,-75.57884457580485,-75.57871813860021,-75.578582820134,-75.5784436377076,-75.57830575188744,-75.57817427516538,-75.57805408240131,-75.57794963007603,-75.57786479105614,-75.57780271099658,-75.57765147504449,-75.57761336648962,-75.57760425259552,-75.57762450348703,-75.57767329682915,-75.57774865121709,-75.57784750663522,-75.57796584871785,-75.57809887176613,-75.57845500629935,,,,,,,,,,,,,,,,,,,,,,,667ecf2e5002e5c1cb2c5931,667ecf2e5002e5c1cb2c5932,667ecf2e5002e5c1cb2c5933,667ecf2e5002e5c1cb2c5934,667ecf2e5002e5c1cb2c5935,667ecf2e5002e5c1cb2c5936,667ecf2e5002e5c1cb2c5937,667ecf2e5002e5c1cb2c5938,667ecf2e5002e5c1cb2c5939,667ecf2e5002e5c1cb2c593a,667ecf2e5002e5c1cb2c593b,667ecf2e5002e5c1cb2c593c,667ecf2e5002e5c1cb2c593d,667ecf2e5002e5c1cb2c593e,667ecf2e5002e5c1cb2c593f,667ecf2e5002e5c1cb2c5940,667ecf2e5002e5c1cb2c5941,667ecf2e5002e5c1cb2c5942,667ecf2e5002e5c1cb2c5943,667ecf2e5002e5c1cb2c5944,667ecf2e5002e5c1cb2c5945,667ecf2e5002e5c1cb2c5946,667ecf2e5002e5c1cb2c5947,667ecf2e5002e5c1cb2c5948,667ecf2e5002e5c1cb2c5949,667ecf2e5002e5c1cb2c594a,667ecf2e5002e5c1cb2c594b,667ecf2e5002e5c1cb2c594c,667ecf2e5002e5c1cb2c594d,667ecf2e5002e5c1cb2c594e,667ecf2e5002e5c1cb2c594f,667ecf2e5002e5c1cb2c5950,667ecf2e5002e5c1cb2c5951,667ecf2e5002e5c1cb2c5952,667ecf2e5002e5c1cb2c5953,667ecf2e5002e5c1cb2c5954,667ecf2e5002e5c1cb2c5955,667ecf2e5002e5c1cb2c5956,667ecf2e5002e5c1cb2c5957,,,,,,,,,,,,,,,,,,,,,,,1
667e5384cb4b99a0554c6528,Parroquia de San Jose,6.162002008488689,6.161622020671144,6.161305152697246,6.161309028278629,6.161212895317603,6.161841789769298,6.162002008488689,,,,,,,,,,,,-75.5826743144091,-75.58326824485064,-75.58309188410128,-75.5829300867599,-75.58282551782612,-75.58240997253098,-75.5826743144091,,,,,,,,,,,,667e5384cb4b99a0554c6529,667e5384cb4b99a0554c652a,667e5384cb4b99a0554c652b,667e5384cb4b99a0554c652c,667e5384cb4b99a0554c652d,667e5384cb4b99a0554c652e,667e5384cb4b99a0554c652f,,,,,,,,,,,,667a50110cc99ae2fa6ed6de,6.160593657938513,6.160539694350441,6.16050352789111,6.1604936675564685,6.160510479005395,6.160553338805126,6.160620657550257,6.160709938803311,6.160817871671268,6.16144676565487,6.161574482783533,6.161712917316292,6.161856518872041,6.161999529899016,6.162136216517495,6.16226109841412,6.162369168570407,6.162456094015473,6.162616312920324,6.16267511084823,6.162710553657976,6.162721411561512,6.162707307813264,6.162668731782535,6.162607021973259,6.162227033722523,6.162143583940148,6.162041743990831,6.161925104728641,6.161797778825629,6.161664255759143,6.161529243513439,6.161397502577215,6.161273678090388,6.16095681032447,6.160848860410628,6.160755913350897,6.160681025229306,6.160626658353818,6.1605946002968714,6.160593657938513,,,,,,,,,,,,,,,,,,,,,-75.58319118944821,-75.58308079885106,-75.58294627863222,-75.58280728014125,-75.58266895797328,-75.58253644164314,-75.58241464536549,-75.5823080858187,-75.58222071465008,-75.5818051689476,-75.58173813594193,-75.5816980394787,-75.58168648720316,-75.58170394231458,-75.5817497049911,-75.58182194044481,-75.58191775248272,-75.58203329962471,-75.58229764169509,-75.5824187697669,-75.58254876467852,-75.58268311589185,-75.58281716171294,-75.5829462510443,-75.58306590476995,-75.58365983560819,-75.58376669407636,-75.5838559773302,-75.58392453727284,-75.58396995651161,-75.58399063359334,-75.5839858394689,-75.58395574319674,-75.58390140597923,-75.58372504496762,-75.58365136618907,-75.58355929172674,-75.58345184898259,-75.58333257066037,-75.5832053786115,-75.58319118944821,,,,,,,,,,,,,,,,,,,,,667ecf2e5002e5c1cb2c5968,667ecf2e5002e5c1cb2c5969,667ecf2e5002e5c1cb2c596a,667ecf2e5002e5c1cb2c596b,667ecf2e5002e5c1cb2c596c,667ecf2e5002e5c1cb2c596d,667ecf2e5002e5c1cb2c596e,667ecf2e5002e5c1cb2c596f,667ecf2e5002e5c1cb2c5970,667ecf2e5002e5c1cb2c5971,667ecf2e5002e5c1cb2c5972,667ecf2e5002e5c1cb2c5973,667ecf2e5002e5c1cb2c5974,667ecf2e5002e5c1cb2c5975,667ecf2e5002e5c1cb2c5976,667ecf2e5002e5c1cb2c5977,667ecf2e5002e5c1cb2c5978,667ecf2e5002e5c1cb2c5979,667ecf2e5002e5c1cb2c597a,667ecf2e5002e5c1cb2c597b,667ecf2e5002e5c1cb2c597c,667ecf2e5002e5c1cb2c597d,667ecf2e5002e5c1cb2c597e,667ecf2e5002e5c1cb2c597f,667ecf2e5002e5c1cb2c5980,667ecf2e5002e5c1cb2c5981,667ecf2e5002e5c1cb2c5982,667ecf2e5002e5c1cb2c5983,667ecf2e5002e5c1cb2c5984,667ecf2e5002e5c1cb2c5985,667ecf2e5002e5c1cb2c5986,667ecf2e5002e5c1cb2c5987,667ecf2e5002e5c1cb2c5988,667ecf2e5002e5c1cb2c5989,667ecf2e5002e5c1cb2c598a,667ecf2e5002e5c1cb2c598b,667ecf2e5002e5c1cb2c598c,667ecf2e5002e5c1cb2c598d,667ecf2e5002e5c1cb2c598e,667ecf2e5002e5c1cb2c598f,667ecf2e5002e5c1cb2c5990,,,,,,,,,,,,,,,,,,,,,1
667e5391cb4b99a0554c6538,Parque de San Jose,6.162406690529032,6.162012236569232,6.161847053350709,6.162049057754949,6.162406690529032,,,,,,,,,,,,,,-75.58241374640434,-75.582682711958,-75.58241231721266,-75.58225408327407,-75.58241374640434,,,,,,,,,,,,,,667e5391cb4b99a0554c6539,667e5391cb4b99a0554c653a,667e5391cb4b99a0554c653b,667e5391cb4b99a0554c653c,667e5391cb4b99a0554c653d,,,,,,,,,,,,,,667a50320cc99ae2fa6ed6e0,6.162698570747581,6.162819552624219,6.162925130055549,6.1630113637939985,6.163075036331603,6.163113771951076,6.1631261253683025,6.163111635658678,6.163070843455094,6.163005270775875,6.162917364235351,6.1628104037560805,6.1624159494962045,6.162288298903985,6.162149427931815,6.162004980914933,6.161860828819252,6.161722830619069,6.161596595162924,6.161487253206373,6.161399248877084,6.161234065849354,6.161169357767308,6.161134027889472,6.161129607767177,6.161156289012845,6.1612129149936825,6.1612970309711566,6.161404990512863,6.161606994748833,6.161738847022276,6.161885100784952,6.16203896624021,6.162193300214395,6.162340937776805,6.162698570747581,,,,,,,,,,,,,,,,,,,,,,,,,,-75.58175233533342,-75.5818211169755,-75.5819120104773,-75.58202162448204,-75.58214586913758,-75.58228010869497,-75.58241933447648,-75.58255835175859,-75.58269197359733,-75.5828152143632,-75.58292347576428,-75.58301271841655,-75.58328168372958,-75.58335095765443,-75.58339307108534,-75.5834063123665,-75.58339014333716,-75.58334522120101,-75.58327337181099,-75.58317751545532,-75.5830615481623,-75.58279115361137,-75.58265526995122,-75.58250885428106,-75.58235825372631,-75.58220999682514,-75.58207051051946,-75.5819458415499,-75.58184139433158,-75.58168316030748,-75.58160116808693,-75.58154948728856,-75.58153051720696,-75.58154513855284,-75.58159267256109,-75.58175233533342,,,,,,,,,,,,,,,,,,,,,,,,,,667ecf2e5002e5c1cb2c599c,667ecf2e5002e5c1cb2c599d,667ecf2e5002e5c1cb2c599e,667ecf2e5002e5c1cb2c599f,667ecf2e5002e5c1cb2c59a0,667ecf2e5002e5c1cb2c59a1,667ecf2e5002e5c1cb2c59a2,667ecf2e5002e5c1cb2c59a3,667ecf2e5002e5c1cb2c59a4,667ecf2e5002e5c1cb2c59a5,667ecf2e5002e5c1cb2c59a6,667ecf2e5002e5c1cb2c59a7,667ecf2e5002e5c1cb2c59a8,667ecf2e5002e5c1cb2c59a9,667ecf2e5002e5c1cb2c59aa,667ecf2e5002e5c1cb2c59ab,667ecf2e5002e5c1cb2c59ac,667ecf2e5002e5c1cb2c59ad,667ecf2e5002e5c1cb2c59ae,667ecf2e5002e5c1cb2c59af,667ecf2e5002e5c1cb2c59b0,667ecf2e5002e5c1cb2c59b1,667ecf2e5002e5c1cb2c59b2,667ecf2e5002e5c1cb2c59b3,667ecf2e5002e5c1cb2c59b4,667ecf2e5002e5c1cb2c59b5,667ecf2e5002e5c1cb2c59b6,667ecf2e5002e5c1cb2c59b7,667ecf2e5002e5c1cb2c59b8,667ecf2e5002e5c1cb2c59b9,667ecf2e5002e5c1cb2c59ba,667ecf2e5002e5c1cb2c59bb,667ecf2e5002e5c1cb2c59bc,667ecf2e5002e5c1cb2c59bd,667ecf2e5002e5c1cb2c59be,667ecf2e5002e5c1cb2c59bf,,,,,,,,,,,,,,,,,,,,,,,,,,1
667e5399cb4b99a0554c6544,Cancha de microfutbol Manga Azul,6.162759893249,6.162614584685646,6.162399608949371,6.162532227662233,6.162759893249,,,,,,,,,,,,,,-75.58454235970109,-75.58471427469186,-75.58451507347272,-75.58435953170773,-75.58454235970109,,,,,,,,,,,,,,667e5399cb4b99a0554c6545,667e5399cb4b99a0554c6546,667e5399cb4b99a0554c6547,667e5399cb4b99a0554c6548,667e5399cb4b99a0554c6549,,,,,,,,,,,,,,667a4aaf0cc99ae2fa6ed6c3,6.1633210140932775,6.163449568509931,6.1635505728034525,6.163619992191047,6.163655053599674,6.16365435644257,6.163617928568842,6.163547225150987,6.163445070554735,6.16329976180375,6.163169435958153,6.163016695262127,6.162847710140922,6.162669307256658,6.1624886937233265,6.16231316595335,6.162149814897801,6.1620052395879865,6.161790264098565,6.161675298457799,6.1615869253637285,6.161528389361205,6.161501839550125,6.161508250684146,6.16154738738397,6.16161781277895,6.1617169412598285,6.161849559802086,6.161973792274406,6.162118539520813,6.162278484095965,6.16244775025935,6.162620119825906,6.162789260597488,6.162948958983594,6.163093348265769,6.1633210140932775,,,,,,,,,,,,,,,,,,,,,,,,,-75.58383547944432,-75.58396183449159,-75.58411137956759,-75.58427814085938,-75.5844554568149,-75.58463624425224,-75.58481328131342,-75.58497949595763,-75.58512824846981,-75.58530016352213,-75.58542614382542,-75.58552336599638,-75.5855879024757,-75.58561714615027,-75.5856099156708,-75.58556650317024,-75.58548866245647,-75.58537953815683,-75.58518033689693,-75.58505122978141,-75.5849024381269,-75.58473942470393,-75.58456817441632,-75.58439497457302,-75.58422618405817,-75.58406799987358,-75.58392622962415,-75.58377068791211,-75.58365050435893,-75.58355636767534,-75.58349173609581,-75.58345898396018,-75.58345931448613,-75.58349271556321,-75.58355796019319,-75.58365265156091,-75.58383547944432,,,,,,,,,,,,,,,,,,,,,,,,,667ecf2e5002e5c1cb2c59cc,667ecf2e5002e5c1cb2c59cd,667ecf2e5002e5c1cb2c59ce,667ecf2e5002e5c1cb2c59cf,667ecf2e5002e5c1cb2c59d0,667ecf2e5002e5c1cb2c59d1,667ecf2e5002e5c1cb2c59d2,667ecf2e5002e5c1cb2c59d3,667ecf2e5002e5c1cb2c59d4,667ecf2e5002e5c1cb2c59d5,667ecf2e5002e5c1cb2c59d6,667ecf2e5002e5c1cb2c59d7,667ecf2e5002e5c1cb2c59d8,667ecf2e5002e5c1cb2c59d9,667ecf2e5002e5c1cb2c59da,667ecf2e5002e5c1cb2c59db,667ecf2e5002e5c1cb2c59dc,667ecf2e5002e5c1cb2c59dd,667ecf2e5002e5c1cb2c59de,667ecf2e5002e5c1cb2c59df,667ecf2e5002e5c1cb2c59e0,667ecf2e5002e5c1cb2c59e1,667ecf2e5002e5c1cb2c59e2,667ecf2e5002e5c1cb2c59e3,667ecf2e5002e5c1cb2c59e4,667ecf2e5002e5c1cb2c59e5,667ecf2e5002e5c1cb2c59e6,667ecf2e5002e5c1cb2c59e7,667ecf2e5002e5c1cb2c59e8,667ecf2e5002e5c1cb2c59e9,667ecf2e5002e5c1cb2c59ea,667ecf2e5002e5c1cb2c59eb,667ecf2e5002e5c1cb2c59ec,667ecf2e5002e5c1cb2c59ed,667ecf2e5002e5c1cb2c59ee,667ecf2e5002e5c1cb2c59ef,667ecf2e5002e5c1cb2c59f0,,,,,,,,,,,,,,,,,,,,,,,,,1
667e53adcb4b99a0554c6550,Casa Museo Debora Arango Perez,6.17439013873799,6.174462639948239,6.173795692962265,6.173645530381296,6.17439013873799,,,,,,,,,,,,,,-75.58550675205424,-75.58583712396138,-75.58607763487954,-75.58571173137588,-75.58550675205424,,,,,,,,,,,,,,667e53adcb4b99a0554c6551,667e53adcb4b99a0554c6552,667e53adcb4b99a0554c6553,667e53adcb4b99a0554c6554,667e53adcb4b99a0554c6555,,,,,,,,,,,,,,667a50110cc99ae2fa6ed6de,6.174200216193178,6.174343722585749,6.1744891274705616,6.17463048362317,6.1747620094122215,6.1748783252755945,6.174974673752027,6.175047114068491,6.17509268332417,6.175165184630594,6.175182052768897,6.175168424012892,6.175124876105723,6.175053255107365,6.174956597136522,6.174838999663803,6.174705447812476,6.17403850052077,6.173905910113294,6.173769334254467,6.173633711547449,6.173503946125558,6.173384730318491,6.173280374977898,6.17319465359759,6.173130665864892,6.172980503472454,6.172940866097086,6.172926152694546,6.172936883676419,6.1729726794889475,6.1730322740376495,6.173113559468447,6.173213660721491,6.173329037220856,6.1734556081035095,6.174200216193178,,,,,,,,,,,,,,,,,,,,,,,,,-75.58480876754813,-75.58478460556665,-75.58478998018231,-75.58482467159112,-75.58488726089664,-75.58497518814096,-75.5850848570074,-75.58521178191285,-75.58535077147363,-75.58568114379766,-75.58582916907392,-75.58597753156967,-75.58611994197922,-75.5862503633176,-75.58636326683974,-75.58645386641344,-75.5865183214105,-75.5867588315811,-75.58679274622448,-75.58680080232648,-75.58678270859714,-75.58673911932746,-75.58667161072744,-75.58658262392774,-75.58647537670664,-75.58635374713428,-75.58598784401174,-75.58585771785934,-75.58572242817932,-75.58558676015444,-75.58545551234934,-75.58533332698771,-75.58522452575907,-75.58513295696203,-75.58506185939055,-75.58501374777748,-75.58480876754813,,,,,,,,,,,,,,,,,,,,,,,,,667ecf2e5002e5c1cb2c59fe,667ecf2e5002e5c1cb2c59ff,667ecf2e5002e5c1cb2c5a00,667ecf2e5002e5c1cb2c5a01,667ecf2e5002e5c1cb2c5a02,667ecf2e5002e5c1cb2c5a03,667ecf2e5002e5c1cb2c5a04,667ecf2e5002e5c1cb2c5a05,667ecf2e5002e5c1cb2c5a06,667ecf2e5002e5c1cb2c5a07,667ecf2e5002e5c1cb2c5a08,667ecf2e5002e5c1cb2c5a09,667ecf2e5002e5c1cb2c5a0a,667ecf2e5002e5c1cb2c5a0b,667ecf2e5002e5c1cb2c5a0c,667ecf2e5002e5c1cb2c5a0d,667ecf2e5002e5c1cb2c5a0e,667ecf2e5002e5c1cb2c5a0f,667ecf2e5002e5c1cb2c5a10,667ecf2e5002e5c1cb2c5a11,667ecf2e5002e5c1cb2c5a12,667ecf2e5002e5c1cb2c5a13,667ecf2e5002e5c1cb2c5a14,667ecf2e5002e5c1cb2c5a15,667ecf2e5002e5c1cb2c5a16,667ecf2e5002e5c1cb2c5a17,667ecf2e5002e5c1cb2c5a18,667ecf2e5002e5c1cb2c5a19,667ecf2e5002e5c1cb2c5a1a,667ecf2e5002e5c1cb2c5a1b,667ecf2e5002e5c1cb2c5a1c,667ecf2e5002e5c1cb2c5a1d,667ecf2e5002e5c1cb2c5a1e,667ecf2e5002e5c1cb2c5a1f,667ecf2e5002e5c1cb2c5a20,667ecf2e5002e5c1cb2c5a21,667ecf2e5002e5c1cb2c5a22,,,,,,,,,,,,,,,,,,,,,,,,,1
667e53bacb4b99a0554c655c,Parroquia San Marcos,6.175922568778402,6.175986255090165,6.175705631266174,6.175612255279175,6.175922568778402,,,,,,,,,,,,,,-75.58592280207708,-75.58638700047378,-75.58645006210587,-75.58596410914019,-75.58592280207708,,,,,,,,,,,,,,667e53bacb4b99a0554c655d,667e53bacb4b99a0554c655e,667e53bacb4b99a0554c655f,667e53bacb4b99a0554c6560,667e53bacb4b99a0554c6561,,,,,,,,,,,,,,667a50110cc99ae2fa6ed6de,6.175828177383959,6.175968638296112,6.176107341259787,6.1762389935057085,6.176358571309289,6.176461511691984,6.17654388654141,6.176602552505804,6.176635270942711,6.1766989573402,6.176704851911571,6.176685953431093,6.176642913936491,6.176577218381509,6.176491133401286,6.17638762910784,6.176270276614075,6.1761431248220315,6.1758625009149135,6.175719907419641,6.175576745022015,6.175438718909261,6.17531132957738,6.175199653630917,6.1751081414758024,6.175040439967245,6.174999247080052,6.174905871217614,6.1748928583761,6.174909612424604,6.174955440123267,6.175028445238294,6.175125607002414,6.175242905105316,6.175375486042547,6.175517863940063,6.175828177383959,,,,,,,,,,,,,,,,,,,,,,,,,-75.58520540111115,-75.58520063098032,-75.58522341818072,-75.58527289319609,-75.58534716812584,-75.5854434087229,-75.58555794254426,-75.58568639908752,-75.58582387656587,-75.58628807557552,-75.58642236199482,-75.58655542836644,-75.58668268361825,-75.58679973717639,-75.58690255045086,-75.58698757617617,-75.58705188079955,-75.58709324569375,-75.58715630697021,-75.58717357554049,-75.58716201125155,-75.5871220749766,-75.58705535824244,-75.58696451980217,-75.58685317967876,-75.58672577490208,-75.5865873826887,-75.58610143034709,-75.58595481124672,-75.58580857686951,-75.58566877802187,-75.58554119922749,-75.58543111938074,-75.58534309332052,-75.58528076336245,-75.58524670858735,-75.58520540111115,,,,,,,,,,,,,,,,,,,,,,,,,667ecf2e5002e5c1cb2c5a30,667ecf2e5002e5c1cb2c5a31,667ecf2e5002e5c1cb2c5a32,667ecf2e5002e5c1cb2c5a33,667ecf2e5002e5c1cb2c5a34,667ecf2e5002e5c1cb2c5a35,667ecf2e5002e5c1cb2c5a36,667ecf2e5002e5c1cb2c5a37,667ecf2e5002e5c1cb2c5a38,667ecf2e5002e5c1cb2c5a39,667ecf2e5002e5c1cb2c5a3a,667ecf2e5002e5c1cb2c5a3b,667ecf2e5002e5c1cb2c5a3c,667ecf2e5002e5c1cb2c5a3d,667ecf2e5002e5c1cb2c5a3e,667ecf2e5002e5c1cb2c5a3f,667ecf2e5002e5c1cb2c5a40,667ecf2e5002e5c1cb2c5a41,667ecf2e5002e5c1cb2c5a42,667ecf2e5002e5c1cb2c5a43,667ecf2e5002e5c1cb2c5a44,667ecf2e5002e5c1cb2c5a45,667ecf2e5002e5c1cb2c5a46,667ecf2e5002e5c1cb2c5a47,667ecf2e5002e5c1cb2c5a48,667ecf2e5002e5c1cb2c5a49,667ecf2e5002e5c1cb2c5a4a,667ecf2e5002e5c1cb2c5a4b,667ecf2e5002e5c1cb2c5a4c,667ecf2e5002e5c1cb2c5a4d,667ecf2e5002e5c1cb2c5a4e,667ecf2e5002e5c1cb2c5a4f,667ecf2e5002e5c1cb2c5a50,667ecf2e5002e5c1cb2c5a51,667ecf2e5002e5c1cb2c5a52,667ecf2e5002e5c1cb2c5a53,667ecf2e5002e5c1cb2c5a54,,,,,,,,,,,,,,,,,,,,,,,,,1
667e53c6cb4b99a0554c6568,I.E. San Marcos,6.17635289715389,6.176394237117966,6.176306503174112,6.176489775185403,6.176294205372803,6.17651464584835,6.175806642195697,6.175721347600009,6.175964277256583,6.175709440009426,6.175986757089968,6.175953467420527,6.175928687826773,6.176017105880457,6.17602480938566,6.176308906909295,6.17635289715389,,-75.58642432734524,-75.58662807273198,-75.58669778060067,-75.58736154173451,-75.58746819331985,-75.58829851214196,-75.58819378283653,-75.58788720836435,-75.58782298819467,-75.5864450870121,-75.58638866949154,-75.586106767319,-75.58592986836005,-75.5859304482906,-75.58609930392666,-75.58607464111068,-75.58642432734524,,667e53c6cb4b99a0554c6569,667e53c6cb4b99a0554c656a,667e53c6cb4b99a0554c656b,667e53c6cb4b99a0554c656c,667e53c6cb4b99a0554c656d,667e53c6cb4b99a0554c656e,667e53c6cb4b99a0554c656f,667e53c6cb4b99a0554c6570,667e53c6cb4b99a0554c6571,667e53c6cb4b99a0554c6572,667e53c6cb4b99a0554c6573,667e53c6cb4b99a0554c6574,667e53c6cb4b99a0554c6575,667e53c6cb4b99a0554c6576,667e53c6cb4b99a0554c6577,667e53c6cb4b99a0554c6578,667e53c6cb4b99a0554c6579,,667a4a900cc99ae2fa6ed6c1,6.17729926205749,6.17738352013665,6.1774121722907696,6.177405831530647,6.177364745071748,6.177290514805067,6.177186034841232,6.177055378672584,6.176903640352874,6.176736735887097,6.176561172575285,6.1763837953035,6.175675791825916,6.175508423585496,6.17535201359975,6.175212309242948,6.175094444027233,6.175002748970577,6.174940593453027,6.174855298996821,6.174824523920178,6.17482891006042,6.174868285453407,6.174941106337166,6.174970537907717,6.174825287993127,6.1748101689342185,6.174828925578642,6.1748808513625555,6.174963990238388,6.1750351220960065,6.175055496835907,6.175112159600229,6.175198460813045,6.175311267910903,6.175446486216841,6.175599207567476,6.1757638884682455,6.175934551310343,6.176022969364994,6.176192530630684,6.176355791200224,6.1765068872453135,6.176548155462719,6.1765718045503215,6.176730594103218,6.1768739862031,6.176996745024529,6.177094388143154,6.177163350208996,6.177201113133538,6.177240842171979,6.177275394326029,6.177293421422028,6.177281116218996,6.177271800582267,6.177356298690814,6.177386306952377,6.177383323860141,6.177347459188894,6.17729926205749,-75.58774776436023,-75.58806513441162,-75.58824140558978,-75.58841990325541,-75.58859366808792,-75.58875592529456,-75.58890034875154,-75.58902130765121,-75.5891140860381,-75.58917506667473,-75.58920187206833,-75.58919345716068,-75.58908872668444,-75.58904717074057,-75.58897425655698,-75.58887266343324,-75.58874612448457,-75.58859928946467,-75.5884375539077,-75.5881309798977,-75.5879545648936,-75.58777550909213,-75.58760083260108,-75.58743738383448,-75.58739588452573,-75.58661052287636,-75.58643561665451,-75.58626106718155,-75.58609344974627,-75.58593907851099,-75.58585253985385,-75.58571340393756,-75.58555076156169,-75.58540188000997,-75.5852721633964,-75.58516632019384,-75.58508819232568,-75.58504061570986,-75.5850253173175,-75.585025897097,-75.5850432540042,-75.58509247624546,-75.58517179593436,-75.5852047377207,-75.58520958368703,-75.58527567518999,-75.58537094015803,-75.5854919001039,-75.5856341383037,-75.58579246106868,-75.58596108738895,-75.5862769004515,-75.5864471919075,-75.58661233837157,-75.58677801560658,-75.58681345344013,-75.58711948288322,-75.58729036191983,-75.58746386030177,-75.58763359346376,-75.58774776436023,667ecf2e5002e5c1cb2c5a78,667ecf2e5002e5c1cb2c5a79,667ecf2e5002e5c1cb2c5a7a,667ecf2e5002e5c1cb2c5a7b,667ecf2e5002e5c1cb2c5a7c,667ecf2e5002e5c1cb2c5a7d,667ecf2e5002e5c1cb2c5a7e,667ecf2e5002e5c1cb2c5a7f,667ecf2e5002e5c1cb2c5a80,667ecf2e5002e5c1cb2c5a81,667ecf2e5002e5c1cb2c5a82,667ecf2e5002e5c1cb2c5a83,667ecf2e5002e5c1cb2c5a84,667ecf2e5002e5c1cb2c5a85,667ecf2e5002e5c1cb2c5a86,667ecf2e5002e5c1cb2c5a87,667ecf2e5002e5c1cb2c5a88,667ecf2e5002e5c1cb2c5a89,667ecf2e5002e5c1cb2c5a8a,667ecf2e5002e5c1cb2c5a8b,667ecf2e5002e5c1cb2c5a8c,667ecf2e5002e5c1cb2c5a8d,667ecf2e5002e5c1cb2c5a8e,667ecf2e5002e5c1cb2c5a8f,667ecf2e5002e5c1cb2c5a90,667ecf2e5002e5c1cb2c5a91,667ecf2e5002e5c1cb2c5a92,667ecf2e5002e5c1cb2c5a93,667ecf2e5002e5c1cb2c5a94,667ecf2e5002e5c1cb2c5a95,667ecf2e5002e5c1cb2c5a96,667ecf2e5002e5c1cb2c5a97,667ecf2e5002e5c1cb2c5a98,667ecf2e5002e5c1cb2c5a99,667ecf2e5002e5c1cb2c5a9a,667ecf2e5002e5c1cb2c5a9b,667ecf2e5002e5c1cb2c5a9c,667ecf2e5002e5c1cb2c5a9d,667ecf2e5002e5c1cb2c5a9e,667ecf2e5002e5c1cb2c5a9f,667ecf2e5002e5c1cb2c5aa0,667ecf2e5002e5c1cb2c5aa1,667ecf2e5002e5c1cb2c5aa2,667ecf2e5002e5c1cb2c5aa3,667ecf2e5002e5c1cb2c5aa4,667ecf2e5002e5c1cb2c5aa5,667ecf2e5002e5c1cb2c5aa6,667ecf2e5002e5c1cb2c5aa7,667ecf2e5002e5c1cb2c5aa8,667ecf2e5002e5c1cb2c5aa9,667ecf2e5002e5c1cb2c5aaa,667ecf2e5002e5c1cb2c5aab,667ecf2e5002e5c1cb2c5aac,667ecf2e5002e5c1cb2c5aad,667ecf2e5002e5c1cb2c5aae,667ecf2e5002e5c1cb2c5aaf,667ecf2e5002e5c1cb2c5ab0,667ecf2e5002e5c1cb2c5ab1,667ecf2e5002e5c1cb2c5ab2,667ecf2e5002e5c1cb2c5ab3,667ecf2e5002e5c1cb2c5ab4,1
667e53cecb4b99a0554c658c,Colegio Teresiano de Envigado,6.182783579517085,6.181993578354507,6.181692095740344,6.1814580259478,6.181071840929982,6.180851953521191,6.181164195031174,6.181328456297566,6.182783579517085,,,,,,,,,,-75.58439591479184,-75.58505094640171,-75.58530766531851,-75.58508055714336,-75.58511381510911,-75.58290292722344,-75.58273614846267,-75.58258117765433,-75.58439591479184,,,,,,,,,,667e53cecb4b99a0554c658d,667e53cecb4b99a0554c658e,667e53cecb4b99a0554c658f,667e53cecb4b99a0554c6590,667e53cecb4b99a0554c6591,667e53cecb4b99a0554c6592,667e53cecb4b99a0554c6593,667e53cecb4b99a0554c6594,667e53cecb4b99a0554c6595,,,,,,,,,,667a4a900cc99ae2fa6ed6c1,6.181139465619113,6.180973871890625,6.180802882716403,6.180642042811502,6.180497421523924,6.180374476182014,6.180277846162235,6.180211177822847,6.180176986909372,6.179957099872509,6.179956891117286,6.179991326652415,6.180059073620207,6.180157509813911,6.180282825171177,6.180430169244157,6.180636454817743,6.180713214419162,6.180860150174045,6.181026828504515,6.18120622270018,6.181390769976631,6.181572690301304,6.1817443143792214,6.181898406971645,6.18202847191718,6.183483597062407,6.183579732470182,6.183645686047779,6.1836789575138695,6.183678285556308,6.183643695648828,6.183576499085313,6.1834792432682955,6.183355615136319,6.182570158053191,6.182273170578586,6.182117332872277,6.181942813838218,6.181757280387518,6.1815688833047036,6.181385899169649,6.181216366754584,6.181139465619113,,,,,,,,,,,,,,,,,,-75.58601498829888,-75.58601301064333,-75.58597699290495,-75.58590840284695,-75.58580982876646,-75.58568499040918,-75.58553859860149,-75.58537617748551,-75.58520385606518,-75.58299297188162,-75.5828150067791,-75.58264044471441,-75.58247604226717,-75.58232816278564,-75.58220253009024,-75.58210400692901,-75.58199382253447,-75.58192140426874,-75.58180892096397,-75.58172899391032,-75.58168499264946,-75.58167877219502,-75.58171059482427,-75.58177911901471,-75.58188145599291,-75.58201329151306,-75.58382802948984,-75.5839752360398,-75.58413839039838,-75.5843113074351,-75.58448743191379,-75.5846600870032,-75.58482272739765,-75.58496918745116,-75.58509391491785,-75.5857451777628,-75.58599806858122,-75.58610473352864,-75.58617638192827,-75.58620986618259,-75.58620371531447,-75.5861581995828,-75.58607531860234,-75.58601498829888,,,,,,,,,,,,,,,,,,667ecf2e5002e5c1cb2c5ac9,667ecf2e5002e5c1cb2c5aca,667ecf2e5002e5c1cb2c5acb,667ecf2e5002e5c1cb2c5acc,667ecf2e5002e5c1cb2c5acd,667ecf2e5002e5c1cb2c5ace,667ecf2e5002e5c1cb2c5acf,667ecf2e5002e5c1cb2c5ad0,667ecf2e5002e5c1cb2c5ad1,667ecf2e5002e5c1cb2c5ad2,667ecf2e5002e5c1cb2c5ad3,667ecf2e5002e5c1cb2c5ad4,667ecf2e5002e5c1cb2c5ad5,667ecf2e5002e5c1cb2c5ad6,667ecf2e5002e5c1cb2c5ad7,667ecf2e5002e5c1cb2c5ad8,667ecf2e5002e5c1cb2c5ad9,667ecf2e5002e5c1cb2c5ada,667ecf2e5002e5c1cb2c5adb,667ecf2e5002e5c1cb2c5adc,667ecf2e5002e5c1cb2c5add,667ecf2e5002e5c1cb2c5ade,667ecf2e5002e5c1cb2c5adf,667ecf2e5002e5c1cb2c5ae0,667ecf2e5002e5c1cb2c5ae1,667ecf2e5002e5c1cb2c5ae2,667ecf2e5002e5c1cb2c5ae3,667ecf2e5002e5c1cb2c5ae4,667ecf2e5002e5c1cb2c5ae5,667ecf2e5002e5c1cb2c5ae6,667ecf2e5002e5c1cb2c5ae7,667ecf2e5002e5c1cb2c5ae8,667ecf2e5002e5c1cb2c5ae9,667ecf2e5002e5c1cb2c5aea,667ecf2e5002e5c1cb2c5aeb,667ecf2e5002e5c1cb2c5aec,667ecf2e5002e5c1cb2c5aed,667ecf2e5002e5c1cb2c5aee,667ecf2e5002e5c1cb2c5aef,667ecf2e5002e5c1cb2c5af0,667ecf2e5002e5c1cb2c5af1,667ecf2e5002e5c1cb2c5af2,667ecf2e5002e5c1cb2c5af3,667ecf2e5002e5c1cb2c5af4,,,,,,,,,,,,,,,,,,1
667e53d8cb4b99a0554c65a0,Clinica Especialista de envigado,6.175148332708986,6.175184372639755,6.17540024232558,6.175370936753632,6.175148332708986,,,,,,,,,,,,,,-75.58474226120144,-75.58464014255159,-75.58470962260552,-75.58481622639457,-75.58474226120144,,,,,,,,,,,,,,667e53d8cb4b99a0554c65a1,667e53d8cb4b99a0554c65a2,667e53d8cb4b99a0554c65a3,667e53d8cb4b99a0554c65a4,667e53d8cb4b99a0554c65a5,,,,,,,,,,,,,,667a50a30cc99ae2fa6ed6e3,6.1749226587452775,6.17479199595141,6.17467541282223,6.174577515806427,6.174502173022084,6.1744523614204665,6.174430049161635,6.174436117849197,6.174470327696734,6.174506367581361,6.174564908074179,6.174646314631706,6.1747475823308635,6.174864973121417,6.174994153805864,6.175130355987956,6.175268552085907,6.175403640913324,6.175619510688529,6.175745833738682,6.1758595405174725,6.175956479997541,6.176033113263476,6.176086642706117,6.176115114154366,6.176117488215852,6.1760936782219416,6.176064372611615,6.176011637421012,6.175932716279684,6.175830834765525,6.175710156865366,6.1755756147877525,6.17543270737805,6.1752872753750925,6.175145262695051,6.1749226587452775,,,,,,,,,,,,,,,,,,,,,,,,,-75.58542939411392,-75.58537092183539,-75.58528760982303,-75.58518274992768,-75.5850604853962,-75.58492564716266,-75.58478356296912,-75.5846398468572,-75.58450017734826,-75.58439805881268,-75.58427210977375,-75.58415974575755,-75.58406511441284,-75.58399170883605,-75.58394223863158,-75.58391852989176,-75.58392145778868,-75.58395091426641,-75.58402039406813,-75.58407492121152,-75.58415261902289,-75.58425065104714,-75.58436543849407,-75.58449279088673,-75.58462805904168,-75.5847663047955,-75.58490248128186,-75.58500908519984,-75.58514542878953,-75.58526831757884,-75.58537272899972,-75.58545439567753,-75.58550997984212,-75.58553720974339,-75.58553497249684,-75.58550335956436,-75.58542939411392,,,,,,,,,,,,,,,,,,,,,,,,,667ecf2e5002e5c1cb2c5b00,667ecf2e5002e5c1cb2c5b01,667ecf2e5002e5c1cb2c5b02,667ecf2e5002e5c1cb2c5b03,667ecf2e5002e5c1cb2c5b04,667ecf2e5002e5c1cb2c5b05,667ecf2e5002e5c1cb2c5b06,667ecf2e5002e5c1cb2c5b07,667ecf2e5002e5c1cb2c5b08,667ecf2e5002e5c1cb2c5b09,667ecf2e5002e5c1cb2c5b0a,667ecf2e5002e5c1cb2c5b0b,667ecf2e5002e5c1cb2c5b0c,667ecf2e5002e5c1cb2c5b0d,667ecf2e5002e5c1cb2c5b0e,667ecf2e5002e5c1cb2c5b0f,667ecf2e5002e5c1cb2c5b10,667ecf2e5002e5c1cb2c5b11,667ecf2e5002e5c1cb2c5b12,667ecf2e5002e5c1cb2c5b13,667ecf2e5002e5c1cb2c5b14,667ecf2e5002e5c1cb2c5b15,667ecf2e5002e5c1cb2c5b16,667ecf2e5002e5c1cb2c5b17,667ecf2e5002e5c1cb2c5b18,667ecf2e5002e5c1cb2c5b19,667ecf2e5002e5c1cb2c5b1a,667ecf2e5002e5c1cb2c5b1b,667ecf2e5002e5c1cb2c5b1c,667ecf2e5002e5c1cb2c5b1d,667ecf2e5002e5c1cb2c5b1e,667ecf2e5002e5c1cb2c5b1f,667ecf2e5002e5c1cb2c5b20,667ecf2e5002e5c1cb2c5b21,667ecf2e5002e5c1cb2c5b22,667ecf2e5002e5c1cb2c5b23,667ecf2e5002e5c1cb2c5b24,,,,,,,,,,,,,,,,,,,,,,,,,1
667e53e1cb4b99a0554c65ac,Clinica Nova,6.176599476819382,6.176825720511363,6.176956678796823,6.17671570404228,6.176599476819382,,,,,,,,,,,,,,-75.58990093139201,-75.58972527158943,-75.58989914357333,-75.59007247865586,-75.58990093139201,,,,,,,,,,,,,,667e53e1cb4b99a0554c65ad,667e53e1cb4b99a0554c65ae,667e53e1cb4b99a0554c65af,667e53e1cb4b99a0554c65b0,667e53e1cb4b99a0554c65b1,,,,,,,,,,,,,,667a50a30cc99ae2fa6ed6e3,6.176004948456122,6.17593942969549,6.17589740615483,6.175880373711688,6.175888938655888,6.175922796108189,6.175980740872683,6.176060710336677,6.176159857891046,6.176386101395159,6.1765063844575385,6.176639080611864,6.176779031761476,6.176920797793123,6.177058868041999,6.177187875499883,6.177302805439786,6.177399190347389,6.17753014877471,6.177604964792717,6.177653989575187,6.17767527272813,6.177667967525872,6.177632364597466,6.177569880364201,6.177483000688285,6.177375181974655,6.1771342070296225,6.177010141330462,6.17687443340452,6.176732449235609,6.176589802970105,6.176452134929625,6.176324888589422,6.176213095340868,6.176121175548504,6.176004948456122,,,,,,,,,,,,,,,,,,,,,,,,,-75.59030845530775,-75.59018888086027,-75.59005905651026,-75.58992360351064,-75.58978734347035,-75.58965512672557,-75.58953165968836,-75.58942133731802,-75.5893280866786,-75.5891524267771,-75.58907680424092,-75.58902638858463,-75.58900313955911,-75.58900796091082,-75.58904066524858,-75.58909998132424,-75.5891836034451,-75.58928828109744,-75.58946215316159,-75.58958532365202,-75.58972097910156,-75.58986372261853,-75.59000787531738,-75.59014770224924,-75.59027764056289,-75.59039252081874,-75.59048777265036,-75.59066110760197,-75.59073275996896,-75.59077830435325,-75.59079593991936,-75.59078496936796,-75.5907458265041,-75.59068005908074,-75.59059026759651,-75.59048000246842,-75.59030845530775,,,,,,,,,,,,,,,,,,,,,,,,,667ecf2e5002e5c1cb2c5b31,667ecf2e5002e5c1cb2c5b32,667ecf2e5002e5c1cb2c5b33,667ecf2e5002e5c1cb2c5b34,667ecf2e5002e5c1cb2c5b35,667ecf2e5002e5c1cb2c5b36,667ecf2e5002e5c1cb2c5b37,667ecf2e5002e5c1cb2c5b38,667ecf2e5002e5c1cb2c5b39,667ecf2e5002e5c1cb2c5b3a,667ecf2e5002e5c1cb2c5b3b,667ecf2e5002e5c1cb2c5b3c,667ecf2e5002e5c1cb2c5b3d,667ecf2e5002e5c1cb2c5b3e,667ecf2e5002e5c1cb2c5b3f,667ecf2e5002e5c1cb2c5b40,667ecf2e5002e5c1cb2c5b41,667ecf2e5002e5c1cb2c5b42,667ecf2e5002e5c1cb2c5b43,667ecf2e5002e5c1cb2c5b44,667ecf2e5002e5c1cb2c5b45,667ecf2e5002e5c1cb2c5b46,667ecf2e5002e5c1cb2c5b47,667ecf2e5002e5c1cb2c5b48,667ecf2e5002e5c1cb2c5b49,667ecf2e5002e5c1cb2c5b4a,667ecf2e5002e5c1cb2c5b4b,667ecf2e5002e5c1cb2c5b4c,667ecf2e5002e5c1cb2c5b4d,667ecf2e5002e5c1cb2c5b4e,667ecf2e5002e5c1cb2c5b4f,667ecf2e5002e5c1cb2c5b50,667ecf2e5002e5c1cb2c5b51,667ecf2e5002e5c1cb2c5b52,667ecf2e5002e5c1cb2c5b53,667ecf2e5002e5c1cb2c5b54,667ecf2e5002e5c1cb2c5b55,,,,,,,,,,,,,,,,,,,,,,,,,1
667e53eccb4b99a0554c65b8,Clinica las americas Sede sur,6.178131450795624,6.178474780660144,6.178971607081998,6.178622384729593,6.178131450795624,,,,,,,,,,,,,,-75.58323032805964,-75.58297041208576,-75.5836125787159,-75.58389319704855,-75.58323032805964,,,,,,,,,,,,,,667e53eccb4b99a0554c65b9,667e53eccb4b99a0554c65ba,667e53eccb4b99a0554c65bb,667e53eccb4b99a0554c65bc,667e53eccb4b99a0554c65bd,,,,,,,,,,,,,,667a50a30cc99ae2fa6ed6e3,6.177554489429959,6.177481915346227,6.177434146478519,6.177413007075067,6.177419304429699,6.177452798052407,6.177512208853323,6.1775952679894,6.177698803508469,6.178042133092334,6.178161286123339,6.178292241527351,6.1784300691343415,6.1785695800477205,6.178705521994165,6.17883277706001,6.178946554369906,6.1790425704536975,6.179539397408563,6.179614172864775,6.179664653123689,6.179688929538474,6.179686084223349,6.17965622475905,6.1796004801251625,6.17952095801318,6.179420665134307,6.179071442485598,6.178950449790014,6.178816303162211,6.178674381288913,6.1785303746054145,6.178390057134001,6.178259054971628,6.178142620709436,6.178045422828768,6.177554489429959,,,,,,,,,,,,,,,,,,,,,,,,,-75.58366264436681,-75.58354152345164,-75.58340851827487,-75.58326870818189,-75.58312743238842,-75.58299008608324,-75.58286191439343,-75.58274781208011,-75.58265213661342,-75.58239222047696,-75.58231906537553,-75.58227043197198,-75.58224815122087,-75.58225306196255,-75.58228497933975,-75.5823427017539,-75.58242405609975,-75.58252597957588,-75.58316814647772,-75.58328707265582,-75.58341830614047,-75.583556885027,-75.58369756967952,-75.58383504084264,-75.5839641007638,-75.5840798697211,-75.58417797052606,-75.5844585887237,-75.58453724352918,-75.5845900749084,-75.58461496457679,-75.584610914592,-75.58457808736352,-75.58451779913706,-75.58443246721562,-75.58432551303413,-75.58366264436681,,,,,,,,,,,,,,,,,,,,,,,,,667ecf2f5002e5c1cb2c5b63,667ecf2f5002e5c1cb2c5b64,667ecf2f5002e5c1cb2c5b65,667ecf2f5002e5c1cb2c5b66,667ecf2f5002e5c1cb2c5b67,667ecf2f5002e5c1cb2c5b68,667ecf2f5002e5c1cb2c5b69,667ecf2f5002e5c1cb2c5b6a,667ecf2f5002e5c1cb2c5b6b,667ecf2f5002e5c1cb2c5b6c,667ecf2f5002e5c1cb2c5b6d,667ecf2f5002e5c1cb2c5b6e,667ecf2f5002e5c1cb2c5b6f,667ecf2f5002e5c1cb2c5b70,667ecf2f5002e5c1cb2c5b71,667ecf2f5002e5c1cb2c5b72,667ecf2f5002e5c1cb2c5b73,667ecf2f5002e5c1cb2c5b74,667ecf2f5002e5c1cb2c5b75,667ecf2f5002e5c1cb2c5b76,667ecf2f5002e5c1cb2c5b77,667ecf2f5002e5c1cb2c5b78,667ecf2f5002e5c1cb2c5b79,667ecf2f5002e5c1cb2c5b7a,667ecf2f5002e5c1cb2c5b7b,667ecf2f5002e5c1cb2c5b7c,667ecf2f5002e5c1cb2c5b7d,667ecf2f5002e5c1cb2c5b7e,667ecf2f5002e5c1cb2c5b7f,667ecf2f5002e5c1cb2c5b80,667ecf2f5002e5c1cb2c5b81,667ecf2f5002e5c1cb2c5b82,667ecf2f5002e5c1cb2c5b83,667ecf2f5002e5c1cb2c5b84,667ecf2f5002e5c1cb2c5b85,667ecf2f5002e5c1cb2c5b86,667ecf2f5002e5c1cb2c5b87,,,,,,,,,,,,,,,,,,,,,,,,,1
667e53f5cb4b99a0554c65c4,Clinica Sanitas,6.1901784582113,6.189940685369927,6.189822609801608,6.190061110197031,6.1901784582113,,,,,,,,,,,,,,-75.57762896338568,-75.57769772911563,-75.57730130481707,-75.57725338194155,-75.57762896338568,,,,,,,,,,,,,,667e53f5cb4b99a0554c65c5,667e53f5cb4b99a0554c65c6,667e53f5cb4b99a0554c65c7,667e53f5cb4b99a0554c65c8,667e53f5cb4b99a0554c65c9,,,,,,,,,,,,,,667a50a30cc99ae2fa6ed6e3,6.190864816941231,6.190893945678034,6.190894715928262,6.190867097162814,6.190812184059745,6.190732153115869,6.190630176379719,6.1905102957253035,6.190377262650051,6.190139489719202,6.190001772107145,6.189861739992879,6.189724699063544,6.189595841669024,6.189480050089246,6.189381711550262,6.18930455199779,6.189251494926176,6.189133419511892,6.189105630178603,6.189108775098164,6.18914271858265,6.189205996136265,6.1892958776404745,6.189408485144059,6.1895389601763355,6.189681673365108,6.189920173696894,6.190069669955859,6.190218793461746,6.190361049944832,6.190490244186467,6.1906007498196445,6.1906877543569205,6.1907474687744894,6.190864816941231,,,,,,,,,,,,,,,,,,,,,,,,,,-75.57741199225666,-75.5775530552634,-75.57769712691156,-75.5778384968777,-75.57797156192169,-75.57809104797514,-75.57819221918253,-75.5782710656088,-75.57832446217368,-75.57839322761647,-75.5784187912746,-75.57841703454449,-75.57838802400843,-75.57833285886845,-75.57825362929557,-75.57815333723299,-75.57803578265393,-75.5779054195844,-75.57750899575656,-75.57736129994936,-75.57721101564515,-75.57706462687791,-75.5769284496103,-75.57680835923347,-75.57670953707441,-75.57663624684743,-75.57659165069431,-75.5765437275112,-75.57652975760752,-75.57654730124433,-75.57659559442921,-75.57667253403494,-75.57677476938635,-75.57689784817859,-75.57703641037274,-75.57741199225666,,,,,,,,,,,,,,,,,,,,,,,,,,667ecf2f5002e5c1cb2c5b95,667ecf2f5002e5c1cb2c5b96,667ecf2f5002e5c1cb2c5b97,667ecf2f5002e5c1cb2c5b98,667ecf2f5002e5c1cb2c5b99,667ecf2f5002e5c1cb2c5b9a,667ecf2f5002e5c1cb2c5b9b,667ecf2f5002e5c1cb2c5b9c,667ecf2f5002e5c1cb2c5b9d,667ecf2f5002e5c1cb2c5b9e,667ecf2f5002e5c1cb2c5b9f,667ecf2f5002e5c1cb2c5ba0,667ecf2f5002e5c1cb2c5ba1,667ecf2f5002e5c1cb2c5ba2,667ecf2f5002e5c1cb2c5ba3,667ecf2f5002e5c1cb2c5ba4,667ecf2f5002e5c1cb2c5ba5,667ecf2f5002e5c1cb2c5ba6,667ecf2f5002e5c1cb2c5ba7,667ecf2f5002e5c1cb2c5ba8,667ecf2f5002e5c1cb2c5ba9,667ecf2f5002e5c1cb2c5baa,667ecf2f5002e5c1cb2c5bab,667ecf2f5002e5c1cb2c5bac,667ecf2f5002e5c1cb2c5bad,667ecf2f5002e5c1cb2c5bae,667ecf2f5002e5c1cb2c5baf,667ecf2f5002e5c1cb2c5bb0,667ecf2f5002e5c1cb2c5bb1,667ecf2f5002e5c1cb2c5bb2,667ecf2f5002e5c1cb2c5bb3,667ecf2f5002e5c1cb2c5bb4,667ecf2f5002e5c1cb2c5bb5,667ecf2f5002e5c1cb2c5bb6,667ecf2f5002e5c1cb2c5bb7,667ecf2f5002e5c1cb2c5bb8,,,,,,,,,,,,,,,,,,,,,,,,,,1
667e53ffcb4b99a0554c65d0,Parque bosques de la frontera Etapa 2,6.185741019902815,6.185051888619783,6.184949075217831,6.185474122239775,6.186141320692524,6.186040190603575,6.185741019902815,,,,,,,,,,,,-75.57842792923375,-75.57748672145011,-75.57717319352719,-75.57705100176497,-75.57681463568798,-75.57829618790703,-75.57842792923375,,,,,,,,,,,,667e53ffcb4b99a0554c65d1,667e53ffcb4b99a0554c65d2,667e53ffcb4b99a0554c65d3,667e53ffcb4b99a0554c65d4,667e53ffcb4b99a0554c65d5,667e53ffcb4b99a0554c65d6,667e53ffcb4b99a0554c65d7,,,,,,,,,,,,667a50320cc99ae2fa6ed6e0,6.186029552058317,6.185898017360931,6.18576067284389,6.185622601069488,6.185488911508911,6.185364551461786,6.185254122977571,6.185161712553681,6.184472582025768,6.184412639891471,6.18436864052432,6.184265827255245,6.1842340348814835,6.184232994068499,6.184262749578157,6.184322021726016,6.184408261415619,6.184517759765403,6.1846458076137845,6.1847868980429865,6.185272909018465,6.185902315540738,6.186040327587817,6.1861822780608735,6.186322631345974,6.186455914110079,6.186576928744061,6.1866809560539675,6.186763939296042,6.186822642378469,6.186854776060252,6.186859087225588,6.18675795699933,6.18673725378906,6.1866936260070595,6.186628508459766,6.186544042696506,6.186443006578704,6.186328722922345,6.186029552058317,,,,,,,,,,,,,,,,,,,,,,-75.5790908539928,-75.57913415876043,-75.57915132883392,-75.57914172883899,-75.57910571405279,-75.57904461725334,-75.57896069939649,-75.57885706594509,-75.57791585863345,-75.5778187728803,-75.57771340583557,-75.57739987827371,-75.57725325011153,-75.57710317898503,-75.57695611894837,-75.57681839456039,-75.57669592888954,-75.57659398878471,-75.57651695836631,-75.57646815047887,-75.57635504275545,-75.57613206426474,-75.57609813098038,-75.57609213907429,-75.57611432223395,-75.57616381540826,-75.5762386885386,-75.57633602182217,-75.5764520195736,-75.57658215824408,-75.57672136282663,-75.57686420476728,-75.57834575898856,-75.57847533299494,-75.57859901537573,-75.57871273853497,-75.57881276241358,-75.57889579749104,-75.57895911296936,-75.5790908539928,,,,,,,,,,,,,,,,,,,,,,667ecf2f5002e5c1cb2c5bc8,667ecf2f5002e5c1cb2c5bc9,667ecf2f5002e5c1cb2c5bca,667ecf2f5002e5c1cb2c5bcb,667ecf2f5002e5c1cb2c5bcc,667ecf2f5002e5c1cb2c5bcd,667ecf2f5002e5c1cb2c5bce,667ecf2f5002e5c1cb2c5bcf,667ecf2f5002e5c1cb2c5bd0,667ecf2f5002e5c1cb2c5bd1,667ecf2f5002e5c1cb2c5bd2,667ecf2f5002e5c1cb2c5bd3,667ecf2f5002e5c1cb2c5bd4,667ecf2f5002e5c1cb2c5bd5,667ecf2f5002e5c1cb2c5bd6,667ecf2f5002e5c1cb2c5bd7,667ecf2f5002e5c1cb2c5bd8,667ecf2f5002e5c1cb2c5bd9,667ecf2f5002e5c1cb2c5bda,667ecf2f5002e5c1cb2c5bdb,667ecf2f5002e5c1cb2c5bdc,667ecf2f5002e5c1cb2c5bdd,667ecf2f5002e5c1cb2c5bde,667ecf2f5002e5c1cb2c5bdf,667ecf2f5002e5c1cb2c5be0,667ecf2f5002e5c1cb2c5be1,667ecf2f5002e5c1cb2c5be2,667ecf2f5002e5c1cb2c5be3,667ecf2f5002e5c1cb2c5be4,667ecf2f5002e5c1cb2c5be5,667ecf2f5002e5c1cb2c5be6,667ecf2f5002e5c1cb2c5be7,667ecf2f5002e5c1cb2c5be8,667ecf2f5002e5c1cb2c5be9,667ecf2f5002e5c1cb2c5bea,667ecf2f5002e5c1cb2c5beb,667ecf2f5002e5c1cb2c5bec,667ecf2f5002e5c1cb2c5bed,667ecf2f5002e5c1cb2c5bee,667ecf2f5002e5c1cb2c5bef,,,,,,,,,,,,,,,,,,,,,,1
667e540ecb4b99a0554c65e0,Centro Educativo Prados del Nogal,6.180392475032619,6.180611325420458,6.180822812107278,6.180587776741493,6.180392475032619,,,,,,,,,,,,,,-75.58597749324822,-75.58566935985219,-75.58583469154689,-75.5861183060333,-75.58597749324822,,,,,,,,,,,,,,667e540ecb4b99a0554c65e1,667e540ecb4b99a0554c65e2,667e540ecb4b99a0554c65e3,667e540ecb4b99a0554c65e4,667e540ecb4b99a0554c65e5,,,,,,,,,,,,,,667a4a900cc99ae2fa6ed6c1,6.179868533971208,6.17973612606437,6.179628890223925,6.179550939107884,6.179505262258873,6.179493611452197,6.1795164335136,6.179572853183093,6.1796607066819815,6.179879556767143,6.179998920888108,6.180143040408749,6.180306089560129,6.180481477371834,6.180662114098459,6.180840697809124,6.18101000955536,6.181163205185719,6.181374692093139,6.181505125771229,6.181608188875955,6.181679747083597,6.181716929871865,6.181718245671045,6.181683641698482,6.181614506075948,6.181513612145008,6.181278576472339,6.181159320702679,6.181020087770578,6.18086574429368,6.18070168504504,6.180533644388305,6.180367495843837,6.180209046791609,6.180063835486679,6.179868533971208,,,,,,,,,,,,,,,,,,,,,,,,,-75.58671269888477,-75.58659589041613,-75.58645536546595,-75.58629651339298,-75.58612542641995,-75.58594866598983,-75.58577301112787,-75.58560519845975,-75.58545166385575,-75.5851435306684,-75.58500692204734,-75.58489709125634,-75.58481847802828,-75.58477426019228,-75.58476622521158,-75.5847946979233,-75.58485852740145,-75.58495513347569,-75.58512046505734,-75.5852454114857,-75.58539399657545,-75.58556025992357,-75.58573753196347,-75.58591870151383,-75.58609650104432,-75.58626379821328,-75.5864138819823,-75.5866974965817,-75.58681671062585,-75.58691151327977,-75.58697859092054,-75.58701559900595,-75.5870212440205,-75.58699532868378,-75.58693875884195,-75.58685351180176,-75.58671269888477,,,,,,,,,,,,,,,,,,,,,,,,,667ecf2f5002e5c1cb2c5bfc,667ecf2f5002e5c1cb2c5bfd,667ecf2f5002e5c1cb2c5bfe,667ecf2f5002e5c1cb2c5bff,667ecf2f5002e5c1cb2c5c00,667ecf2f5002e5c1cb2c5c01,667ecf2f5002e5c1cb2c5c02,667ecf2f5002e5c1cb2c5c03,667ecf2f5002e5c1cb2c5c04,667ecf2f5002e5c1cb2c5c05,667ecf2f5002e5c1cb2c5c06,667ecf2f5002e5c1cb2c5c07,667ecf2f5002e5c1cb2c5c08,667ecf2f5002e5c1cb2c5c09,667ecf2f5002e5c1cb2c5c0a,667ecf2f5002e5c1cb2c5c0b,667ecf2f5002e5c1cb2c5c0c,667ecf2f5002e5c1cb2c5c0d,667ecf2f5002e5c1cb2c5c0e,667ecf2f5002e5c1cb2c5c0f,667ecf2f5002e5c1cb2c5c10,667ecf2f5002e5c1cb2c5c11,667ecf2f5002e5c1cb2c5c12,667ecf2f5002e5c1cb2c5c13,667ecf2f5002e5c1cb2c5c14,667ecf2f5002e5c1cb2c5c15,667ecf2f5002e5c1cb2c5c16,667ecf2f5002e5c1cb2c5c17,667ecf2f5002e5c1cb2c5c18,667ecf2f5002e5c1cb2c5c19,667ecf2f5002e5c1cb2c5c1a,667ecf2f5002e5c1cb2c5c1b,667ecf2f5002e5c1cb2c5c1c,667ecf2f5002e5c1cb2c5c1d,667ecf2f5002e5c1cb2c5c1e,667ecf2f5002e5c1cb2c5c1f,667ecf2f5002e5c1cb2c5c20,,,,,,,,,,,,,,,,,,,,,,,,,1
667e541acb4b99a0554c65ec,Centro Educativo Pequeños Sabios,6.174003445705123,6.173941815023992,6.174115350021364,6.174186376937623,6.174003445705123,,,,,,,,,,,,,,-75.58780805740524,-75.58769708771419,-75.58759018834995,-75.58770022698069,-75.58780805740524,,,,,,,,,,,,,,667e541acb4b99a0554c65ed,667e541acb4b99a0554c65ee,667e541acb4b99a0554c65ef,667e541acb4b99a0554c65f0,667e541acb4b99a0554c65f1,,,,,,,,,,,,,,667a4a900cc99ae2fa6ed6c1,6.174458152382124,6.174295850449183,6.174122015151843,6.173943503121763,6.17376735544928,6.173600519959949,6.173449577170842,6.173320480735597,6.173218322615643,6.173156692025866,6.1730876120803915,6.173049710073757,6.173044369403746,6.173071785001202,6.173130956215295,6.173219723336055,6.173334846421267,6.173472123550745,6.173645658394226,6.173801527064887,6.173969056195676,6.174142021062599,6.17431399496496,6.174478588016275,6.174629684568247,6.174761670445913,6.174869641550629,6.174940668568042,6.175023605323614,6.175072472903407,6.175085282741572,6.175061513567952,6.175002132620413,6.174909556284502,6.174787551762234,6.174641083771671,6.174458152382124,,,,,,,,,,,,,,,,,,,,,,,,,-75.5885884831181,-75.58866347587411,-75.58870472811658,-75.58871061275593,-75.58868089771843,-75.58861675509434,-75.58852071490162,-75.58839656528988,-75.5882492031211,-75.5881382335432,-75.58798000129818,-75.5878114428963,-75.58763871060751,-75.58746810904361,-75.58730586504754,-75.58715790042099,-75.58702961578511,-75.58692569346258,-75.58681879394041,-75.58674248322733,-75.58669766988976,-75.58668601904547,-75.58670796362675,-75.5867626882896,-75.58684815970405,-75.5869612021011,-75.58709761526937,-75.58720765399076,-75.58736994260441,-75.58754567146093,-75.58772768963792,-75.58790859027822,-75.58808101200118,-75.5882379384634,-75.58837298387749,-75.58848065287053,-75.5885884831181,,,,,,,,,,,,,,,,,,,,,,,,,667ecf2f5002e5c1cb2c5c2c,667ecf2f5002e5c1cb2c5c2d,667ecf2f5002e5c1cb2c5c2e,667ecf2f5002e5c1cb2c5c2f,667ecf2f5002e5c1cb2c5c30,667ecf2f5002e5c1cb2c5c31,667ecf2f5002e5c1cb2c5c32,667ecf2f5002e5c1cb2c5c33,667ecf2f5002e5c1cb2c5c34,667ecf2f5002e5c1cb2c5c35,667ecf2f5002e5c1cb2c5c36,667ecf2f5002e5c1cb2c5c37,667ecf2f5002e5c1cb2c5c38,667ecf2f5002e5c1cb2c5c39,667ecf2f5002e5c1cb2c5c3a,667ecf2f5002e5c1cb2c5c3b,667ecf2f5002e5c1cb2c5c3c,667ecf2f5002e5c1cb2c5c3d,667ecf2f5002e5c1cb2c5c3e,667ecf2f5002e5c1cb2c5c3f,667ecf2f5002e5c1cb2c5c40,667ecf2f5002e5c1cb2c5c41,667ecf2f5002e5c1cb2c5c42,667ecf2f5002e5c1cb2c5c43,667ecf2f5002e5c1cb2c5c44,667ecf2f5002e5c1cb2c5c45,667ecf2f5002e5c1cb2c5c46,667ecf2f5002e5c1cb2c5c47,667ecf2f5002e5c1cb2c5c48,667ecf2f5002e5c1cb2c5c49,667ecf2f5002e5c1cb2c5c4a,667ecf2f5002e5c1cb2c5c4b,667ecf2f5002e5c1cb2c5c4c,667ecf2f5002e5c1cb2c5c4d,667ecf2f5002e5c1cb2c5c4e,667ecf2f5002e5c1cb2c5c4f,667ecf2f5002e5c1cb2c5c50,,,,,,,,,,,,,,,,,,,,,,,,,1
667e543acb4b99a0554c65f8,Centro Educativo Marcadores (CEM),6.168914520113237,6.168722402020508,6.168800414960506,6.168987802437742,6.168914520113237,,,,,,,,,,,,,,-75.58249158461742,-75.58239813450055,-75.58224206877355,-75.58233776143392,-75.58249158461742,,,,,,,,,,,,,,667e543acb4b99a0554c65f9,667e543acb4b99a0554c65fa,667e543acb4b99a0554c65fb,667e543acb4b99a0554c65fc,667e543acb4b99a0554c65fd,,,,,,,,,,,,,,667a4a900cc99ae2fa6ed6c1,6.1697255368995245,6.1696338943615805,6.169514480531307,6.169371905367155,6.169211672964424,6.169039969068538,6.168863422273859,6.168688848127267,6.168522986015413,6.168330868064588,6.168179060080603,6.168048543235102,6.16794443188237,6.167870805664328,6.167830549650168,6.167825241285435,6.167855088580168,6.1679189219580906,6.167996934779849,6.168091456554005,6.168213359055781,6.168357934293606,6.168519598628932,6.168692108420042,6.168868801156422,6.169042852771136,6.169207541193668,6.169394928814817,6.16954151673639,6.169667440853757,6.169768001848562,6.16983944691763,6.169879109824294,6.169885510400226,6.169858409784187,6.169798819336151,6.1697255368995245,,,,,,,,,,,,,,,,,,,,,,,,,-75.58288247274135,-75.58303442996848,-75.58316543070052,-75.58327041768352,-75.58334533793132,-75.5833872991883,-75.58339468158101,-75.58336720014816,-75.58330591583635,-75.5832124654934,-75.58311893641205,-75.58299716241201,-75.58285191527456,-75.58268888657456,-75.58251446465486,-75.58233548429918,-75.58215895891252,-75.58199180570246,-75.5818357401522,-75.58168553376173,-75.58155682128005,-75.581454573723,-75.58138274001521,-75.5813440944766,-75.58134012967143,-75.58137099875908,-75.58143550957374,-75.58153120202246,-75.58162498869416,-75.58174537507455,-75.5818878685233,-75.58204715138451,-75.58221727943535,-75.58239190371893,-75.5825645074822,-75.58272864937655,-75.58288247274135,,,,,,,,,,,,,,,,,,,,,,,,,667ecf2f5002e5c1cb2c5c5d,667ecf2f5002e5c1cb2c5c5e,667ecf2f5002e5c1cb2c5c5f,667ecf2f5002e5c1cb2c5c60,667ecf2f5002e5c1cb2c5c61,667ecf2f5002e5c1cb2c5c62,667ecf2f5002e5c1cb2c5c63,667ecf2f5002e5c1cb2c5c64,667ecf2f5002e5c1cb2c5c65,667ecf2f5002e5c1cb2c5c66,667ecf2f5002e5c1cb2c5c67,667ecf2f5002e5c1cb2c5c68,667ecf2f5002e5c1cb2c5c69,667ecf2f5002e5c1cb2c5c6a,667ecf2f5002e5c1cb2c5c6b,667ecf2f5002e5c1cb2c5c6c,667ecf2f5002e5c1cb2c5c6d,667ecf2f5002e5c1cb2c5c6e,667ecf2f5002e5c1cb2c5c6f,667ecf2f5002e5c1cb2c5c70,667ecf2f5002e5c1cb2c5c71,667ecf2f5002e5c1cb2c5c72,667ecf2f5002e5c1cb2c5c73,667ecf2f5002e5c1cb2c5c74,667ecf2f5002e5c1cb2c5c75,667ecf2f5002e5c1cb2c5c76,667ecf2f5002e5c1cb2c5c77,667ecf2f5002e5c1cb2c5c78,667ecf2f5002e5c1cb2c5c79,667ecf2f5002e5c1cb2c5c7a,667ecf2f5002e5c1cb2c5c7b,667ecf2f5002e5c1cb2c5c7c,667ecf2f5002e5c1cb2c5c7d,667ecf2f5002e5c1cb2c5c7e,667ecf2f5002e5c1cb2c5c7f,667ecf2f5002e5c1cb2c5c80,667ecf2f5002e5c1cb2c5c81,,,,,,,,,,,,,,,,,,,,,,,,,1
667e5442cb4b99a0554c6604,I.E. Diario de Bedout,6.168090504007938,6.167622614087698,6.167485468175233,6.167801288213519,6.168090504007938,,,,,,,,,,,,,,-75.57837653860058,-75.57866666121659,-75.57827915695533,-75.57813267608653,-75.57837653860058,,,,,,,,,,,,,,667e5442cb4b99a0554c6605,667e5442cb4b99a0554c6606,667e5442cb4b99a0554c6607,667e5442cb4b99a0554c6608,667e5442cb4b99a0554c6609,,,,,,,,,,,,,,667a4a900cc99ae2fa6ed6c1,6.16866825399133,6.168787532684758,6.168881948028326,6.168948132170017,6.168983724280674,6.168987454767404,6.168959190561389,6.168899939864616,6.168811816186156,6.1686979629509215,6.168562441370394,6.168094551033679,6.167934811971592,6.167762883695759,6.167585478860084,6.167409523934893,6.167241888774445,6.167089118395959,6.1669571774423035,6.166851217305067,6.16677537499995,6.166638229306628,6.166597195173719,6.166586505036155,6.166606524074901,6.166656568428585,6.166734928554231,6.166838927625362,6.16696501297273,6.1671088774441705,6.167424697258124,6.167584216675791,6.167751409172903,6.167920364823547,6.168085111372183,6.168239825341462,6.168379037881747,6.16866825399133,,,,,,,,,,,,,,,,,,,,,,,,-75.57768333581251,-75.5778049616778,-75.57794697602988,-75.57810431314094,-75.57827136070384,-75.5784421600286,-75.57861061859563,-75.5787707273828,-75.5789167752142,-75.57904355248354,-75.5791465369852,-75.5794366591799,-75.57951496330017,-75.579560146859,-75.579570445772,-75.57954545797043,-75.57948615909373,-75.57939486439231,-75.5792751383283,-75.57913165540464,-75.57897001765653,-75.578582513936,-75.57842050319499,-75.57825366398868,-75.5780876956361,-75.57792826770783,-75.57778082635326,-75.5776504082593,-75.5775414685957,-75.5774577288241,-75.57731124757007,-75.57725486539512,-75.57722951208699,-75.57723608386472,-75.57727434845872,-75.57734295331686,-75.57743947341086,-75.57768333581251,,,,,,,,,,,,,,,,,,,,,,,,667ecf2f5002e5c1cb2c5c8f,667ecf2f5002e5c1cb2c5c90,667ecf2f5002e5c1cb2c5c91,667ecf2f5002e5c1cb2c5c92,667ecf2f5002e5c1cb2c5c93,667ecf2f5002e5c1cb2c5c94,667ecf2f5002e5c1cb2c5c95,667ecf2f5002e5c1cb2c5c96,667ecf2f5002e5c1cb2c5c97,667ecf2f5002e5c1cb2c5c98,667ecf2f5002e5c1cb2c5c99,667ecf2f5002e5c1cb2c5c9a,667ecf2f5002e5c1cb2c5c9b,667ecf2f5002e5c1cb2c5c9c,667ecf2f5002e5c1cb2c5c9d,667ecf2f5002e5c1cb2c5c9e,667ecf2f5002e5c1cb2c5c9f,667ecf2f5002e5c1cb2c5ca0,667ecf2f5002e5c1cb2c5ca1,667ecf2f5002e5c1cb2c5ca2,667ecf2f5002e5c1cb2c5ca3,667ecf2f5002e5c1cb2c5ca4,667ecf2f5002e5c1cb2c5ca5,667ecf2f5002e5c1cb2c5ca6,667ecf2f5002e5c1cb2c5ca7,667ecf2f5002e5c1cb2c5ca8,667ecf2f5002e5c1cb2c5ca9,667ecf2f5002e5c1cb2c5caa,667ecf2f5002e5c1cb2c5cab,667ecf2f5002e5c1cb2c5cac,667ecf2f5002e5c1cb2c5cad,667ecf2f5002e5c1cb2c5cae,667ecf2f5002e5c1cb2c5caf,667ecf2f5002e5c1cb2c5cb0,667ecf2f5002e5c1cb2c5cb1,667ecf2f5002e5c1cb2c5cb2,667ecf2f5002e5c1cb2c5cb3,667ecf2f5002e5c1cb2c5cb4,,,,,,,,,,,,,,,,,,,,,,,,1
667e5450cb4b99a0554c6610,Cancha la Merced,6.164891310810754,6.164674047124616,6.164907177967953,6.165125778951825,6.164891310810754,,,,,,,,,,,,,,-75.58926854736951,-75.58909094266154,-75.58878401727421,-75.58895447871815,-75.58926854736951,,,,,,,,,,,,,,667e5450cb4b99a0554c6611,667e5450cb4b99a0554c6612,667e5450cb4b99a0554c6613,667e5450cb4b99a0554c6614,667e5450cb4b99a0554c6615,,,,,,,,,,,,,,667a4aaf0cc99ae2fa6ed6c3,6.1656104582199704,6.165488069115437,6.165341616230859,6.16517700517126,6.165000873750972,6.164820324327258,6.164642637402553,6.164474978044287,6.164324106960668,6.164106843506848,6.163983751090341,6.163886183702744,6.16381774907478,6.163780977699488,6.163777229263985,6.163806642373338,6.163868129425468,6.163959416826589,6.1641925473558565,6.164313389870257,6.164457257069428,6.164618570383178,6.164791074748406,6.164968081153086,6.165142726007866,6.165308237288055,6.165458197126145,6.1656767983371,6.165803732803198,6.16590512090422,6.165977142164872,6.166017082700805,6.16602343748381,6.165995967054684,6.1659357065466,6.165844926678934,6.1656104582199704,,,,,,,,,,,,,,,,,,,,,,,,,-75.58981169258385,-75.58994525882427,-75.59005153716106,-75.59012624202242,-75.59016636102265,-75.59017027643029,-75.59013783039636,-75.59007033131378,-75.589970501052,-75.58979289624644,-75.58967072230229,-75.58952710995086,-75.58936736952899,-75.58919740773014,-75.5890235091961,-75.58885210413428,-75.58868953055288,-75.5885417999051,-75.5882348746899,-75.58810466845716,-75.58800080452869,-75.5879273103374,-75.58788703571268,-75.58788154237209,-75.58791104335953,-75.587974394779,-75.58806914014517,-75.58823960147157,-75.58836014705575,-75.58850308805683,-75.58866303822703,-75.58883397037584,-75.58900944348714,-75.58918284543095,-75.58934764212358,-75.58949762374678,-75.58981169258385,,,,,,,,,,,,,,,,,,,,,,,,,667ecf2f5002e5c1cb2c5cc2,667ecf2f5002e5c1cb2c5cc3,667ecf2f5002e5c1cb2c5cc4,667ecf2f5002e5c1cb2c5cc5,667ecf2f5002e5c1cb2c5cc6,667ecf2f5002e5c1cb2c5cc7,667ecf2f5002e5c1cb2c5cc8,667ecf2f5002e5c1cb2c5cc9,667ecf2f5002e5c1cb2c5cca,667ecf2f5002e5c1cb2c5ccb,667ecf2f5002e5c1cb2c5ccc,667ecf2f5002e5c1cb2c5ccd,667ecf2f5002e5c1cb2c5cce,667ecf2f5002e5c1cb2c5ccf,667ecf2f5002e5c1cb2c5cd0,667ecf2f5002e5c1cb2c5cd1,667ecf2f5002e5c1cb2c5cd2,667ecf2f5002e5c1cb2c5cd3,667ecf2f5002e5c1cb2c5cd4,667ecf2f5002e5c1cb2c5cd5,667ecf2f5002e5c1cb2c5cd6,667ecf2f5002e5c1cb2c5cd7,667ecf2f5002e5c1cb2c5cd8,667ecf2f5002e5c1cb2c5cd9,667ecf2f5002e5c1cb2c5cda,667ecf2f5002e5c1cb2c5cdb,667ecf2f5002e5c1cb2c5cdc,667ecf2f5002e5c1cb2c5cdd,667ecf2f5002e5c1cb2c5cde,667ecf2f5002e5c1cb2c5cdf,667ecf2f5002e5c1cb2c5ce0,667ecf2f5002e5c1cb2c5ce1,667ecf2f5002e5c1cb2c5ce2,667ecf2f5002e5c1cb2c5ce3,667ecf2f5002e5c1cb2c5ce4,667ecf2f5002e5c1cb2c5ce5,667ecf2f5002e5c1cb2c5ce6,,,,,,,,,,,,,,,,,,,,,,,,,1
667e5461cb4b99a0554c661c,Parroquia San Rafael,6.164709791848271,6.164461020278699,6.164168261207561,6.16442709562055,6.164709791848271,,,,,,,,,,,,,,-75.5885975469839,-75.58891208811944,-75.58867735997754,-75.58838210572964,-75.5885975469839,,,,,,,,,,,,,,667e5461cb4b99a0554c661d,667e5461cb4b99a0554c661e,667e5461cb4b99a0554c661f,667e5461cb4b99a0554c6620,667e5461cb4b99a0554c6621,,,,,,,,,,,,,,667a50110cc99ae2fa6ed6de,6.1651442816810365,6.165249212256231,6.165332787987496,6.165391700228445,6.1654236167248735,6.165427273946477,6.1654025271088555,6.165350355905399,6.165272825722113,6.165024053888498,6.164925786299951,6.164809635250695,6.164680070058174,6.16454207619244,6.164400963442011,6.164262161600982,6.164131011539166,6.164012559694512,6.163719800870863,6.163615792840061,6.163534374335731,6.163478874418368,6.163451562381833,6.163453554966927,6.163484770700387,6.163543933226118,6.163628623492556,6.163887457642252,6.163985366590312,6.164098688912459,6.1642234704292616,6.164355357110322,6.164489746999802,6.164621950793271,6.164747355462935,6.1648615852217725,6.1651442816810365,,,,,,,,,,,,,,,,,,,,,,,,,-75.58802076922845,-75.58811870740408,-75.58823560216499,-75.58836682581871,-75.58850718340602,-75.58865111836373,-75.58879293250376,-75.58892701159934,-75.58904804764698,-75.58936258890509,-75.58946447260088,-75.58954510136687,-75.58960137274435,-75.5896311215154,-75.58963320301456,-75.58960753717092,-75.58955511158565,-75.5894779435276,-75.58924321527186,-75.58914090427447,-75.58901963975576,-75.58888438001767,-75.58874065559611,-75.588594343129,-75.5884514250736,-75.5883177450973,-75.58819876914306,-75.58790351496201,-75.58781091875161,-75.5877382530813,-75.5876880535029,-75.58766207165822,-75.58766121415661,-75.58768551093802,-75.58773411422561,-75.58780532810509,-75.58802076922845,,,,,,,,,,,,,,,,,,,,,,,,,667ecf2f5002e5c1cb2c5cf2,667ecf2f5002e5c1cb2c5cf3,667ecf2f5002e5c1cb2c5cf4,667ecf2f5002e5c1cb2c5cf5,667ecf2f5002e5c1cb2c5cf6,667ecf2f5002e5c1cb2c5cf7,667ecf2f5002e5c1cb2c5cf8,667ecf2f5002e5c1cb2c5cf9,667ecf2f5002e5c1cb2c5cfa,667ecf2f5002e5c1cb2c5cfb,667ecf2f5002e5c1cb2c5cfc,667ecf2f5002e5c1cb2c5cfd,667ecf2f5002e5c1cb2c5cfe,667ecf2f5002e5c1cb2c5cff,667ecf2f5002e5c1cb2c5d00,667ecf2f5002e5c1cb2c5d01,667ecf2f5002e5c1cb2c5d02,667ecf2f5002e5c1cb2c5d03,667ecf2f5002e5c1cb2c5d04,667ecf2f5002e5c1cb2c5d05,667ecf2f5002e5c1cb2c5d06,667ecf2f5002e5c1cb2c5d07,667ecf2f5002e5c1cb2c5d08,667ecf2f5002e5c1cb2c5d09,667ecf2f5002e5c1cb2c5d0a,667ecf2f5002e5c1cb2c5d0b,667ecf2f5002e5c1cb2c5d0c,667ecf2f5002e5c1cb2c5d0d,667ecf2f5002e5c1cb2c5d0e,667ecf2f5002e5c1cb2c5d0f,667ecf2f5002e5c1cb2c5d10,667ecf2f5002e5c1cb2c5d11,667ecf2f5002e5c1cb2c5d12,667ecf2f5002e5c1cb2c5d13,667ecf2f5002e5c1cb2c5d14,667ecf2f5002e5c1cb2c5d15,667ecf2f5002e5c1cb2c5d16,,,,,,,,,,,,,,,,,,,,,,,,,1
667e546bcb4b99a0554c6628,Salon Reino Testigos de Jehova,6.164621862503603,6.164709574578583,6.164645278565475,6.164556476699773,6.164621862503603,,,,,,,,,,,,,,-75.58812653872738,-75.58820736711864,-75.58828598696752,-75.58820350845602,-75.58812653872738,,,,,,,,,,,,,,667e546bcb4b99a0554c6629,667e546bcb4b99a0554c662a,667e546bcb4b99a0554c662b,667e546bcb4b99a0554c662c,667e546bcb4b99a0554c662d,,,,,,,,,,,,,,667a50110cc99ae2fa6ed6de,6.164074880760064,6.164179018578729,6.164300930557097,6.164435723597236,6.164577987598944,6.164722012600504,6.1648620179554285,6.164992384346955,6.165107879328073,6.165195591483416,6.165286893989595,6.165357487121316,6.165404838582883,6.165427249796276,6.165423916832736,6.165394959251401,6.16534141581047,6.165265207204726,6.165200911124272,6.165097074100447,6.164974590489864,6.164838515468166,6.164694465155226,6.16454838482434,6.164406303527236,6.164274085262138,6.164157186954725,6.164068385170732,6.16397669067219,6.1639062004211995,6.163859492418454,6.163838274889169,6.163843323809829,6.163874454529172,6.16393052852126,6.164009495023653,6.164074880760064,,,,,,,,,,,,,,,,,,,,,,,,,-75.5876564575414,-75.5875562255742,-75.5874788838693,-75.58742753665459,-75.58740424484,-75.58740994329726,-75.58744440333395,-75.58750624186875,-75.58759297694006,-75.58767380531715,-75.58777554513952,-75.58789277514767,-75.58802129010706,-75.5881564799684,-75.58829349523945,-75.58842742094656,-75.5885534529454,-75.58866707025571,-75.58874569013122,-75.58884915281396,-75.58892937236052,-75.58898303794575,-75.58900793469218,-75.58900303507983,-75.58896854135052,-75.58890587715693,-75.58881762880185,-75.58873515027724,-75.5886319734824,-75.58851312667169,-75.58838295636859,-75.58824622321993,-75.5881079278889,-75.58797312817082,-75.58784675401944,-75.58773342724862,-75.5876564575414,,,,,,,,,,,,,,,,,,,,,,,,,667ecf2f5002e5c1cb2c5d23,667ecf2f5002e5c1cb2c5d24,667ecf2f5002e5c1cb2c5d25,667ecf2f5002e5c1cb2c5d26,667ecf2f5002e5c1cb2c5d27,667ecf2f5002e5c1cb2c5d28,667ecf2f5002e5c1cb2c5d29,667ecf2f5002e5c1cb2c5d2a,667ecf2f5002e5c1cb2c5d2b,667ecf2f5002e5c1cb2c5d2c,667ecf2f5002e5c1cb2c5d2d,667ecf2f5002e5c1cb2c5d2e,667ecf2f5002e5c1cb2c5d2f,667ecf2f5002e5c1cb2c5d30,667ecf2f5002e5c1cb2c5d31,667ecf2f5002e5c1cb2c5d32,667ecf2f5002e5c1cb2c5d33,667ecf2f5002e5c1cb2c5d34,667ecf2f5002e5c1cb2c5d35,667ecf2f5002e5c1cb2c5d36,667ecf2f5002e5c1cb2c5d37,667ecf2f5002e5c1cb2c5d38,667ecf2f5002e5c1cb2c5d39,667ecf2f5002e5c1cb2c5d3a,667ecf2f5002e5c1cb2c5d3b,667ecf2f5002e5c1cb2c5d3c,667ecf2f5002e5c1cb2c5d3d,667ecf2f5002e5c1cb2c5d3e,667ecf2f5002e5c1cb2c5d3f,667ecf2f5002e5c1cb2c5d40,667ecf2f5002e5c1cb2c5d41,667ecf2f5002e5c1cb2c5d42,667ecf2f5002e5c1cb2c5d43,667ecf2f5002e5c1cb2c5d44,667ecf2f5002e5c1cb2c5d45,667ecf2f5002e5c1cb2c5d46,667ecf2f5002e5c1cb2c5d47,,,,,,,,,,,,,,,,,,,,,,,,,1
667e5475cb4b99a0554c6634,Parque Recretaivo Envigado INDER,6.168265334467918,6.168383097359716,6.168755273318767,6.168310823728681,6.168137876188813,6.168052120281764,6.167336976801272,6.167394649251505,6.167218059983395,6.167921935133462,6.168265334467918,,,,,,,,-75.58915971008261,-75.5891223750924,-75.58963985395513,-75.58986284314112,-75.58993662948635,-75.58963734796829,-75.58917426755329,-75.589071267008,-75.58892723887858,-75.58851281044525,-75.58915971008261,,,,,,,,667e5475cb4b99a0554c6635,667e5475cb4b99a0554c6636,667e5475cb4b99a0554c6637,667e5475cb4b99a0554c6638,667e5475cb4b99a0554c6639,667e5475cb4b99a0554c663a,667e5475cb4b99a0554c663b,667e5475cb4b99a0554c663c,667e5475cb4b99a0554c663d,667e5475cb4b99a0554c663e,667e5475cb4b99a0554c663f,,,,,,,,667a4aaf0cc99ae2fa6ed6c3,6.167285230597111,6.1668501649425975,6.166716790872702,6.166605496143182,6.166520242962968,6.166479375816143,6.166430267646511,6.166361676826989,6.166324907894914,6.166321327122927,6.166351067566571,6.1664130241202395,6.16650489458048,6.166623265190886,6.166763737490126,6.167467612037012,6.1676319207748955,6.167807935539436,6.167988551759776,6.168166479126963,6.168334535856481,6.168485938571475,6.168614576105841,6.16871525617519,6.16885923521837,6.168986986268445,6.169111750177445,6.169483926648029,6.169571388131787,6.169628636328471,6.1696535518524485,6.169645212305832,6.169603926427083,6.169531222661034,6.169429792573502,6.169303391205504,6.169156698056296,6.168712248129705,6.168662001820188,6.168489054165773,6.168328195143682,6.168160634352799,6.167992272194232,6.1678290372824724,6.167676677678579,6.167540558481984,6.167425472908326,6.16733547350565,6.167285230597111,,,,,,,,,,,,,-75.59021655862837,-75.58993483795669,-75.58982932372533,-75.58970048880094,-75.58955291985488,-75.5894357600989,-75.5893635381364,-75.58920340021538,-75.58903300059526,-75.58885867104526,-75.58868688936211,-75.58852403866945,-75.58837617023484,-75.58824877861716,-75.58814659749895,-75.58773216838445,-75.58765657938875,-75.58761555085302,-75.58761073886708,-75.58764233769632,-75.58770907193454,-75.5878082479785,-75.58793586274683,-75.58808676525635,-75.5883579942462,-75.5884520892731,-75.58859219784266,-75.58910967704445,-75.5892598521681,-75.58942409533658,-75.58959632610673,-75.58977016832192,-75.58993918616741,-75.59009712243406,-75.59023813016971,-75.59035698914121,-75.5904492990932,-75.5906722877694,-75.59069558425432,-75.59076937037673,-75.5908206991811,-75.59084089678691,-75.59082925199539,-75.59078617488971,-75.59071318239054,-75.59061284483622,-75.59048869546963,-75.5903451060192,-75.59021655862837,,,,,,,,,,,,,667ecf2f5002e5c1cb2c5d5f,667ecf2f5002e5c1cb2c5d60,667ecf2f5002e5c1cb2c5d61,667ecf2f5002e5c1cb2c5d62,667ecf2f5002e5c1cb2c5d63,667ecf2f5002e5c1cb2c5d64,667ecf2f5002e5c1cb2c5d65,667ecf2f5002e5c1cb2c5d66,667ecf2f5002e5c1cb2c5d67,667ecf2f5002e5c1cb2c5d68,667ecf2f5002e5c1cb2c5d69,667ecf2f5002e5c1cb2c5d6a,667ecf2f5002e5c1cb2c5d6b,667ecf2f5002e5c1cb2c5d6c,667ecf2f5002e5c1cb2c5d6d,667ecf2f5002e5c1cb2c5d6e,667ecf2f5002e5c1cb2c5d6f,667ecf2f5002e5c1cb2c5d70,667ecf2f5002e5c1cb2c5d71,667ecf2f5002e5c1cb2c5d72,667ecf2f5002e5c1cb2c5d73,667ecf2f5002e5c1cb2c5d74,667ecf2f5002e5c1cb2c5d75,667ecf2f5002e5c1cb2c5d76,667ecf2f5002e5c1cb2c5d77,667ecf2f5002e5c1cb2c5d78,667ecf2f5002e5c1cb2c5d79,667ecf2f5002e5c1cb2c5d7a,667ecf2f5002e5c1cb2c5d7b,667ecf2f5002e5c1cb2c5d7c,667ecf2f5002e5c1cb2c5d7d,667ecf2f5002e5c1cb2c5d7e,667ecf2f5002e5c1cb2c5d7f,667ecf2f5002e5c1cb2c5d80,667ecf2f5002e5c1cb2c5d81,667ecf2f5002e5c1cb2c5d82,667ecf2f5002e5c1cb2c5d83,667ecf2f5002e5c1cb2c5d84,667ecf2f5002e5c1cb2c5d85,667ecf2f5002e5c1cb2c5d86,667ecf2f5002e5c1cb2c5d87,667ecf2f5002e5c1cb2c5d88,667ecf2f5002e5c1cb2c5d89,667ecf2f5002e5c1cb2c5d8a,667ecf2f5002e5c1cb2c5d8b,667ecf2f5002e5c1cb2c5d8c,667ecf2f5002e5c1cb2c5d8d,667ecf2f5002e5c1cb2c5d8e,667ecf2f5002e5c1cb2c5d8f,,,,,,,,,,,,,1
667e5482cb4b99a0554c664c,Cementerio Central de Envigado,6.167560529725708,6.167760410491995,6.16796460364163,6.16816487927991,6.168251651640499,6.167484342955865,6.167439969696096,6.166992503688908,6.167339842348134,6.167560529725708,,,,,,,,,-75.59166558001864,-75.59188829144433,-75.591910504382,-75.59203814171039,-75.59261351040665,-75.59291324441348,-75.59241349310992,-75.59218742091836,-75.59156822744929,-75.59166558001864,,,,,,,,,667e5482cb4b99a0554c664d,667e5482cb4b99a0554c664e,667e5482cb4b99a0554c664f,667e5482cb4b99a0554c6650,667e5482cb4b99a0554c6651,667e5482cb4b99a0554c6652,667e5482cb4b99a0554c6653,667e5482cb4b99a0554c6654,667e5482cb4b99a0554c6655,667e5482cb4b99a0554c6656,,,,,,,,,667a50320cc99ae2fa6ed6e0,6.168119730539985,6.168201990310351,6.168349673678092,6.168549949461826,6.16867016349401,6.168767353576433,6.1688370911016275,6.168876198376343,6.168962970853349,6.168970459988974,6.16895126121868,6.168906087356,6.168836615619549,6.168745425360418,6.168635902294889,6.168512112798263,6.167744803736722,6.167602261697369,6.167454743178831,6.1673084738729855,6.167169626746397,6.16704406152462,6.166937077396868,6.166853189377416,6.166795937761549,6.166767738717248,6.166759005467628,6.166669568504784,6.166546936713785,6.166442491256602,6.1663604951848106,6.16630429525289,6.166276185318303,6.166277312716391,6.166307631431265,6.1663659039739755,6.166713242222749,6.166800735195918,6.166911929006697,6.167041935237329,6.167185038415079,6.167334947280454,6.167485071369442,6.167628810750604,6.167849498248442,6.167981423277554,6.168094576072304,6.168119730539985,,,,,,,,,,,,,,-75.59120870964422,-75.59122738491095,-75.59129923343642,-75.59142687062659,-75.5915230018128,-75.59164260609134,-75.59178023353057,-75.59192961293888,-75.59250498238939,-75.59264421543597,-75.59278230846361,-75.59291413434337,-75.59303479863613,-75.59313982131546,-75.59322530310334,-75.59328807024255,-75.59358780342035,-75.59362710331843,-75.59363627637238,-75.59361493547875,-75.59356398130643,-75.59348556428186,-75.59338299383192,-75.59326059871509,-75.59312354433561,-75.59297761475064,-75.59287925660352,-75.5928340705038,-75.5927555868876,-75.5926539129709,-75.59253319869424,-75.59239837114326,-75.59225493344533,-75.59210874015572,-75.59196575830059,-75.59183182382972,-75.59121263085943,-75.59108902921199,-75.59098649456843,-75.5909095346777,-75.59086153295245,-75.59084459972132,-75.59085947944855,-75.59090551800047,-75.59100287034703,-75.5910786882077,-75.59118068203612,-75.59120870964422,,,,,,,,,,,,,,667ecf2f5002e5c1cb2c5da6,667ecf2f5002e5c1cb2c5da7,667ecf2f5002e5c1cb2c5da8,667ecf2f5002e5c1cb2c5da9,667ecf2f5002e5c1cb2c5daa,667ecf2f5002e5c1cb2c5dab,667ecf2f5002e5c1cb2c5dac,667ecf2f5002e5c1cb2c5dad,667ecf2f5002e5c1cb2c5dae,667ecf2f5002e5c1cb2c5daf,667ecf2f5002e5c1cb2c5db0,667ecf2f5002e5c1cb2c5db1,667ecf2f5002e5c1cb2c5db2,667ecf2f5002e5c1cb2c5db3,667ecf2f5002e5c1cb2c5db4,667ecf2f5002e5c1cb2c5db5,667ecf2f5002e5c1cb2c5db6,667ecf2f5002e5c1cb2c5db7,667ecf2f5002e5c1cb2c5db8,667ecf2f5002e5c1cb2c5db9,667ecf2f5002e5c1cb2c5dba,667ecf2f5002e5c1cb2c5dbb,667ecf2f5002e5c1cb2c5dbc,667ecf2f5002e5c1cb2c5dbd,667ecf2f5002e5c1cb2c5dbe,667ecf2f5002e5c1cb2c5dbf,667ecf2f5002e5c1cb2c5dc0,667ecf2f5002e5c1cb2c5dc1,667ecf2f5002e5c1cb2c5dc2,667ecf2f5002e5c1cb2c5dc3,667ecf2f5002e5c1cb2c5dc4,667ecf2f5002e5c1cb2c5dc5,667ecf2f5002e5c1cb2c5dc6,667ecf2f5002e5c1cb2c5dc7,667ecf2f5002e5c1cb2c5dc8,667ecf2f5002e5c1cb2c5dc9,667ecf2f5002e5c1cb2c5dca,667ecf2f5002e5c1cb2c5dcb,667ecf2f5002e5c1cb2c5dcc,667ecf2f5002e5c1cb2c5dcd,667ecf2f5002e5c1cb2c5dce,667ecf2f5002e5c1cb2c5dcf,667ecf2f5002e5c1cb2c5dd0,667ecf2f5002e5c1cb2c5dd1,667ecf2f5002e5c1cb2c5dd2,667ecf2f5002e5c1cb2c5dd3,667ecf2f5002e5c1cb2c5dd4,667ecf2f5002e5c1cb2c5dd5,,,,,,,,,,,,,,1
667e548ecb4b99a0554c6662,Centro de Traslado por proteccion e inspeccion Espacio publico,6.167590654140716,6.167564609744622,6.167334876546659,6.167377207840648,6.167590654140716,,,,,,,,,,,,,,-75.59158594613967,-75.59166400376506,-75.59156502219122,-75.59147102586665,-75.59158594613967,,,,,,,,,,,,,,667e548ecb4b99a0554c6663,667e548ecb4b99a0554c6664,667e548ecb4b99a0554c6665,667e548ecb4b99a0554c6666,667e548ecb4b99a0554c6667,,,,,,,,,,,,,,667a50320cc99ae2fa6ed6e0,6.167930186108253,6.168049679801827,6.168150792556695,6.168229475465897,6.168282577790057,6.168307973125271,6.168304644552738,6.168272725360253,6.168246680930653,6.168185269495453,6.168097494454997,6.167987084215606,6.167858728652729,6.167717879898385,6.167570520750749,6.16742291054335,6.167281319268756,6.167051586193539,6.166926482290047,6.16681748591099,6.166728895983737,6.166664206582638,6.166625969120567,6.166615691719769,6.166633779730753,6.166679519745063,6.166721850986734,6.166795842451449,6.166894090205237,6.167012495069184,6.167146116848764,6.167289380451659,6.167436308495796,6.1675807707028,6.167716739671506,6.167930186108253,,,,,,,,,,,,,,,,,,,,,,,,,,-75.59094795403217,-75.59102872352746,-75.59113180615107,-75.59125307412708,-75.59138767146773,-75.59153020842507,-75.59167497731727,-75.59181618108687,-75.59189423880136,-75.59202998881811,-75.59215019294264,-75.59224974529246,-75.59232441721475,-75.59237103690504,-75.59238762413294,-75.59237347435237,-75.59232918862418,-75.59223020681502,-75.59216078028314,-75.59206785644275,-75.59195510031724,-75.59182695912843,-75.59168848689401,-75.59154514509362,-75.59140258726491,-75.59126643602538,-75.59117243979316,-75.59104472909038,-75.59093480471056,-75.59084725302606,-75.59078572696318,-75.59075279358999,-75.59074982700781,-75.59077695101595,-75.5908330339424,-75.59094795403217,,,,,,,,,,,,,,,,,,,,,,,,,,667ecf2f5002e5c1cb2c5de3,667ecf2f5002e5c1cb2c5de4,667ecf2f5002e5c1cb2c5de5,667ecf2f5002e5c1cb2c5de6,667ecf2f5002e5c1cb2c5de7,667ecf2f5002e5c1cb2c5de8,667ecf2f5002e5c1cb2c5de9,667ecf2f5002e5c1cb2c5dea,667ecf2f5002e5c1cb2c5deb,667ecf2f5002e5c1cb2c5dec,667ecf2f5002e5c1cb2c5ded,667ecf2f5002e5c1cb2c5dee,667ecf2f5002e5c1cb2c5def,667ecf2f5002e5c1cb2c5df0,667ecf2f5002e5c1cb2c5df1,667ecf2f5002e5c1cb2c5df2,667ecf2f5002e5c1cb2c5df3,667ecf2f5002e5c1cb2c5df4,667ecf2f5002e5c1cb2c5df5,667ecf2f5002e5c1cb2c5df6,667ecf2f5002e5c1cb2c5df7,667ecf2f5002e5c1cb2c5df8,667ecf2f5002e5c1cb2c5df9,667ecf2f5002e5c1cb2c5dfa,667ecf2f5002e5c1cb2c5dfb,667ecf2f5002e5c1cb2c5dfc,667ecf2f5002e5c1cb2c5dfd,667ecf2f5002e5c1cb2c5dfe,667ecf2f5002e5c1cb2c5dff,667ecf2f5002e5c1cb2c5e00,667ecf2f5002e5c1cb2c5e01,667ecf2f5002e5c1cb2c5e02,667ecf2f5002e5c1cb2c5e03,667ecf2f5002e5c1cb2c5e04,667ecf2f5002e5c1cb2c5e05,667ecf2f5002e5c1cb2c5e06,,,,,,,,,,,,,,,,,,,,,,,,,,1
667e549acb4b99a0554c666e,Refugio Bernarda Uribe de Restrepo,6.169908124919522,6.168962171508529,6.168727495667374,6.168573382486103,6.169157980233176,6.16911627106986,6.169346227760038,6.169908124919522,,,,,,,,,,,-75.59286239941407,-75.59383455574643,-75.59327257745326,-75.59262928372385,-75.59246737702078,-75.59230565872213,-75.59225960157201,-75.59286239941407,,,,,,,,,,,667e549acb4b99a0554c666f,667e549acb4b99a0554c6670,667e549acb4b99a0554c6671,667e549acb4b99a0554c6672,667e549acb4b99a0554c6673,667e549acb4b99a0554c6674,667e549acb4b99a0554c6675,667e549acb4b99a0554c6676,,,,,,,,,,,667a50320cc99ae2fa6ed6e0,6.170432974417045,6.170516840355831,6.170578571967732,6.170615924539974,6.170627539841066,6.170612995510006,6.17057282041455,6.170508475420043,6.1704223002681635,6.169476345939551,6.169367945480966,6.169243859242778,6.16910888396737,6.168968237325662,6.1688273562195155,6.16869168661008,6.168566472996577,6.168456555683497,6.168366183673007,6.16829885041525,6.1680641748677365,6.168028058695322,6.167873945717397,6.167854626851293,6.16786181076696,6.167895232571528,6.167953659901036,6.168034938360928,6.16813607096433,6.1682533286391115,6.168382387729211,6.168530451294424,6.168596629523516,6.1687079176035775,6.168836059498709,6.168975766468239,6.169205723097446,6.16935074269173,6.169495577194367,6.16963428841861,6.169761189226442,6.169871076701172,6.170432974417045,,,,,,,,,,,,,,,,,,,-75.59236744441152,-75.5924766509155,-75.5925998841783,-75.5927326631404,-75.59287015963332,-75.59300737394551,-75.59313931662633,-75.59326118991693,-75.59336856221019,-75.5943407185822,-75.59443212474257,-75.59450043095592,-75.59454299675858,-75.59455817672587,-75.59454538407567,-75.59450511334806,-75.59443892128479,-75.59434936664836,-75.59423991130743,-75.59411478641262,-75.59355280869863,-75.5934420975543,-75.59279880462437,-75.59266121273522,-75.59252244352612,-75.59238761384087,-75.59226169526282,-75.59214933079915,-75.59205466368043,-75.59198118458735,-75.59193160293799,-75.5918905959768,-75.5918051765086,-75.59170987034202,-75.59163915386257,-75.59159594573718,-75.5915498882914,-75.59153596859848,-75.5915517177063,-75.59159648992816,-75.59166844963195,-75.59176464649732,-75.59236744441152,,,,,,,,,,,,,,,,,,,667ecf2f5002e5c1cb2c5e1a,667ecf2f5002e5c1cb2c5e1b,667ecf2f5002e5c1cb2c5e1c,667ecf2f5002e5c1cb2c5e1d,667ecf2f5002e5c1cb2c5e1e,667ecf2f5002e5c1cb2c5e1f,667ecf2f5002e5c1cb2c5e20,667ecf2f5002e5c1cb2c5e21,667ecf2f5002e5c1cb2c5e22,667ecf2f5002e5c1cb2c5e23,667ecf2f5002e5c1cb2c5e24,667ecf2f5002e5c1cb2c5e25,667ecf2f5002e5c1cb2c5e26,667ecf2f5002e5c1cb2c5e27,667ecf2f5002e5c1cb2c5e28,667ecf2f5002e5c1cb2c5e29,667ecf2f5002e5c1cb2c5e2a,667ecf2f5002e5c1cb2c5e2b,667ecf2f5002e5c1cb2c5e2c,667ecf2f5002e5c1cb2c5e2d,667ecf2f5002e5c1cb2c5e2e,667ecf2f5002e5c1cb2c5e2f,667ecf2f5002e5c1cb2c5e30,667ecf2f5002e5c1cb2c5e31,667ecf2f5002e5c1cb2c5e32,667ecf2f5002e5c1cb2c5e33,667ecf2f5002e5c1cb2c5e34,667ecf2f5002e5c1cb2c5e35,667ecf2f5002e5c1cb2c5e36,667ecf2f5002e5c1cb2c5e37,667ecf2f5002e5c1cb2c5e38,667ecf2f5002e5c1cb2c5e39,667ecf2f5002e5c1cb2c5e3a,667ecf2f5002e5c1cb2c5e3b,667ecf2f5002e5c1cb2c5e3c,667ecf2f5002e5c1cb2c5e3d,667ecf2f5002e5c1cb2c5e3e,667ecf2f5002e5c1cb2c5e3f,667ecf2f5002e5c1cb2c5e40,667ecf2f5002e5c1cb2c5e41,667ecf2f5002e5c1cb2c5e42,667ecf2f5002e5c1cb2c5e43,667ecf2f5002e5c1cb2c5e44,,,,,,,,,,,,,,,,,,,1
667e54a3cb4b99a0554c6680,Casa de la cultura Miguel Uribe Restrepo,6.173417193151787,6.173065668919544,6.172824819946849,6.173170273942342,6.173417193151787,,,,,,,,,,,,,,-75.58895271846717,-75.58917083640245,-75.58879848179473,-75.58857074169457,-75.58895271846717,,,,,,,,,,,,,,667e54a3cb4b99a0554c6681,667e54a3cb4b99a0554c6682,667e54a3cb4b99a0554c6683,667e54a3cb4b99a0554c6684,667e54a3cb4b99a0554c6685,,,,,,,,,,,,,,667a50320cc99ae2fa6ed6e0,6.174020362924541,6.174086073395894,6.174125298142002,6.174136483972053,6.174119187958242,6.174074094974675,6.174002990577949,6.173908690303281,6.173794928176045,6.173443403693144,6.173318713777529,6.173184594040931,6.173046042521772,6.1729082224071155,6.172776269623922,6.172655101446768,6.172549233254265,6.172462610262722,6.172221761564203,6.17215691870026,6.172117632777268,6.172105407049362,6.1721207093271975,6.172162954077646,6.172230524828638,6.172320836021868,6.172430431946761,6.172775885685063,6.172901160684012,6.1730368257629324,6.173177643097449,6.173318175938158,6.173452998515277,6.1735769055200285,6.173685113074979,6.173773443433935,6.174020362924541,,,,,,,,,,,,,,,,,,,,,,,,,-75.58855825272775,-75.5886861885827,-75.58882467827833,-75.58896823800974,-75.58911118321035,-75.58924785364755,-75.58937283755483,-75.58948118592471,-75.58956860847668,-75.58978672615875,-75.58984825215417,-75.58988453390656,-75.58989421937787,-75.58987694765523,-75.5898333623975,-75.58976508784599,-75.58967466829394,-75.58956547327061,-75.58919311890736,-75.58906748338177,-75.58893155465795,-75.58879053397514,-75.58864981741118,-75.5885147894072,-75.5883906167372,-75.58828205080636,-75.58819324584216,-75.58796550551689,-75.58789962066788,-75.58785964678114,-75.58784712720843,-75.5878625453338,-75.58790530590744,-75.58797375802413,-75.58806525885956,-75.58817627570409,-75.58855825272775,,,,,,,,,,,,,,,,,,,,,,,,,667ecf2f5002e5c1cb2c5e50,667ecf2f5002e5c1cb2c5e51,667ecf2f5002e5c1cb2c5e52,667ecf2f5002e5c1cb2c5e53,667ecf2f5002e5c1cb2c5e54,667ecf2f5002e5c1cb2c5e55,667ecf2f5002e5c1cb2c5e56,667ecf2f5002e5c1cb2c5e57,667ecf2f5002e5c1cb2c5e58,667ecf2f5002e5c1cb2c5e59,667ecf2f5002e5c1cb2c5e5a,667ecf2f5002e5c1cb2c5e5b,667ecf2f5002e5c1cb2c5e5c,667ecf2f5002e5c1cb2c5e5d,667ecf2f5002e5c1cb2c5e5e,667ecf2f5002e5c1cb2c5e5f,667ecf2f5002e5c1cb2c5e60,667ecf2f5002e5c1cb2c5e61,667ecf2f5002e5c1cb2c5e62,667ecf2f5002e5c1cb2c5e63,667ecf2f5002e5c1cb2c5e64,667ecf2f5002e5c1cb2c5e65,667ecf2f5002e5c1cb2c5e66,667ecf2f5002e5c1cb2c5e67,667ecf2f5002e5c1cb2c5e68,667ecf2f5002e5c1cb2c5e69,667ecf2f5002e5c1cb2c5e6a,667ecf2f5002e5c1cb2c5e6b,667ecf2f5002e5c1cb2c5e6c,667ecf2f5002e5c1cb2c5e6d,667ecf2f5002e5c1cb2c5e6e,667ecf2f5002e5c1cb2c5e6f,667ecf2f5002e5c1cb2c5e70,667ecf2f5002e5c1cb2c5e71,667ecf2f5002e5c1cb2c5e72,667ecf2f5002e5c1cb2c5e73,667ecf2f5002e5c1cb2c5e74,,,,,,,,,,,,,,,,,,,,,,,,,1
667e54b6cb4b99a0554c668c,Universidad Cooperativa de Colombia Facultad de Odontologia,6.1729177804306,6.172728566533427,6.172609806056638,6.172437088554462,6.172327108461298,6.172498015129002,6.172689558718013,6.1729177804306,,,,,,,,,,,-75.59167293527429,-75.59182206266033,-75.59161209015619,-75.5917159572093,-75.59155092169097,-75.59140672946998,-75.59128289750414,-75.59167293527429,,,,,,,,,,,667e54b6cb4b99a0554c668d,667e54b6cb4b99a0554c668e,667e54b6cb4b99a0554c668f,667e54b6cb4b99a0554c6690,667e54b6cb4b99a0554c6691,667e54b6cb4b99a0554c6692,667e54b6cb4b99a0554c6693,667e54b6cb4b99a0554c6694,,,,,,,,,,,667a4a900cc99ae2fa6ed6c1,6.172281709262776,6.172240202331496,6.172078108463519,6.171928920488177,6.1717980019264145,6.171690059483952,6.17158007954586,6.1714924279957994,6.171441120726372,6.171428391789528,6.171454795436182,6.171519181983053,6.171618747872116,6.1717491577431405,6.1719200642244,6.172011759369268,6.172203302782469,6.172364352944719,6.17253853178712,6.172718807663024,6.172897902779685,6.173068587004724,6.173223969749657,6.173357778146983,6.1734646102904245,6.173692832336911,6.173769588382289,6.173810518467494,6.173813901119349,6.173779594067314,6.173709040227329,6.173605207013501,6.173472461530354,6.173283247435068,6.173138845153251,6.172979534743043,6.172811105017072,6.172639676148082,6.172471477281722,6.172312620190455,6.172281709262776,,,,,,,,,,,,,,,,,,,,,-75.59260385617371,-75.59259857757726,-75.59254533177929,-75.59246226876769,-75.59235237480009,-75.59221960073683,-75.59205456534663,-75.59188766545866,-75.59170610286913,-75.59151778328847,-75.59133090663974,-75.59115361001791,-75.59099361338471,-75.59085788342517,-75.59071369113794,-75.59064579185419,-75.59052195972691,-75.59043954641146,-75.59039117938957,-75.59037881128502,-75.5904029414385,-75.5904625957433,-75.59055536596473,-75.5906775069566,-75.59082408785123,-75.59121412599436,-75.59138280818273,-75.5915636927877,-75.59174917200885,-75.59193144479858,-75.59210284497016,-75.59225616363341,-75.59238495239556,-75.59253407968343,-75.59262701015695,-75.59269069149161,-75.59272280974574,-75.59272219787974,-75.59268887815811,-75.59262406133598,-75.59260385617371,,,,,,,,,,,,,,,,,,,,,667ecf2f5002e5c1cb2c5e87,667ecf2f5002e5c1cb2c5e88,667ecf2f5002e5c1cb2c5e89,667ecf2f5002e5c1cb2c5e8a,667ecf2f5002e5c1cb2c5e8b,667ecf2f5002e5c1cb2c5e8c,667ecf2f5002e5c1cb2c5e8d,667ecf2f5002e5c1cb2c5e8e,667ecf2f5002e5c1cb2c5e8f,667ecf2f5002e5c1cb2c5e90,667ecf2f5002e5c1cb2c5e91,667ecf2f5002e5c1cb2c5e92,667ecf2f5002e5c1cb2c5e93,667ecf2f5002e5c1cb2c5e94,667ecf2f5002e5c1cb2c5e95,667ecf2f5002e5c1cb2c5e96,667ecf2f5002e5c1cb2c5e97,667ecf2f5002e5c1cb2c5e98,667ecf2f5002e5c1cb2c5e99,667ecf2f5002e5c1cb2c5e9a,667ecf2f5002e5c1cb2c5e9b,667ecf2f5002e5c1cb2c5e9c,667ecf2f5002e5c1cb2c5e9d,667ecf2f5002e5c1cb2c5e9e,667ecf2f5002e5c1cb2c5e9f,667ecf2f5002e5c1cb2c5ea0,667ecf2f5002e5c1cb2c5ea1,667ecf2f5002e5c1cb2c5ea2,667ecf2f5002e5c1cb2c5ea3,667ecf2f5002e5c1cb2c5ea4,667ecf2f5002e5c1cb2c5ea5,667ecf2f5002e5c1cb2c5ea6,667ecf2f5002e5c1cb2c5ea7,667ecf2f5002e5c1cb2c5ea8,667ecf2f5002e5c1cb2c5ea9,667ecf2f5002e5c1cb2c5eaa,667ecf2f5002e5c1cb2c5eab,667ecf2f5002e5c1cb2c5eac,667ecf2f5002e5c1cb2c5ead,667ecf2f5002e5c1cb2c5eae,667ecf2f5002e5c1cb2c5eaf,,,,,,,,,,,,,,,,,,,,,1
667e54c2cb4b99a0554c669e,Parroquia La Santa Cruz de alcala,6.170505720981268,6.170327299105637,6.170068237323541,6.170231636167264,6.170505720981268,,,,,,,,,,,,,,-75.59356154354863,-75.59373749868654,-75.59348948568784,-75.59332567418971,-75.59356154354863,,,,,,,,,,,,,,667e54c2cb4b99a0554c669f,667e54c2cb4b99a0554c66a0,667e54c2cb4b99a0554c66a1,667e54c2cb4b99a0554c66a2,667e54c2cb4b99a0554c66a3,,,,,,,,,,,,,,667a50110cc99ae2fa6ed6de,6.170973445678217,6.1710759434088205,6.17115402641318,6.171204351469192,6.17122476384548,6.171214389559975,6.171173672801027,6.171104356908682,6.171009409730507,6.1708309876852985,6.170723683229271,6.1706018067006365,6.170469838594522,6.1703326303949995,6.170195226221534,6.1700626773942115,6.169939856734809,6.169831279430434,6.1695722178907975,6.169478719698761,6.169408639678851,6.169364761703074,6.16934882878791,6.1693614738552,6.169402194590137,6.169469373395079,6.169560341646552,6.169723740333685,6.169826993473932,6.169944270535174,6.170071506990864,6.170204293143999,6.170338026955609,6.170468073539776,6.170589925797511,6.1706993606223195,6.170973445678217,,,,,,,,,,,,,,,,,,,,,,,,,-75.59301168503384,-75.59312027992699,-75.59324776807331,-75.59338869091442,-75.59353701466232,-75.59368638864598,-75.59383041722671,-75.59396293363876,-75.59407826402996,-75.59425421916113,-75.59434141153002,-75.59440640249962,-75.59444680285041,-75.59446112738121,-75.59444884950635,-75.59441042061135,-75.59434725345605,-75.59426167023538,-75.5940136572126,-75.5939043036293,-75.59377847173614,-75.59364116010863,-75.5934978233403,-75.59335415536566,-75.59321586327594,-75.59308844061232,-75.59297694914166,-75.5928131376425,-75.59272732864433,-75.59266225678378,-75.59262017730138,-75.59260254858354,-75.59260998161635,-75.59264221880773,-75.59269814291255,-75.59277581575115,-75.59301168503384,,,,,,,,,,,,,,,,,,,,,,,,,667ecf2f5002e5c1cb2c5ebb,667ecf2f5002e5c1cb2c5ebc,667ecf2f5002e5c1cb2c5ebd,667ecf2f5002e5c1cb2c5ebe,667ecf2f5002e5c1cb2c5ebf,667ecf2f5002e5c1cb2c5ec0,667ecf2f5002e5c1cb2c5ec1,667ecf2f5002e5c1cb2c5ec2,667ecf2f5002e5c1cb2c5ec3,667ecf2f5002e5c1cb2c5ec4,667ecf2f5002e5c1cb2c5ec5,667ecf2f5002e5c1cb2c5ec6,667ecf2f5002e5c1cb2c5ec7,667ecf2f5002e5c1cb2c5ec8,667ecf2f5002e5c1cb2c5ec9,667ecf2f5002e5c1cb2c5eca,667ecf2f5002e5c1cb2c5ecb,667ecf2f5002e5c1cb2c5ecc,667ecf2f5002e5c1cb2c5ecd,667ecf2f5002e5c1cb2c5ece,667ecf2f5002e5c1cb2c5ecf,667ecf2f5002e5c1cb2c5ed0,667ecf2f5002e5c1cb2c5ed1,667ecf2f5002e5c1cb2c5ed2,667ecf2f5002e5c1cb2c5ed3,667ecf2f5002e5c1cb2c5ed4,667ecf2f5002e5c1cb2c5ed5,667ecf2f5002e5c1cb2c5ed6,667ecf2f5002e5c1cb2c5ed7,667ecf2f5002e5c1cb2c5ed8,667ecf2f5002e5c1cb2c5ed9,667ecf2f5002e5c1cb2c5eda,667ecf2f5002e5c1cb2c5edb,667ecf2f5002e5c1cb2c5edc,667ecf2f5002e5c1cb2c5edd,667ecf2f5002e5c1cb2c5ede,667ecf2f5002e5c1cb2c5edf,,,,,,,,,,,,,,,,,,,,,,,,,1
667e54cecb4b99a0554c66aa,Parroquia nuestra señora de la Lomas,6.166707900790562,6.16647600446692,6.166453258739908,6.166936866809893,6.166707900790562,,,,,,,,,,,,,,-75.5771896901499,-75.57707390117747,-75.57687466641713,-75.57680784716447,-75.5771896901499,,,,,,,,,,,,,,667e54cecb4b99a0554c66ab,667e54cecb4b99a0554c66ac,667e54cecb4b99a0554c66ad,667e54cecb4b99a0554c66ae,667e54cecb4b99a0554c66af,,,,,,,,,,,,,,667a50110cc99ae2fa6ed6de,6.167323978475278,6.167244585805517,6.167146657951261,6.16703357699818,6.166909248364675,6.166777965921629,6.166644263696639,6.166512759284536,6.166387994372205,6.166156098188463,6.166034938959488,6.165931212679175,6.165849019079149,6.165791606820457,6.1657612450931065,6.165738499396753,6.165736060395474,6.165760412278503,6.1658106453856485,6.1658848832678785,6.1659803527809744,6.166093487674847,6.166220061809168,6.166355347019223,6.166838954999897,6.166985775531839,6.167130556880789,6.167267262522028,6.1673901926355486,6.16749422175599,6.167575012475897,6.167629196291816,6.167654514052695,6.167649910154426,6.167615576552932,6.167552944760628,6.167323978475278,,,,,,,,,,,,,,,,,,,,,,,,,-75.5775634248145,-75.57767163102554,-75.57776319267938,-75.57783494756663,-75.57788441753917,-75.57790989409536,-75.57791049738368,-75.57788620658737,-75.57783786064064,-75.57772207145464,-75.57764560886177,-75.57754654978956,-75.57742880951238,-75.57729704166351,-75.57715645430306,-75.57695721980771,-75.57681737984484,-75.57667967981139,-75.57654926346785,-75.57643100249693,-75.57632931452424,-75.57624799809939,-75.57619009080148,-75.57615775576937,-75.57609093587527,-75.5760858772228,-75.5761109204285,-75.57616502136298,-75.57624592435721,-75.57635025624765,-75.57647366701543,-75.57661101115629,-75.57675656221896,-75.57690425156723,-75.57704792140963,-75.57718158154682,-75.5775634248145,,,,,,,,,,,,,,,,,,,,,,,,,667ecf2f5002e5c1cb2c5eec,667ecf2f5002e5c1cb2c5eed,667ecf2f5002e5c1cb2c5eee,667ecf2f5002e5c1cb2c5eef,667ecf2f5002e5c1cb2c5ef0,667ecf2f5002e5c1cb2c5ef1,667ecf2f5002e5c1cb2c5ef2,667ecf2f5002e5c1cb2c5ef3,667ecf2f5002e5c1cb2c5ef4,667ecf2f5002e5c1cb2c5ef5,667ecf2f5002e5c1cb2c5ef6,667ecf2f5002e5c1cb2c5ef7,667ecf2f5002e5c1cb2c5ef8,667ecf2f5002e5c1cb2c5ef9,667ecf2f5002e5c1cb2c5efa,667ecf2f5002e5c1cb2c5efb,667ecf2f5002e5c1cb2c5efc,667ecf2f5002e5c1cb2c5efd,667ecf2f5002e5c1cb2c5efe,667ecf2f5002e5c1cb2c5eff,667ecf2f5002e5c1cb2c5f00,667ecf2f5002e5c1cb2c5f01,667ecf2f5002e5c1cb2c5f02,667ecf2f5002e5c1cb2c5f03,667ecf2f5002e5c1cb2c5f04,667ecf2f5002e5c1cb2c5f05,667ecf2f5002e5c1cb2c5f06,667ecf2f5002e5c1cb2c5f07,667ecf2f5002e5c1cb2c5f08,667ecf2f5002e5c1cb2c5f09,667ecf2f5002e5c1cb2c5f0a,667ecf2f5002e5c1cb2c5f0b,667ecf2f5002e5c1cb2c5f0c,667ecf2f5002e5c1cb2c5f0d,667ecf2f5002e5c1cb2c5f0e,667ecf2f5002e5c1cb2c5f0f,667ecf2f5002e5c1cb2c5f10,,,,,,,,,,,,,,,,,,,,,,,,,1
667e54dacb4b99a0554c66b6,Parque la Heliodora,6.160818101351381,6.161086413851284,6.161392082510414,6.161537123524572,6.161643540589489,6.162784277552972,6.161866585590595,6.160467148336499,6.159708190086717,6.160437164239928,6.160818101351381,,,,,,,,-75.58765396079234,-75.58778685034027,-75.58806721252276,-75.58839062727112,-75.58849199710198,-75.58886985467488,-75.58943963918769,-75.58866357628713,-75.5879055058831,-75.5872333065607,-75.58765396079234,,,,,,,,667e54dacb4b99a0554c66b7,667e54dacb4b99a0554c66b8,667e54dacb4b99a0554c66b9,667e54dacb4b99a0554c66ba,667e54dacb4b99a0554c66bb,667e54dacb4b99a0554c66bc,667e54dacb4b99a0554c66bd,667e54dacb4b99a0554c66be,667e54dacb4b99a0554c66bf,667e54dacb4b99a0554c66c0,667e54dacb4b99a0554c66c1,,,,,,,,667a50320cc99ae2fa6ed6e0,6.162097628899586,6.163009323323962,6.163133828321846,6.163245857771449,6.163341413305007,6.1634170845122505,6.163470170660139,6.163498777083979,6.163501882809451,6.163479376992004,6.163432062872986,6.163361629111316,6.163270589513927,6.163162193316172,6.162244500700367,6.162107639177291,6.1619600466025695,6.161808293411881,6.161659135255024,6.161519212252207,6.160119775914067,6.159960189085909,6.159201231560993,6.159109035583102,6.159041254402001,6.159000650008728,6.15898887697664,6.1590064150405786,6.15905254954858,6.159125400582601,6.159221999561764,6.159950973047261,6.16006402391377,6.160191473428388,6.1603284036099355,6.1604695306363775,6.160609408734828,6.1607426403214784,6.160864084282668,6.1609690543599225,6.161258209865495,6.161404243424919,6.161571192496964,6.161876861435282,6.161974441532226,6.1620479063502716,6.162097628899586,,,,,,,,,,,,,,,-75.58788054058586,-75.58818252909262,-75.58823736571847,-75.58831477607531,-75.58841199737543,-75.58852555976641,-75.58865141017107,-75.58878505694385,-75.58892173018064,-75.58905655196043,-75.58918471044215,-75.58930163160318,-75.58940314248937,-75.58948562015017,-75.59005540400383,-75.59012145047741,-75.59015714448188,-75.59016089703903,-75.59013254112202,-75.59007333908625,-75.58929727502289,-75.58917704060899,-75.58841897019484,-75.58830610381327,-75.58817691360726,-75.58803666390733,-75.58789106969834,-75.58774606374399,-75.58760755483769,-75.58748118703014,-75.58737210964415,-75.58669991020501,-75.58661460498985,-75.5865531740249,-75.58651798780649,-75.58651040411071,-75.5865307155971,-75.5865781385122,-75.5866508429295,-75.58674602335982,-75.58706532633272,-75.58713765352876,-75.58725215377899,-75.58753251590961,-75.58764229435631,-75.58776966855535,-75.58788054058586,,,,,,,,,,,,,,,667ecf2f5002e5c1cb2c5f2a,667ecf2f5002e5c1cb2c5f2b,667ecf2f5002e5c1cb2c5f2c,667ecf2f5002e5c1cb2c5f2d,667ecf2f5002e5c1cb2c5f2e,667ecf2f5002e5c1cb2c5f2f,667ecf2f5002e5c1cb2c5f30,667ecf2f5002e5c1cb2c5f31,667ecf2f5002e5c1cb2c5f32,667ecf2f5002e5c1cb2c5f33,667ecf2f5002e5c1cb2c5f34,667ecf2f5002e5c1cb2c5f35,667ecf2f5002e5c1cb2c5f36,667ecf2f5002e5c1cb2c5f37,667ecf2f5002e5c1cb2c5f38,667ecf2f5002e5c1cb2c5f39,667ecf2f5002e5c1cb2c5f3a,667ecf2f5002e5c1cb2c5f3b,667ecf2f5002e5c1cb2c5f3c,667ecf2f5002e5c1cb2c5f3d,667ecf2f5002e5c1cb2c5f3e,667ecf2f5002e5c1cb2c5f3f,667ecf2f5002e5c1cb2c5f40,667ecf2f5002e5c1cb2c5f41,667ecf2f5002e5c1cb2c5f42,667ecf2f5002e5c1cb2c5f43,667ecf2f5002e5c1cb2c5f44,667ecf2f5002e5c1cb2c5f45,667ecf2f5002e5c1cb2c5f46,667ecf2f5002e5c1cb2c5f47,667ecf2f5002e5c1cb2c5f48,667ecf2f5002e5c1cb2c5f49,667ecf2f5002e5c1cb2c5f4a,667ecf2f5002e5c1cb2c5f4b,667ecf2f5002e5c1cb2c5f4c,667ecf2f5002e5c1cb2c5f4d,667ecf2f5002e5c1cb2c5f4e,667ecf2f5002e5c1cb2c5f4f,667ecf2f5002e5c1cb2c5f50,667ecf2f5002e5c1cb2c5f51,667ecf2f5002e5c1cb2c5f52,667ecf2f5002e5c1cb2c5f53,667ecf2f5002e5c1cb2c5f54,667ecf2f5002e5c1cb2c5f55,667ecf2f5002e5c1cb2c5f56,667ecf2f5002e5c1cb2c5f57,667ecf2f5002e5c1cb2c5f58,,,,,,,,,,,,,,,1
667e54e5cb4b99a0554c66ce,Genesis Centro Infantil,6.151496871109546,6.151617213792823,6.15132671239021,6.151331140625591,6.150722133124014,6.150403019483041,6.150861339933733,6.151279003695242,6.151348338896806,6.151424329991107,6.151683308562422,6.151496871109546,,,,,,,-75.56414598372031,-75.5644911785435,-75.56456130613748,-75.56477276727985,-75.56499630287749,-75.56431892068272,-75.56345630606785,-75.56342756757665,-75.56374621487159,-75.56397980092923,-75.56408544620632,-75.56414598372031,,,,,,,667e54e5cb4b99a0554c66cf,667e54e5cb4b99a0554c66d0,667e54e5cb4b99a0554c66d1,667e54e5cb4b99a0554c66d2,667e54e5cb4b99a0554c66d3,667e54e5cb4b99a0554c66d4,667e54e5cb4b99a0554c66d5,667e54e5cb4b99a0554c66d6,667e54e5cb4b99a0554c66d7,667e54e5cb4b99a0554c66d8,667e54e5cb4b99a0554c66d9,667e54e5cb4b99a0554c66da,,,,,,,667a4a900cc99ae2fa6ed6c1,6.152086676625809,6.15207342752091,6.151953237195494,6.151806488374236,6.151639446061583,6.151030438206884,6.150869971965457,6.150704472436872,6.150539574208194,6.150380891389492,6.150233826476676,6.150103386419578,6.149994012157268,6.149909427424004,6.149590314270794,6.149532970092436,6.149505850375438,6.1495098972227344,6.149544970052237,6.149609850480397,6.1500681702473745,6.150169533103285,6.150299123645637,6.150451654225669,6.150620901173411,6.150799958738632,6.151217622451873,6.151400107621305,6.151577600888795,6.151742785933542,6.1518888537765415,6.152009783450586,6.152100590188816,6.152157530900961,6.152178605265396,6.152182889670322,6.152323814630009,6.152438262822741,6.152521503258183,6.152570094991539,6.1525820293652105,6.152556813042725,6.152510681989819,6.1525160015526605,6.152494809231527,6.152443397583352,6.152363536934468,6.152257977232852,6.152130353354276,6.152086676625809,,,,,,,,,,,,-75.56525883346279,-75.56528343545266,-75.56542596908018,-75.56554061618829,-75.56562248228445,-75.56584601703833,-75.56588852465285,-75.56590065572408,-75.56588199726652,-75.56583318455236,-75.56575587947928,-75.56565271398642,-75.56552720044542,-75.56538361207748,-75.56470623068569,-75.56454781473687,-75.56438144731212,-75.56421290779552,-75.56404805102557,-75.56389260390894,-75.56302999021345,-75.56287836608568,-75.56275032348229,-75.56265108691076,-75.56258470552413,-75.56255388790144,-75.56252514870462,-75.56253127800069,-75.56257435257882,-75.56265259692879,-75.56276278582496,-75.56290037726693,-75.56305969969998,-75.56323418579869,-75.56333103821363,-75.56333332090253,-75.56345049798624,-75.56359392216802,-75.56375766468044,-75.56393495683838,-75.56411846984157,-75.56430061773214,-75.56443094635647,-75.56452230419221,-75.56468879399773,-75.56484847904392,-75.56499586068387,-75.56512586393606,-75.56523401223944,-75.56525883346279,,,,,,,,,,,,667ecf2f5002e5c1cb2c5f74,667ecf2f5002e5c1cb2c5f75,667ecf2f5002e5c1cb2c5f76,667ecf2f5002e5c1cb2c5f77,667ecf2f5002e5c1cb2c5f78,667ecf2f5002e5c1cb2c5f79,667ecf2f5002e5c1cb2c5f7a,667ecf2f5002e5c1cb2c5f7b,667ecf2f5002e5c1cb2c5f7c,667ecf2f5002e5c1cb2c5f7d,667ecf2f5002e5c1cb2c5f7e,667ecf2f5002e5c1cb2c5f7f,667ecf2f5002e5c1cb2c5f80,667ecf2f5002e5c1cb2c5f81,667ecf2f5002e5c1cb2c5f82,667ecf2f5002e5c1cb2c5f83,667ecf2f5002e5c1cb2c5f84,667ecf2f5002e5c1cb2c5f85,667ecf2f5002e5c1cb2c5f86,667ecf2f5002e5c1cb2c5f87,667ecf2f5002e5c1cb2c5f88,667ecf2f5002e5c1cb2c5f89,667ecf2f5002e5c1cb2c5f8a,667ecf2f5002e5c1cb2c5f8b,667ecf2f5002e5c1cb2c5f8c,667ecf2f5002e5c1cb2c5f8d,667ecf2f5002e5c1cb2c5f8e,667ecf2f5002e5c1cb2c5f8f,667ecf2f5002e5c1cb2c5f90,667ecf2f5002e5c1cb2c5f91,667ecf2f5002e5c1cb2c5f92,667ecf2f5002e5c1cb2c5f93,667ecf2f5002e5c1cb2c5f94,667ecf2f5002e5c1cb2c5f95,667ecf2f5002e5c1cb2c5f96,667ecf2f5002e5c1cb2c5f97,667ecf2f5002e5c1cb2c5f98,667ecf2f5002e5c1cb2c5f99,667ecf2f5002e5c1cb2c5f9a,667ecf2f5002e5c1cb2c5f9b,667ecf2f5002e5c1cb2c5f9c,667ecf2f5002e5c1cb2c5f9d,667ecf2f5002e5c1cb2c5f9e,667ecf2f5002e5c1cb2c5f9f,667ecf2f5002e5c1cb2c5fa0,667ecf2f5002e5c1cb2c5fa1,667ecf2f5002e5c1cb2c5fa2,667ecf2f5002e5c1cb2c5fa3,667ecf2f5002e5c1cb2c5fa4,667ecf2f5002e5c1cb2c5fa5,,,,,,,,,,,,1
667e54edcb4b99a0554c66e8,Colegio Francisco Palermo de San Jose,6.149244134366198,6.148426459414035,6.148308450042512,6.148230644521744,6.149045183416837,6.149244134366198,,,,,,,,,,,,,-75.56101105816242,-75.56118899544529,-75.56068457052264,-75.56039934570995,-75.5602060869168,-75.56101105816242,,,,,,,,,,,,,667e54edcb4b99a0554c66e9,667e54edcb4b99a0554c66ea,667e54edcb4b99a0554c66eb,667e54edcb4b99a0554c66ec,667e54edcb4b99a0554c66ed,667e54edcb4b99a0554c66ee,,,,,,,,,,,,,667a4a900cc99ae2fa6ed6c1,6.1501168935816715,6.150142605025903,6.150132436386211,6.150086793744692,6.150007499828605,6.149897721219182,6.149761841893381,6.1496052881489955,6.149434311905081,6.1486166366605906,6.148443526941756,6.148269776270991,6.148101909942954,6.147946232256828,6.147808589756328,6.147694151661649,6.147607215739053,6.147551046898419,6.147436815606783,6.147363374289909,6.147333336627754,6.147339380386507,6.147381262542916,6.147457298989523,6.147564432252705,6.1476983544339685,6.147853680431323,6.1480241644757445,6.148838703054553,6.149012085994627,6.149186721606444,6.1493560004250565,6.14951351571888,6.149653305967541,6.149770080490461,6.149859419686501,6.149917942305804,6.1501168935816715,,,,,,,,,,,,,,,,,,,,,,,,-75.56079284978,-75.56097174754673,-75.56115221517317,-75.56132704572963,-75.56148925740473,-75.56163237232582,-75.5617506752534,-75.56183944181812,-75.56189512718554,-75.5620730631728,-75.56209335593846,-75.5620796849702,-75.56203256372076,-75.5619537618814,-75.56184623891586,-75.56171403291344,-75.56156210893506,-75.56139617254864,-75.56090789675277,-75.56063867052175,-75.56045982387943,-75.5602785453728,-75.56010212432201,-75.55993765472874,-75.55979175002587,-75.55967027714959,-75.55957812062692,-75.55951898616425,-75.5593257260979,-75.55930217527562,-75.55931283494078,-75.55935730168821,-75.55943389260653,-75.55953970896716,-75.55967074592998,-75.55982204411369,-75.55998787729494,-75.56079284978,,,,,,,,,,,,,,,,,,,,,,,,667ecf2f5002e5c1cb2c5fb3,667ecf2f5002e5c1cb2c5fb4,667ecf2f5002e5c1cb2c5fb5,667ecf2f5002e5c1cb2c5fb6,667ecf2f5002e5c1cb2c5fb7,667ecf2f5002e5c1cb2c5fb8,667ecf2f5002e5c1cb2c5fb9,667ecf2f5002e5c1cb2c5fba,667ecf2f5002e5c1cb2c5fbb,667ecf2f5002e5c1cb2c5fbc,667ecf2f5002e5c1cb2c5fbd,667ecf2f5002e5c1cb2c5fbe,667ecf2f5002e5c1cb2c5fbf,667ecf2f5002e5c1cb2c5fc0,667ecf2f5002e5c1cb2c5fc1,667ecf2f5002e5c1cb2c5fc2,667ecf2f5002e5c1cb2c5fc3,667ecf2f5002e5c1cb2c5fc4,667ecf2f5002e5c1cb2c5fc5,667ecf2f5002e5c1cb2c5fc6,667ecf2f5002e5c1cb2c5fc7,667ecf2f5002e5c1cb2c5fc8,667ecf2f5002e5c1cb2c5fc9,667ecf2f5002e5c1cb2c5fca,667ecf2f5002e5c1cb2c5fcb,667ecf2f5002e5c1cb2c5fcc,667ecf2f5002e5c1cb2c5fcd,667ecf2f5002e5c1cb2c5fce,667ecf2f5002e5c1cb2c5fcf,667ecf2f5002e5c1cb2c5fd0,667ecf2f5002e5c1cb2c5fd1,667ecf2f5002e5c1cb2c5fd2,667ecf2f5002e5c1cb2c5fd3,667ecf2f5002e5c1cb2c5fd4,667ecf2f5002e5c1cb2c5fd5,667ecf2f5002e5c1cb2c5fd6,667ecf2f5002e5c1cb2c5fd7,667ecf2f5002e5c1cb2c5fd8,,,,,,,,,,,,,,,,,,,,,,,,1
667e54f5cb4b99a0554c66f6,Clinica de Veterinaria y Zootecnia CES,6.144042698603263,6.143408099852539,6.143254466067945,6.143051634026309,6.143546158140912,6.143888483998391,6.143989383326849,6.143972607817954,6.144015937039693,6.144346798037284,6.144830736990195,6.145004536672946,6.14508367762245,6.144042698603263,,,,,-75.5619833880253,-75.56146370035462,-75.56140723689332,-75.56040468128799,-75.56016953783296,-75.56018556058764,-75.56037184656255,-75.56058950662006,-75.56104150394671,-75.56141351857107,-75.56139846829477,-75.56152147490299,-75.5619996785411,-75.5619833880253,,,,,667e54f5cb4b99a0554c66f7,667e54f5cb4b99a0554c66f8,667e54f5cb4b99a0554c66f9,667e54f5cb4b99a0554c66fa,667e54f5cb4b99a0554c66fb,667e54f5cb4b99a0554c66fc,667e54f5cb4b99a0554c66fd,667e54f5cb4b99a0554c66fe,667e54f5cb4b99a0554c66ff,667e54f5cb4b99a0554c6700,667e54f5cb4b99a0554c6701,667e54f5cb4b99a0554c6702,667e54f5cb4b99a0554c6703,667e54f5cb4b99a0554c6704,,,,,667a4a900cc99ae2fa6ed6c1,6.144028706736728,6.143830538192022,6.143642838863851,6.143474870875422,6.1429574782217164,6.142945806662107,6.142781125414521,6.14263606370257,6.142516634181286,6.1424277870747845,6.1423732049971305,6.142170373291307,6.142152365678571,6.142166720078999,6.142212919921797,6.142289302616196,6.142393119382161,6.142520634169279,6.1426672581043045,6.14316178186176,6.143369641483625,6.143587963561947,6.143930289446271,6.144112371418693,6.144285068750455,6.144441142492764,6.144574050501334,6.144678221665648,6.144779121143829,6.1448467216318825,6.144882794710407,6.144886013838252,6.144881491151349,6.144995093746319,6.145179698539297,6.14534827907045,6.145522078922207,6.1456567445820465,6.145765882018721,6.145845219444228,6.14589165148198,6.145970792563375,6.145982602756482,6.145960482719748,6.145905267384091,6.145819040877187,6.145705057856045,6.145567620656968,6.145411916900287,6.145243823679826,6.145069685728422,6.144028706736728,,,,,,,,,,-75.56288779446716,-75.56286237331263,-75.56279357813887,-75.56268480372371,-75.56226109804481,-75.56225680849789,-75.56217632671715,-75.56206396696116,-75.56192438644715,-75.56176337065219,-75.56158759351139,-75.56058503949704,-75.56041440954147,-75.56024342949594,-75.56007825240754,-75.5599248224957,-75.55978866124086,-75.55967466868483,-75.55958694709368,-75.55935180304881,-75.5592826172271,-75.55926600052312,-75.55928202269797,-75.55930952261484,-75.55937374337113,-75.55947199306131,-75.55960015338006,-75.5597528522461,-75.55993913841539,-75.56009871137213,-75.5602683285238,-75.56044175241882,-75.56050043380948,-75.56050918459762,-75.56056482188941,-75.56065874021719,-75.56078174670346,-75.56089870156765,-75.5610400326215,-75.56120020798811,-75.56137295818894,-75.56185116260212,-75.56202649196445,-75.56220080924176,-75.56236753474916,-75.56252037536065,-75.56265356204896,-75.56276206764149,-75.56284179657303,-75.5628897394729,-75.56290408675144,-75.56288779446716,,,,,,,,,,667ecf2f5002e5c1cb2c5ff7,667ecf2f5002e5c1cb2c5ff8,667ecf2f5002e5c1cb2c5ff9,667ecf2f5002e5c1cb2c5ffa,667ecf2f5002e5c1cb2c5ffb,667ecf2f5002e5c1cb2c5ffc,667ecf2f5002e5c1cb2c5ffd,667ecf2f5002e5c1cb2c5ffe,667ecf2f5002e5c1cb2c5fff,667ecf2f5002e5c1cb2c6000,667ecf2f5002e5c1cb2c6001,667ecf2f5002e5c1cb2c6002,667ecf2f5002e5c1cb2c6003,667ecf2f5002e5c1cb2c6004,667ecf2f5002e5c1cb2c6005,667ecf2f5002e5c1cb2c6006,667ecf2f5002e5c1cb2c6007,667ecf2f5002e5c1cb2c6008,667ecf2f5002e5c1cb2c6009,667ecf2f5002e5c1cb2c600a,667ecf2f5002e5c1cb2c600b,667ecf2f5002e5c1cb2c600c,667ecf2f5002e5c1cb2c600d,667ecf2f5002e5c1cb2c600e,667ecf2f5002e5c1cb2c600f,667ecf2f5002e5c1cb2c6010,667ecf2f5002e5c1cb2c6011,667ecf2f5002e5c1cb2c6012,667ecf2f5002e5c1cb2c6013,667ecf2f5002e5c1cb2c6014,667ecf2f5002e5c1cb2c6015,667ecf2f5002e5c1cb2c6016,667ecf2f5002e5c1cb2c6017,667ecf2f5002e5c1cb2c6018,667ecf2f5002e5c1cb2c6019,667ecf2f5002e5c1cb2c601a,667ecf2f5002e5c1cb2c601b,667ecf2f5002e5c1cb2c601c,667ecf2f5002e5c1cb2c601d,667ecf2f5002e5c1cb2c601e,667ecf2f5002e5c1cb2c601f,667ecf2f5002e5c1cb2c6020,667ecf2f5002e5c1cb2c6021,667ecf2f5002e5c1cb2c6022,667ecf2f5002e5c1cb2c6023,667ecf2f5002e5c1cb2c6024,667ecf2f5002e5c1cb2c6025,667ecf2f5002e5c1cb2c6026,667ecf2f5002e5c1cb2c6027,667ecf2f5002e5c1cb2c6028,667ecf2f5002e5c1cb2c6029,667ecf2f5002e5c1cb2c602a,,,,,,,,,,1
667e5501cb4b99a0554c6714,Dentro de Investigacion Canina Solla - CES,6.14279128935173,6.143308596039641,6.143809042424147,6.143401627157494,6.14279128935173,,,,,,,,,,,,,,-75.56289710677846,-75.56268918157458,-75.56349457239472,-75.56384023950805,-75.56289710677846,,,,,,,,,,,,,,667e5501cb4b99a0554c6715,667e5501cb4b99a0554c6716,667e5501cb4b99a0554c6717,667e5501cb4b99a0554c6718,667e5501cb4b99a0554c6719,,,,,,,,,,,,,,667a4a900cc99ae2fa6ed6c1,6.142037562099178,6.141956319780539,6.141907181308321,6.141892036007278,6.14191146619887,6.1419647248119285,6.142049764106366,6.1421633144056065,6.1423010098107955,6.142457556063475,6.142974862427039,6.143146465506583,6.143324462604647,6.143501833997417,6.143671584630283,6.143827019984623,6.143962010093212,6.144071231291988,6.144571678393505,6.144652448887311,6.144698211473857,6.144707066644628,6.144678646840093,6.144614131706555,6.1445161991307975,6.1443889140851455,6.143981498374675,6.143842586304847,6.143688088040155,6.143523464508377,6.143354534521912,6.143187269104317,6.143027580437528,6.142881112889673,6.142753043509756,6.142647899040792,6.142037562099178,,,,,,,,,,,,,,,,,,,,,,,,,-75.56339052315646,-75.5632331059716,-75.56306276995451,-75.56288606435608,-75.56270978332755,-75.56254070469619,-75.56238532936835,-75.56224963137929,-75.56213882819907,-75.5620571801262,-75.5618492542365,-75.56179948739147,-75.56178480765978,-75.56180579400534,-75.56186161881746,-75.56195008054416,-75.56206769051111,-75.56220981050267,-75.563015202026,-75.5631806108184,-75.56335905149248,-75.5635431173543,-75.56372516821678,-75.56389764753254,-75.56405339605458,-75.56418594900482,-75.56453161596554,-75.56462856046478,-75.56469764079567,-75.56473641525548,-75.56474351334371,-75.56471868420026,-75.56466280546812,-75.56457785226803,-75.56446682738239,-75.56433365511639,-75.56339052315646,,,,,,,,,,,,,,,,,,,,,,,,,667ecf2f5002e5c1cb2c6036,667ecf2f5002e5c1cb2c6037,667ecf2f5002e5c1cb2c6038,667ecf2f5002e5c1cb2c6039,667ecf2f5002e5c1cb2c603a,667ecf2f5002e5c1cb2c603b,667ecf2f5002e5c1cb2c603c,667ecf2f5002e5c1cb2c603d,667ecf2f5002e5c1cb2c603e,667ecf2f5002e5c1cb2c603f,667ecf2f5002e5c1cb2c6040,667ecf2f5002e5c1cb2c6041,667ecf2f5002e5c1cb2c6042,667ecf2f5002e5c1cb2c6043,667ecf2f5002e5c1cb2c6044,667ecf2f5002e5c1cb2c6045,667ecf2f5002e5c1cb2c6046,667ecf2f5002e5c1cb2c6047,667ecf2f5002e5c1cb2c6048,667ecf2f5002e5c1cb2c6049,667ecf2f5002e5c1cb2c604a,667ecf2f5002e5c1cb2c604b,667ecf2f5002e5c1cb2c604c,667ecf2f5002e5c1cb2c604d,667ecf2f5002e5c1cb2c604e,667ecf2f5002e5c1cb2c604f,667ecf2f5002e5c1cb2c6050,667ecf2f5002e5c1cb2c6051,667ecf2f5002e5c1cb2c6052,667ecf2f5002e5c1cb2c6053,667ecf2f5002e5c1cb2c6054,667ecf2f5002e5c1cb2c6055,667ecf2f5002e5c1cb2c6056,667ecf2f5002e5c1cb2c6057,667ecf2f5002e5c1cb2c6058,667ecf2f5002e5c1cb2c6059,667ecf2f5002e5c1cb2c605a,,,,,,,,,,,,,,,,,,,,,,,,,1
667e550acb4b99a0554c6720,Parroquia Santiago de Apostol,6.149195365867061,6.149270323987423,6.149475298474402,6.149338342629695,6.149195365867061,,,,,,,,,,,,,,-75.5772682169668,-75.57704021769632,-75.57712749967703,-75.57742182189355,-75.5772682169668,,,,,,,,,,,,,,667e550acb4b99a0554c6721,667e550acb4b99a0554c6722,667e550acb4b99a0554c6723,667e550acb4b99a0554c6724,667e550acb4b99a0554c6725,,,,,,,,,,,,,,667a50110cc99ae2fa6ed6de,6.148670153748873,6.148577578406937,6.148513282277841,6.148480208508208,6.148479871044965,6.148512285335439,6.148587243359526,6.1486480645647585,6.148735324064414,6.148845314422235,6.148973362422514,6.1491140276218,6.149261333498533,6.1494090213799435,6.149550816357649,6.149755790952736,6.1498824202509645,6.149992655806357,6.150082058706109,6.150147028914867,6.150184950240655,6.150194295683661,6.150174688925508,6.150126919482875,6.149989963470346,6.149918460888649,6.149824937642719,6.149712943781964,6.14958673047953,6.149451088660942,6.149311167144626,6.149172277197677,6.149039690925861,6.148918441150736,6.148813130370304,6.148670153748873,,,,,,,,,,,,,,,,,,,,,,,,,,-75.57776276288179,-75.57763907266074,-75.5774984065674,-75.57734720357807,-75.57719238498859,-75.5770410375964,-75.57681303858676,-75.57667700401693,-75.57655640147733,-75.57645635507473,-75.57638111554483,-75.57633387964837,-75.57631665434617,-75.57633017152482,-75.57637385689642,-75.5764611386663,-75.57653088074488,-75.57662464718288,-75.57673866225164,-75.57686833485312,-75.57700844339234,-75.5771533460399,-75.57729720791694,-75.57743423605447,-75.57772855855265,-75.57784981994233,-75.57795483494746,-75.57803961731243,-75.57810094879838,-75.57813650134334,-75.57814492543065,-75.5781259013125,-75.57808015114392,-75.57800941156749,-75.57791636778981,-75.57776276288179,,,,,,,,,,,,,,,,,,,,,,,,,,667ecf2f5002e5c1cb2c6067,667ecf2f5002e5c1cb2c6068,667ecf2f5002e5c1cb2c6069,667ecf2f5002e5c1cb2c606a,667ecf2f5002e5c1cb2c606b,667ecf2f5002e5c1cb2c606c,667ecf2f5002e5c1cb2c606d,667ecf2f5002e5c1cb2c606e,667ecf2f5002e5c1cb2c606f,667ecf2f5002e5c1cb2c6070,667ecf2f5002e5c1cb2c6071,667ecf2f5002e5c1cb2c6072,667ecf2f5002e5c1cb2c6073,667ecf2f5002e5c1cb2c6074,667ecf2f5002e5c1cb2c6075,667ecf2f5002e5c1cb2c6076,667ecf2f5002e5c1cb2c6077,667ecf2f5002e5c1cb2c6078,667ecf2f5002e5c1cb2c6079,667ecf2f5002e5c1cb2c607a,667ecf2f5002e5c1cb2c607b,667ecf2f5002e5c1cb2c607c,667ecf2f5002e5c1cb2c607d,667ecf2f5002e5c1cb2c607e,667ecf2f5002e5c1cb2c607f,667ecf2f5002e5c1cb2c6080,667ecf2f5002e5c1cb2c6081,667ecf2f5002e5c1cb2c6082,667ecf2f5002e5c1cb2c6083,667ecf2f5002e5c1cb2c6084,667ecf2f5002e5c1cb2c6085,667ecf2f5002e5c1cb2c6086,667ecf2f5002e5c1cb2c6087,667ecf2f5002e5c1cb2c6088,667ecf2f5002e5c1cb2c6089,667ecf2f5002e5c1cb2c608a,,,,,,,,,,,,,,,,,,,,,,,,,,1
667e5513cb4b99a0554c672c,Cancha del Centro de Ecnuentro Ciudadano,6.149608540242057,6.149465436756196,6.149502787144566,6.14993999129654,6.149853350550901,6.149608540242057,,,,,,,,,,,,,-75.57803180153785,-75.57775905321292,-75.57774755907073,-75.57799082870335,-75.5781695017364,-75.57803180153785,,,,,,,,,,,,,667e5513cb4b99a0554c672d,667e5513cb4b99a0554c672e,667e5513cb4b99a0554c672f,667e5513cb4b99a0554c6730,667e5513cb4b99a0554c6731,667e5513cb4b99a0554c6732,,,,,,,,,,,,,667a4aaf0cc99ae2fa6ed6c3,6.149169582847547,6.149028025210447,6.148907751730228,6.148813172131349,6.14867006885952,6.148603687718509,6.148570135875978,6.1485706915228,6.148605333491054,6.1486727420604375,6.148770349233588,6.148894436565201,6.149040276818278,6.149202314051299,6.149239664421185,6.149416258271757,6.1495963210095175,6.149772634094721,6.149938129300534,6.15037533381043,6.15051605376304,6.150636060481838,6.150731038922162,6.150797573971412,6.150833273246784,6.1508368531187045,6.1508081848666345,6.15074829930751,6.150661658430165,6.150565379728612,6.150439754319954,6.150289959944176,6.15012217047759,6.1499433014702145,6.1497607251153035,6.149581966399092,6.149414392954302,6.149169582847547,,,,,,,,,,,,,,,,,,,,,,,,-75.57882126035555,-75.57872263854547,-75.5785986877779,-75.57845395261734,-75.57818120458676,-75.57801776866386,-75.57784447671713,-75.57766793047723,-75.57749485564841,-75.5773318456901,-75.57718511063581,-75.57706024051818,-75.57696199241204,-75.57689410920794,-75.5768826150107,-75.57684723047855,-75.57684793922449,-75.57688471287176,-75.57695607723387,-75.57719934641489,-75.57729623030426,-75.57741808964619,-75.57756054279704,-75.5777184676192,-75.57788618565716,-75.57805766631833,-75.57822674371644,-75.57838733838004,-75.5785660116201,-75.57872203748062,-75.57885529018203,-75.57896027763799,-75.57903267274493,-75.57906949172414,-75.57906921709552,-75.57903186021568,-75.57895896080385,-75.57882126035555,,,,,,,,,,,,,,,,,,,,,,,,667ecf2f5002e5c1cb2c609a,667ecf2f5002e5c1cb2c609b,667ecf2f5002e5c1cb2c609c,667ecf2f5002e5c1cb2c609d,667ecf2f5002e5c1cb2c609e,667ecf2f5002e5c1cb2c609f,667ecf2f5002e5c1cb2c60a0,667ecf2f5002e5c1cb2c60a1,667ecf2f5002e5c1cb2c60a2,667ecf2f5002e5c1cb2c60a3,667ecf2f5002e5c1cb2c60a4,667ecf2f5002e5c1cb2c60a5,667ecf2f5002e5c1cb2c60a6,667ecf2f5002e5c1cb2c60a7,667ecf2f5002e5c1cb2c60a8,667ecf2f5002e5c1cb2c60a9,667ecf2f5002e5c1cb2c60aa,667ecf2f5002e5c1cb2c60ab,667ecf2f5002e5c1cb2c60ac,667ecf2f5002e5c1cb2c60ad,667ecf2f5002e5c1cb2c60ae,667ecf2f5002e5c1cb2c60af,667ecf2f5002e5c1cb2c60b0,667ecf2f5002e5c1cb2c60b1,667ecf2f5002e5c1cb2c60b2,667ecf2f5002e5c1cb2c60b3,667ecf2f5002e5c1cb2c60b4,667ecf2f5002e5c1cb2c60b5,667ecf2f5002e5c1cb2c60b6,667ecf2f5002e5c1cb2c60b7,667ecf2f5002e5c1cb2c60b8,667ecf2f5002e5c1cb2c60b9,667ecf2f5002e5c1cb2c60ba,667ecf2f5002e5c1cb2c60bb,667ecf2f5002e5c1cb2c60bc,667ecf2f5002e5c1cb2c60bd,667ecf2f5002e5c1cb2c60be,667ecf2f5002e5c1cb2c60bf,,,,,,,,,,,,,,,,,,,,,,,,1
667e551ccb4b99a0554c673a,Institucion Educativa El Salado,6.153106417486804,6.153190680726373,6.152961024635591,6.152593622069398,6.152455017354043,6.153115559397337,6.153298422592414,6.153244278510148,6.153326173049544,6.153444243059834,6.153106417486804,,,,,,,,-75.57817754310223,-75.57801898664172,-75.57778714802907,-75.57776616595181,-75.57726123920695,-75.5772880889633,-75.57741234921892,-75.57759904201707,-75.57775666324653,-75.57862657598814,-75.57817754310223,,,,,,,,667e551ccb4b99a0554c673b,667e551ccb4b99a0554c673c,667e551ccb4b99a0554c673d,667e551ccb4b99a0554c673e,667e551ccb4b99a0554c673f,667e551ccb4b99a0554c6740,667e551ccb4b99a0554c6741,667e551ccb4b99a0554c6742,667e551ccb4b99a0554c6743,667e551ccb4b99a0554c6744,667e551ccb4b99a0554c6745,,,,,,,,667a4a900cc99ae2fa6ed6c1,6.152389274035363,6.152331138033773,6.152185035446951,6.152028788509261,6.151896762164505,6.1517946178077665,6.151726735467769,6.151588130978492,6.151558669438474,6.151560814352104,6.151594490087042,6.151658509194643,6.151750614280267,6.1518675576007835,6.152005215582727,6.152158734223303,6.152322700247489,6.1524913319862575,6.1531518740746165,6.153316189049973,6.15347368711182,6.153619016829166,6.153801880197462,6.153946208638014,6.1540620542963165,6.154144323488302,6.154189398870776,6.1541952984966475,6.154189542674274,6.154217228882144,6.154335299090381,6.154341569948599,6.154311253795996,6.154245586727261,6.154147246215834,6.154020241942545,6.153869752305123,6.153701913275006,6.153523568210985,6.153341988830986,6.153164578719278,6.152998571458214,6.152850735692688,6.152727099152566,6.152389274035363,,,,,,,,,,,,,,,,,-75.57872334942758,-75.57862859285862,-75.57857195247398,-75.57847003425367,-75.57833793358746,-75.57818131507752,-75.57800689465822,-75.57750196867407,-75.57733472078844,-75.5771648818504,-75.57699844059324,-75.57684126594567,-75.57669890008869,-75.57657636303337,-75.5764779756099,-75.57640720710903,-75.57636655294858,-75.57635744667877,-75.5763842953137,-75.57640635362934,-75.5764583713214,-75.5765385809709,-75.57666284108632,-75.57678491480891,-75.57693457654537,-75.57710524574877,-75.577289418171,-75.57747899582442,-75.57751103077491,-75.57763431690249,-75.57850423107553,-75.57868676907798,-75.57886685279917,-75.5790371396022,-75.57919068631026,-75.57932123230685,-75.5794234548043,-75.57949318587114,-75.57952758237019,-75.57952524187826,-75.57948625986191,-75.5794122257791,-75.57930615826622,-75.5791723820545,-75.57872334942758,,,,,,,,,,,,,,,,,667ecf2f5002e5c1cb2c60d9,667ecf2f5002e5c1cb2c60da,667ecf2f5002e5c1cb2c60db,667ecf2f5002e5c1cb2c60dc,667ecf2f5002e5c1cb2c60dd,667ecf2f5002e5c1cb2c60de,667ecf2f5002e5c1cb2c60df,667ecf2f5002e5c1cb2c60e0,667ecf2f5002e5c1cb2c60e1,667ecf2f5002e5c1cb2c60e2,667ecf2f5002e5c1cb2c60e3,667ecf2f5002e5c1cb2c60e4,667ecf2f5002e5c1cb2c60e5,667ecf2f5002e5c1cb2c60e6,667ecf2f5002e5c1cb2c60e7,667ecf2f5002e5c1cb2c60e8,667ecf2f5002e5c1cb2c60e9,667ecf2f5002e5c1cb2c60ea,667ecf2f5002e5c1cb2c60eb,667ecf2f5002e5c1cb2c60ec,667ecf2f5002e5c1cb2c60ed,667ecf2f5002e5c1cb2c60ee,667ecf2f5002e5c1cb2c60ef,667ecf2f5002e5c1cb2c60f0,667ecf2f5002e5c1cb2c60f1,667ecf2f5002e5c1cb2c60f2,667ecf2f5002e5c1cb2c60f3,667ecf2f5002e5c1cb2c60f4,667ecf2f5002e5c1cb2c60f5,667ecf2f5002e5c1cb2c60f6,667ecf2f5002e5c1cb2c60f7,667ecf2f5002e5c1cb2c60f8,667ecf2f5002e5c1cb2c60f9,667ecf2f5002e5c1cb2c60fa,667ecf2f5002e5c1cb2c60fb,667ecf2f5002e5c1cb2c60fc,667ecf2f5002e5c1cb2c60fd,667ecf2f5002e5c1cb2c60fe,667ecf2f5002e5c1cb2c60ff,667ecf2f5002e5c1cb2c6100,667ecf2f5002e5c1cb2c6101,667ecf2f5002e5c1cb2c6102,667ecf2f5002e5c1cb2c6103,667ecf2f5002e5c1cb2c6104,667ecf2f5002e5c1cb2c6105,,,,,,,,,,,,,,,,,1
667e552bcb4b99a0554c6752,Institucion educativa el Salado 2,6.153852731054871,6.15363385583174,6.153513313410384,6.1534718689707,6.153771348520589,6.154215962247577,6.153852731054871,,,,,,,,,,,,-75.57891964730189,-75.57882512257471,-75.57867022529105,-75.57781782837738,-75.57799037146347,-75.57867157575674,-75.57891964730189,,,,,,,,,,,,667e552bcb4b99a0554c6753,667e552bcb4b99a0554c6754,667e552bcb4b99a0554c6755,667e552bcb4b99a0554c6756,667e552bcb4b99a0554c6757,667e552bcb4b99a0554c6758,667e552bcb4b99a0554c6759,,,,,,,,,,,,667a4a900cc99ae2fa6ed6c1,6.154357929546898,6.1541997019747825,6.154027584375486,6.153848467022224,6.153669520397843,6.153497908143376,6.153279033066403,6.153146579528715,6.153027690016038,6.152925673975388,6.152805131714666,6.1527070883861965,6.152642835642112,6.152615066440883,6.152573622071258,6.1525820731244885,6.15262409052829,6.152698089237738,6.152801277759156,6.1529297634537565,6.153078699380089,6.153242467136238,6.15341488880463,6.1535894600044365,6.153759595260217,6.153918876430678,6.1542183562324695,6.154387669080756,6.154523146737046,6.154967761093075,6.155048939819945,6.155098738218836,6.155115280254441,6.155097942745105,6.155047378840053,6.15496549341319,6.154855371300533,6.154721161084922,6.154357929546898,,,,,,,,,,,,,,,,,,,,,,,-75.57966797025587,-75.57975414796536,-75.57980691863023,-75.57982416974937,-75.5798052107563,-75.57975080065842,-75.57965627565204,-75.5795853724059,-75.57949330659196,-75.5793826409973,-75.57922774379361,-75.57907100415433,-75.57889746708419,-75.57871440586672,-75.57786201039029,-75.57768653286035,-75.57751600826062,-75.57735686938341,-75.57721511951729,-75.57709610598397,-75.57700431841884,-75.57694321940495,-75.57691511384921,-75.57692106202897,-75.5769608395898,-75.57703294600397,-75.57720548879284,-75.57733165090306,-75.57749397601498,-75.57817518085668,-75.57833060384341,-75.57849887212787,-75.57867364660845,-75.57884834307464,-75.57901638025496,-75.57917142775423,-75.57930764453907,-75.57941989898643,-75.57966797025587,,,,,,,,,,,,,,,,,,,,,,,667ecf2f5002e5c1cb2c6115,667ecf2f5002e5c1cb2c6116,667ecf2f5002e5c1cb2c6117,667ecf2f5002e5c1cb2c6118,667ecf2f5002e5c1cb2c6119,667ecf2f5002e5c1cb2c611a,667ecf2f5002e5c1cb2c611b,667ecf2f5002e5c1cb2c611c,667ecf2f5002e5c1cb2c611d,667ecf2f5002e5c1cb2c611e,667ecf2f5002e5c1cb2c611f,667ecf2f5002e5c1cb2c6120,667ecf2f5002e5c1cb2c6121,667ecf2f5002e5c1cb2c6122,667ecf2f5002e5c1cb2c6123,667ecf2f5002e5c1cb2c6124,667ecf2f5002e5c1cb2c6125,667ecf2f5002e5c1cb2c6126,667ecf2f5002e5c1cb2c6127,667ecf2f5002e5c1cb2c6128,667ecf2f5002e5c1cb2c6129,667ecf2f5002e5c1cb2c612a,667ecf2f5002e5c1cb2c612b,667ecf2f5002e5c1cb2c612c,667ecf2f5002e5c1cb2c612d,667ecf2f5002e5c1cb2c612e,667ecf2f5002e5c1cb2c612f,667ecf2f5002e5c1cb2c6130,667ecf2f5002e5c1cb2c6131,667ecf2f5002e5c1cb2c6132,667ecf2f5002e5c1cb2c6133,667ecf2f5002e5c1cb2c6134,667ecf2f5002e5c1cb2c6135,667ecf2f5002e5c1cb2c6136,667ecf2f5002e5c1cb2c6137,667ecf2f5002e5c1cb2c6138,667ecf2f5002e5c1cb2c6139,667ecf2f5002e5c1cb2c613a,667ecf2f5002e5c1cb2c613b,,,,,,,,,,,,,,,,,,,,,,,1
667e5536cb4b99a0554c6762,Casa de justicia de Envigado,6.152198405791331,6.152030521001004,6.151685291925692,6.151867966211552,6.152180972305929,6.152280491925744,6.152198405791331,,,,,,,,,,,,-75.57775708046849,-75.57755934526811,-75.57751487557216,-75.57715094562789,-75.57742791466278,-75.5777124662537,-75.57775708046849,,,,,,,,,,,,667e5536cb4b99a0554c6763,667e5536cb4b99a0554c6764,667e5536cb4b99a0554c6765,667e5536cb4b99a0554c6766,667e5536cb4b99a0554c6767,667e5536cb4b99a0554c6768,667e5536cb4b99a0554c6769,,,,,,,,,,,,667a50320cc99ae2fa6ed6e0,6.152540437845514,6.152411856559511,6.152275250158177,6.152135754649328,6.151998614658884,6.151868986248134,6.15175174306139,6.151666800286098,6.151593896931287,6.151460018789806,6.151334341979284,6.151221441896237,6.151125428784243,6.151049798097304,6.150997303245402,6.150969855354873,6.150968453692747,6.1509931492878875,6.151043043073256,6.151225717138416,6.151304165719153,6.151405712664478,6.151526197702457,6.151660684684298,6.151803663811977,6.1519492773681685,6.152091559700757,6.1522246816300905,6.152343189265844,6.152656195640052,6.152740885635844,6.152809368541752,6.15285966206614,6.152959181813023,6.152993275367688,6.152998398688614,6.152974343543973,6.152922087629016,6.152843754828249,6.152742528891516,6.152622524032745,6.152540437845514,,,,,,,,,,,,,,,,,,,,-75.57839370167434,-75.57844812392452,-75.57847656491825,-75.57847795537616,-75.57845224304212,-75.5784003946448,-75.57832435954855,-75.57824202710671,-75.57823263617598,-75.57820211114681,-75.5781465665747,-75.57806802463506,-75.57796934474153,-75.57785411944478,-75.57772654364183,-75.57759126185726,-75.57745319915625,-75.57731738184468,-75.57718875448387,-75.57682482486723,-75.57670142731477,-75.57659644605133,-75.57651418206085,-75.57645800563131,-75.57643021827555,-75.57643195843788,-75.57646315484935,-75.5765225294438,-75.5766076497154,-75.57688461867797,-75.5769735071438,-75.57707554879059,-75.57718778994698,-75.57747234185626,-75.57761413935981,-75.5777599332534,-75.57790379790218,-75.57803988608426,-75.57816266664739,-75.57826714931859,-75.57834908752918,-75.57839370167434,,,,,,,,,,,,,,,,,,,,667ecf2f5002e5c1cb2c614b,667ecf2f5002e5c1cb2c614c,667ecf2f5002e5c1cb2c614d,667ecf2f5002e5c1cb2c614e,667ecf2f5002e5c1cb2c614f,667ecf2f5002e5c1cb2c6150,667ecf2f5002e5c1cb2c6151,667ecf2f5002e5c1cb2c6152,667ecf2f5002e5c1cb2c6153,667ecf2f5002e5c1cb2c6154,667ecf2f5002e5c1cb2c6155,667ecf2f5002e5c1cb2c6156,667ecf2f5002e5c1cb2c6157,667ecf2f5002e5c1cb2c6158,667ecf2f5002e5c1cb2c6159,667ecf2f5002e5c1cb2c615a,667ecf2f5002e5c1cb2c615b,667ecf2f5002e5c1cb2c615c,667ecf2f5002e5c1cb2c615d,667ecf2f5002e5c1cb2c615e,667ecf2f5002e5c1cb2c615f,667ecf2f5002e5c1cb2c6160,667ecf2f5002e5c1cb2c6161,667ecf2f5002e5c1cb2c6162,667ecf2f5002e5c1cb2c6163,667ecf2f5002e5c1cb2c6164,667ecf2f5002e5c1cb2c6165,667ecf2f5002e5c1cb2c6166,667ecf2f5002e5c1cb2c6167,667ecf2f5002e5c1cb2c6168,667ecf2f5002e5c1cb2c6169,667ecf2f5002e5c1cb2c616a,667ecf2f5002e5c1cb2c616b,667ecf2f5002e5c1cb2c616c,667ecf2f5002e5c1cb2c616d,667ecf2f5002e5c1cb2c616e,667ecf2f5002e5c1cb2c616f,667ecf2f5002e5c1cb2c6170,667ecf2f5002e5c1cb2c6171,667ecf2f5002e5c1cb2c6172,667ecf2f5002e5c1cb2c6173,667ecf2f5002e5c1cb2c6174,,,,,,,,,,,,,,,,,,,,1
667e5544cb4b99a0554c6772,Skate Park el Salado,6.140290616436345,6.140571433245638,6.140563623517671,6.140240306734039,6.140290616436345,,,,,,,,,,,,,,-75.57250070590293,-75.57250992362431,-75.57273178233719,-75.57267751111472,-75.57250070590293,,,,,,,,,,,,,,667e5544cb4b99a0554c6773,667e5544cb4b99a0554c6774,667e5544cb4b99a0554c6775,667e5544cb4b99a0554c6776,667e5544cb4b99a0554c6777,,,,,,,,,,,,,,667a4aaf0cc99ae2fa6ed6c3,6.139426007144612,6.139487989677763,6.139578630041874,6.139694691927359,6.139832031348122,6.139985744600857,6.1401503433502285,6.140319950588779,6.140600767413523,6.140775861797718,6.140943072541913,6.141095951253938,6.1412286022434595,6.14133590988799,6.141413735916358,6.141459079001148,6.141470190505137,6.141462380763989,6.141440402875333,6.1413872067836435,6.1413046865704795,6.141195780420767,6.141064366005499,6.140915122413293,6.140753363547092,6.140584848918293,6.1404155785753405,6.140092261881599,6.139929820025222,6.139778218954527,6.1396427518708245,6.139528148648177,6.139438410689861,6.139376671219782,6.1393450858865135,6.13934475749934,6.139375697523977,6.139426007144612,,,,,,,,,,,,,,,,,,,,,,,,-75.57225183562934,-75.57209269636617,-75.57194812505908,-75.57182328362786,-75.5717226295462,-75.57164975668745,-75.57160726700361,-75.57159667761974,-75.57160589486496,-75.57162909222414,-75.57168625835544,-75.57177518870841,-75.57189245375446,-75.57203353124191,-75.57219298059336,-75.57236465271953,-75.5725419271585,-75.57276378624533,-75.5729330248052,-75.5730950979946,-75.57324423509488,-75.57337512599139,-75.5734831102451,-75.57356434303044,-75.57361593203132,-75.57363604042115,-75.57362395226042,-75.57356968051144,-75.57352640408608,-75.57345348827054,-75.5733534789685,-75.57322986805399,-75.57308697145,-75.57292977843663,-75.57276377745005,-75.5725947644545,-75.57242864057763,-75.57225183562934,,,,,,,,,,,,,,,,,,,,,,,,667ecf2f5002e5c1cb2c6180,667ecf2f5002e5c1cb2c6181,667ecf2f5002e5c1cb2c6182,667ecf2f5002e5c1cb2c6183,667ecf2f5002e5c1cb2c6184,667ecf2f5002e5c1cb2c6185,667ecf2f5002e5c1cb2c6186,667ecf2f5002e5c1cb2c6187,667ecf2f5002e5c1cb2c6188,667ecf2f5002e5c1cb2c6189,667ecf2f5002e5c1cb2c618a,667ecf2f5002e5c1cb2c618b,667ecf2f5002e5c1cb2c618c,667ecf2f5002e5c1cb2c618d,667ecf2f5002e5c1cb2c618e,667ecf2f5002e5c1cb2c618f,667ecf2f5002e5c1cb2c6190,667ecf2f5002e5c1cb2c6191,667ecf2f5002e5c1cb2c6192,667ecf2f5002e5c1cb2c6193,667ecf2f5002e5c1cb2c6194,667ecf2f5002e5c1cb2c6195,667ecf2f5002e5c1cb2c6196,667ecf2f5002e5c1cb2c6197,667ecf2f5002e5c1cb2c6198,667ecf2f5002e5c1cb2c6199,667ecf2f5002e5c1cb2c619a,667ecf2f5002e5c1cb2c619b,667ecf2f5002e5c1cb2c619c,667ecf2f5002e5c1cb2c619d,667ecf2f5002e5c1cb2c619e,667ecf2f5002e5c1cb2c619f,667ecf2f5002e5c1cb2c61a0,667ecf2f5002e5c1cb2c61a1,667ecf2f5002e5c1cb2c61a2,667ecf2f5002e5c1cb2c61a3,667ecf2f5002e5c1cb2c61a4,667ecf2f5002e5c1cb2c61a5,,,,,,,,,,,,,,,,,,,,,,,,1
