_id;name;coordinates[0].lat;coordinates[1].lat;coordinates[2].lat;coordinates[3].lat;coordinates[4].lat;coordinates[5].lat;coordinates[6].lat;coordinates[7].lat;coordinates[8].lat;coordinates[9].lat;coordinates[10].lat;coordinates[11].lat;coordinates[12].lat;coordinates[13].lat;coordinates[14].lat;coordinates[15].lat;coordinates[16].lat;coordinates[17].lat;coordinates[0].lng;coordinates[1].lng;coordinates[2].lng;coordinates[3].lng;coordinates[4].lng;coordinates[5].lng;coordinates[6].lng;coordinates[7].lng;coordinates[8].lng;coordinates[9].lng;coordinates[10].lng;coordinates[11].lng;coordinates[12].lng;coordinates[13].lng;coordinates[14].lng;coordinates[15].lng;coordinates[16].lng;coordinates[17].lng;coordinates[0]._id;coordinates[1]._id;coordinates[2]._id;coordinates[3]._id;coordinates[4]._id;coordinates[5]._id;coordinates[6]._id;coordinates[7]._id;coordinates[8]._id;coordinates[9]._id;coordinates[10]._id;coordinates[11]._id;coordinates[12]._id;coordinates[13]._id;coordinates[14]._id;coordinates[15]._id;coordinates[16]._id;coordinates[17]._id;restrictionId;coordinatesrestriction[0].lat;coordinatesrestriction[1].lat;coordinatesrestriction[2].lat;coordinatesrestriction[3].lat;coordinatesrestriction[4].lat;coordinatesrestriction[5].lat;coordinatesrestriction[6].lat;coordinatesrestriction[7].lat;coordinatesrestriction[8].lat;coordinatesrestriction[9].lat;coordinatesrestriction[10].lat;coordinatesrestriction[11].lat;coordinatesrestriction[12].lat;coordinatesrestriction[13].lat;coordinatesrestriction[14].lat;coordinatesrestriction[15].lat;coordinatesrestriction[16].lat;coordinatesrestriction[17].lat;coordinatesrestriction[18].lat;coordinatesrestriction[19].lat;coordinatesrestriction[20].lat;coordinatesrestriction[21].lat;coordinatesrestriction[22].lat;coordinatesrestriction[23].lat;coordinatesrestriction[24].lat;coordinatesrestriction[25].lat;coordinatesrestriction[26].lat;coordinatesrestriction[27].lat;coordinatesrestriction[28].lat;coordinatesrestriction[29].lat;coordinatesrestriction[30].lat;coordinatesrestriction[31].lat;coordinatesrestriction[32].lat;coordinatesrestriction[33].lat;coordinatesrestriction[34].lat;coordinatesrestriction[35].lat;coordinatesrestriction[36].lat;coordinatesrestriction[37].lat;coordinatesrestriction[38].lat;coordinatesrestriction[39].lat;coordinatesrestriction[40].lat;coordinatesrestriction[41].lat;coordinatesrestriction[42].lat;coordinatesrestriction[43].lat;coordinatesrestriction[44].lat;coordinatesrestriction[45].lat;coordinatesrestriction[46].lat;coordinatesrestriction[47].lat;coordinatesrestriction[48].lat;coordinatesrestriction[49].lat;coordinatesrestriction[50].lat;coordinatesrestriction[51].lat;coordinatesrestriction[52].lat;coordinatesrestriction[53].lat;coordinatesrestriction[54].lat;coordinatesrestriction[55].lat;coordinatesrestriction[56].lat;coordinatesrestriction[57].lat;coordinatesrestriction[58].lat;coordinatesrestriction[59].lat;coordinatesrestriction[60].lat;coordinatesrestriction[0].lng;coordinatesrestriction[1].lng;coordinatesrestriction[2].lng;coordinatesrestriction[3].lng;coordinatesrestriction[4].lng;coordinatesrestriction[5].lng;coordinatesrestriction[6].lng;coordinatesrestriction[7].lng;coordinatesrestriction[8].lng;coordinatesrestriction[9].lng;coordinatesrestriction[10].lng;coordinatesrestriction[11].lng;coordinatesrestriction[12].lng;coordinatesrestriction[13].lng;coordinatesrestriction[14].lng;coordinatesrestriction[15].lng;coordinatesrestriction[16].lng;coordinatesrestriction[17].lng;coordinatesrestriction[18].lng;coordinatesrestriction[19].lng;coordinatesrestriction[20].lng;coordinatesrestriction[21].lng;coordinatesrestriction[22].lng;coordinatesrestriction[23].lng;coordinatesrestriction[24].lng;coordinatesrestriction[25].lng;coordinatesrestriction[26].lng;coordinatesrestriction[27].lng;coordinatesrestriction[28].lng;coordinatesrestriction[29].lng;coordinatesrestriction[30].lng;coordinatesrestriction[31].lng;coordinatesrestriction[32].lng;coordinatesrestriction[33].lng;coordinatesrestriction[34].lng;coordinatesrestriction[35].lng;coordinatesrestriction[36].lng;coordinatesrestriction[37].lng;coordinatesrestriction[38].lng;coordinatesrestriction[39].lng;coordinatesrestriction[40].lng;coordinatesrestriction[41].lng;coordinatesrestriction[42].lng;coordinatesrestriction[43].lng;coordinatesrestriction[44].lng;coordinatesrestriction[45].lng;coordinatesrestriction[46].lng;coordinatesrestriction[47].lng;coordinatesrestriction[48].lng;coordinatesrestriction[49].lng;coordinatesrestriction[50].lng;coordinatesrestriction[51].lng;coordinatesrestriction[52].lng;coordinatesrestriction[53].lng;coordinatesrestriction[54].lng;coordinatesrestriction[55].lng;coordinatesrestriction[56].lng;coordinatesrestriction[57].lng;coordinatesrestriction[58].lng;coordinatesrestriction[59].lng;coordinatesrestriction[60].lng;coordinatesrestriction[0]._id;coordinatesrestriction[1]._id;coordinatesrestriction[2]._id;coordinatesrestriction[3]._id;coordinatesrestriction[4]._id;coordinatesrestriction[5]._id;coordinatesrestriction[6]._id;coordinatesrestriction[7]._id;coordinatesrestriction[8]._id;coordinatesrestriction[9]._id;coordinatesrestriction[10]._id;coordinatesrestriction[11]._id;coordinatesrestriction[12]._id;coordinatesrestriction[13]._id;coordinatesrestriction[14]._id;coordinatesrestriction[15]._id;coordinatesrestriction[16]._id;coordinatesrestriction[17]._id;coordinatesrestriction[18]._id;coordinatesrestriction[19]._id;coordinatesrestriction[20]._id;coordinatesrestriction[21]._id;coordinatesrestriction[22]._id;coordinatesrestriction[23]._id;coordinatesrestriction[24]._id;coordinatesrestriction[25]._id;coordinatesrestriction[26]._id;coordinatesrestriction[27]._id;coordinatesrestriction[28]._id;coordinatesrestriction[29]._id;coordinatesrestriction[30]._id;coordinatesrestriction[31]._id;coordinatesrestriction[32]._id;coordinatesrestriction[33]._id;coordinatesrestriction[34]._id;coordinatesrestriction[35]._id;coordinatesrestriction[36]._id;coordinatesrestriction[37]._id;coordinatesrestriction[38]._id;coordinatesrestriction[39]._id;coordinatesrestriction[40]._id;coordinatesrestriction[41]._id;coordinatesrestriction[42]._id;coordinatesrestriction[43]._id;coordinatesrestriction[44]._id;coordinatesrestriction[45]._id;coordinatesrestriction[46]._id;coordinatesrestriction[47]._id;coordinatesrestriction[48]._id;coordinatesrestriction[49]._id;coordinatesrestriction[50]._id;coordinatesrestriction[51]._id;coordinatesrestriction[52]._id;coordinatesrestriction[53]._id;coordinatesrestriction[54]._id;coordinatesrestriction[55]._id;coordinatesrestriction[56]._id;coordinatesrestriction[57]._id;coordinatesrestriction[58]._id;coordinatesrestriction[59]._id;coordinatesrestriction[60]._id;useCustomRestriction;createdAt;updatedAt;isActive;siteTypeId
667e4793c132fbd2449c704c;Normal Superior de Envigado;6.16743241;6.167237005;6.166860522;6.166963828;6.166839254;6.166893945;6.166869617;6.167218895;6.167637392;6.167932856;6.16743241;;;;;;;;-75.58203256;-75.58206025;-75.58150364;-75.58145169;-75.58120109;-75.5811583;-75.58109717;-75.58098026;-75.58102798;-75.58118935;-75.58203256;;;;;;;;667e4793c132fbd2449c704d;667e4793c132fbd2449c704e;667e4793c132fbd2449c704f;667e4793c132fbd2449c7050;667e4793c132fbd2449c7051;667e4793c132fbd2449c7052;667e4793c132fbd2449c7053;667e4793c132fbd2449c7054;667e4793c132fbd2449c7055;667e4793c132fbd2449c7056;667e4793c132fbd2449c7057;;;;;;;;667a4a900cc99ae2fa6ed6c1;6.168204607;6.168110471;6.16799478;6.16786121;6.16771401;6.167557857;6.167362452;6.167196001;6.167030957;6.166872988;6.166727516;6.166599537;6.166493444;6.166116962;6.166035023;6.165982606;6.165961586;6.165968684;6.165942215;6.165946945;6.165985914;6.165992899;6.165994108;6.166053827;6.166147308;6.166270681;6.166418841;6.166585656;6.166934934;6.167125365;6.167320186;6.167738682;6.167907589;6.168066535;6.168362;6.168511451;6.168637502;6.168735058;6.168800171;6.168830209;6.168823958;6.168781669;6.168705053;6.168204607;;;;;;;;;;;;;;;;;;-75.58249621;-75.58262677;-75.58273844;-75.58282768;-75.58289163;-75.58292827;-75.58295596;-75.58296386;-75.58294074;-75.58288739;-75.58280564;-75.5826983;-75.58256905;-75.58201244;-75.58186255;-75.58169981;-75.58153006;-75.58142118;-75.58126548;-75.58108836;-75.58091556;-75.58089979;-75.5808904;-75.58071646;-75.58055828;-75.5804224;-75.58031445;-75.58023889;-75.58012198;-75.58008061;-75.58008146;-75.58012917;-75.58016521;-75.58023305;-75.58039442;-75.58049686;-75.5806273;-75.58078047;-75.58095018;-75.58112956;-75.58131135;-75.58148822;-75.58165299;-75.58249621;;;;;;;;;;;;;;;;;;667ecf2d5002e5c1cb2c48ee;667ecf2d5002e5c1cb2c48ef;667ecf2d5002e5c1cb2c48f0;667ecf2d5002e5c1cb2c48f1;667ecf2d5002e5c1cb2c48f2;667ecf2d5002e5c1cb2c48f3;667ecf2d5002e5c1cb2c48f4;667ecf2d5002e5c1cb2c48f5;667ecf2d5002e5c1cb2c48f6;667ecf2d5002e5c1cb2c48f7;667ecf2d5002e5c1cb2c48f8;667ecf2d5002e5c1cb2c48f9;667ecf2d5002e5c1cb2c48fa;667ecf2d5002e5c1cb2c48fb;667ecf2d5002e5c1cb2c48fc;667ecf2d5002e5c1cb2c48fd;667ecf2d5002e5c1cb2c48fe;667ecf2d5002e5c1cb2c48ff;667ecf2d5002e5c1cb2c4900;667ecf2d5002e5c1cb2c4901;667ecf2d5002e5c1cb2c4902;667ecf2d5002e5c1cb2c4903;667ecf2d5002e5c1cb2c4904;667ecf2d5002e5c1cb2c4905;667ecf2d5002e5c1cb2c4906;667ecf2d5002e5c1cb2c4907;667ecf2d5002e5c1cb2c4908;667ecf2d5002e5c1cb2c4909;667ecf2d5002e5c1cb2c490a;667ecf2d5002e5c1cb2c490b;667ecf2d5002e5c1cb2c490c;667ecf2d5002e5c1cb2c490d;667ecf2d5002e5c1cb2c490e;667ecf2d5002e5c1cb2c490f;667ecf2d5002e5c1cb2c4910;667ecf2d5002e5c1cb2c4911;667ecf2d5002e5c1cb2c4912;667ecf2d5002e5c1cb2c4913;667ecf2d5002e5c1cb2c4914;667ecf2d5002e5c1cb2c4915;667ecf2d5002e5c1cb2c4916;667ecf2d5002e5c1cb2c4917;667ecf2d5002e5c1cb2c4918;667ecf2d5002e5c1cb2c4919;;;;;;;;;;;;;;;;;;false;2024-08-24T10:00:00Z;2024-08-24T10:00:00Z;true;null
667e4a1fc132fbd2449c7122;Colegio Pio XII;6.165095811;6.164961321;6.165430392;6.165641777;6.165095811;;;;;;;;;;;;;;-75.58179639;-75.58159693;-75.58127244;-75.58145972;-75.58179639;;;;;;;;;;;;;;667e4a1fc132fbd2449c7123;667e4a1fc132fbd2449c7124;667e4a1fc132fbd2449c7125;667e4a1fc132fbd2449c7126;667e4a1fc132fbd2449c7127;;;;;;;;;;;;;;667a4a900cc99ae2fa6ed6c1;6.165565859;6.165412091;6.165246868;6.165076174;6.164906191;6.164743076;6.164592737;6.16446062;6.16435151;6.16421702;6.164133132;6.164080807;6.16406204;6.164077545;6.164126732;6.164207726;6.16431744;6.164451693;6.164920764;6.165069243;6.165230616;6.165399121;6.165568742;6.165733425;6.165887288;6.16602484;6.166236225;6.166351293;6.166441636;6.166504106;6.166536527;6.166537768;6.166507785;6.166447625;6.166359383;6.166246134;6.166111825;6.165565859;;;;;;;;;;;;;;;;;;;;;;;;-75.58256755;-75.58264316;-75.58268809;-75.58270073;-75.58268061;-75.58262846;-75.58254618;-75.58243673;-75.5823041;-75.58210463;-75.58194951;-75.58178095;-75.58160537;-75.58142948;-75.58125996;-75.58110329;-75.58096543;-75.58085163;-75.58052714;-75.58044403;-75.58039049;-75.58036843;-75.58037865;-75.58042078;-75.58049332;-75.58059367;-75.58078096;-75.58090391;-75.58104623;-75.58120296;-75.58136864;-75.58153749;-75.58170364;-75.58186128;-75.58200493;-75.58212958;-75.58223089;-75.58256755;;;;;;;;;;;;;;;;;;;;;;;;667ecf2d5002e5c1cb2c48b1;667ecf2d5002e5c1cb2c48b2;667ecf2d5002e5c1cb2c48b3;667ecf2d5002e5c1cb2c48b4;667ecf2d5002e5c1cb2c48b5;667ecf2d5002e5c1cb2c48b6;667ecf2d5002e5c1cb2c48b7;667ecf2d5002e5c1cb2c48b8;667ecf2d5002e5c1cb2c48b9;667ecf2d5002e5c1cb2c48ba;667ecf2d5002e5c1cb2c48bb;667ecf2d5002e5c1cb2c48bc;667ecf2d5002e5c1cb2c48bd;667ecf2d5002e5c1cb2c48be;667ecf2d5002e5c1cb2c48bf;667ecf2d5002e5c1cb2c48c0;667ecf2d5002e5c1cb2c48c1;667ecf2d5002e5c1cb2c48c2;667ecf2d5002e5c1cb2c48c3;667ecf2d5002e5c1cb2c48c4;667ecf2d5002e5c1cb2c48c5;667ecf2d5002e5c1cb2c48c6;667ecf2d5002e5c1cb2c48c7;667ecf2d5002e5c1cb2c48c8;667ecf2d5002e5c1cb2c48c9;667ecf2d5002e5c1cb2c48ca;667ecf2d5002e5c1cb2c48cb;667ecf2d5002e5c1cb2c48cc;667ecf2d5002e5c1cb2c48cd;667ecf2d5002e5c1cb2c48ce;667ecf2d5002e5c1cb2c48cf;667ecf2d5002e5c1cb2c48d0;667ecf2d5002e5c1cb2c48d1;667ecf2d5002e5c1cb2c48d2;667ecf2d5002e5c1cb2c48d3;667ecf2d5002e5c1cb2c48d4;667ecf2d5002e5c1cb2c48d5;667ecf2d5002e5c1cb2c48d6;;;;;;;;;;;;;;;;;;;;;;;;false;2024-08-24T10:00:00Z;2024-08-24T10:00:00Z;true;null
667e4b9ef38119c260ebdb19;I.E. San Viente de Paul;6.166937273;6.167019457;6.167232791;6.16719378;6.16665953;6.166937273;;;;;;;;;;;;;-75.57864185;-75.57858347;-75.57896841;-75.57919186;-75.57907796;-75.57864185;;;;;;;;;;;;;667e4b9ef38119c260ebdb1a;667e4b9ef38119c260ebdb1b;667e4b9ef38119c260ebdb1c;667e4b9ef38119c260ebdb1d;667e4b9ef38119c260ebdb1e;667e4b9ef38119c260ebdb1f;;;;;;;;;;;;;667a4a900cc99ae2fa6ed6c1;6.166179995;6.166287157;6.166418484;6.166500668;6.166645751;6.166803775;6.166969266;6.167136496;6.167299673;6.167453147;6.167591604;6.16771025;6.167804977;6.168018311;6.168096819;6.168130818;6.168118559;6.168079548;6.168030751;6.167948343;6.167835633;6.167697147;6.167538448;6.167365907;6.167186454;6.167007295;6.166473046;6.166307629;6.166155302;6.16602173;6.165911881;6.165829843;6.165778665;6.165760253;6.16577529;6.165823217;6.165902252;6.166179995;;;;;;;;;;;;;;;;;;;;;;;;-75.57815394;-75.57801684;-75.57790297;-75.5778446;-75.57776071;-75.57770531;-75.57768033;-75.57768661;-75.57772395;-75.57779105;-75.57788558;-75.57800429;-75.57814305;-75.57852798;-75.57871749;-75.57891992;-75.57912485;-75.57934831;-75.5795228;-75.57968401;-75.57982545;-75.57994145;-75.58002735;-75.5800797;-75.58009639;-75.58007676;-75.57996286;-75.57991039;-75.57982696;-75.57971568;-75.57958067;-75.57942696;-75.57926027;-75.57908681;-75.57891301;-75.57874534;-75.57859005;-75.57815394;;;;;;;;;;;;;;;;;;;;;;;;667ecf2d5002e5c1cb2c4921;667ecf2d5002e5c1cb2c4922;667ecf2d5002e5c1cb2c4923;667ecf2d5002e5c1cb2c4924;667ecf2d5002e5c1cb2c4925;667ecf2d5002e5c1cb2c4926;667ecf2d5002e5c1cb2c4927;667ecf2d5002e5c1cb2c4928;667ecf2d5002e5c1cb2c4929;667ecf2d5002e5c1cb2c492a;667ecf2d5002e5c1cb2c492b;667ecf2d5002e5c1cb2c492c;667ecf2d5002e5c1cb2c492d;667ecf2d5002e5c1cb2c492e;667ecf2d5002e5c1cb2c492f;667ecf2d5002e5c1cb2c4930;667ecf2d5002e5c1cb2c4931;667ecf2d5002e5c1cb2c4932;667ecf2d5002e5c1cb2c4933;667ecf2d5002e5c1cb2c4934;667ecf2d5002e5c1cb2c4935;667ecf2d5002e5c1cb2c4936;667ecf2d5002e5c1cb2c4937;667ecf2d5002e5c1cb2c4938;667ecf2d5002e5c1cb2c4939;667ecf2d5002e5c1cb2c493a;667ecf2d5002e5c1cb2c493b;667ecf2d5002e5c1cb2c493c;667ecf2d5002e5c1cb2c493d;667ecf2d5002e5c1cb2c493e;667ecf2d5002e5c1cb2c493f;667ecf2d5002e5c1cb2c4940;667ecf2d5002e5c1cb2c4941;667ecf2d5002e5c1cb2c4942;667ecf2d5002e5c1cb2c4943;667ecf2d5002e5c1cb2c4944;667ecf2d5002e5c1cb2c4945;667ecf2d5002e5c1cb2c4946;;;;;;;;;;;;;;;;;;;;;;;;false;2024-08-24T10:00:00Z;2024-08-24T10:00:00Z;true;null
667e4cdfcb4b99a0554c5484;Hospital Manuel Uribe Angel;6.166429078;6.166521231;6.167403687;6.167651643;6.167064668;6.166429078;;;;;;;;;;;;;-75.58031119;-75.57931335;-75.57949369;-75.58039891;-75.58054704;-75.58031119;;;;;;;;;;;;;667e4cdfcb4b99a0554c5485;667e4cdfcb4b99a0554c5486;667e4cdfcb4b99a0554c5487;667e4cdfcb4b99a0554c5488;667e4cdfcb4b99a0554c5489;667e4cdfcb4b99a0554c548a;;;;;;;;;;;;;667a4a900cc99ae2fa6ed6c1;6.166117805;6.165966262;6.165830881;6.165716389;6.165626783;6.165565194;6.165533771;6.165533612;6.165625765;6.16565672;6.165717661;6.165806476;6.165920083;6.166054542;6.166205189;6.166366798;6.166533764;6.166700296;6.167582753;6.167740631;6.167887185;6.16801749;6.168127166;6.168212526;6.168270703;6.168518659;6.168548785;6.16854342;6.168502775;6.16842846;6.168323413;6.168191791;6.1680388;6.167870494;6.167283519;6.167106084;6.166927002;6.166753395;6.166117805;;;;;;;;;;;;;;;;;;;;;;;-75.58115984;-75.58108677;-75.58098662;-75.58086288;-75.58071988;-75.58056261;-75.58039656;-75.58022753;-75.57922969;-75.57906412;-75.5789072;-75.57876437;-75.57864058;-75.57854012;-75.57846649;-75.57842223;-75.57840888;-75.57842691;-75.57860725;-75.57865502;-75.57873098;-75.57883258;-75.57895639;-75.57909826;-75.57925343;-75.58015865;-75.580336;-75.58051583;-75.58069104;-75.58085469;-75.58100031;-75.58112214;-75.58121536;-75.58127628;-75.5814244;-75.58145064;-75.58144093;-75.58139569;-75.58115984;;;;;;;;;;;;;;;;;;;;;;;667ecf2d5002e5c1cb2c4956;667ecf2d5002e5c1cb2c4957;667ecf2d5002e5c1cb2c4958;667ecf2d5002e5c1cb2c4959;667ecf2d5002e5c1cb2c495a;667ecf2d5002e5c1cb2c495b;667ecf2d5002e5c1cb2c495c;667ecf2d5002e5c1cb2c495d;667ecf2d5002e5c1cb2c495e;667ecf2d5002e5c1cb2c495f;667ecf2d5002e5c1cb2c4960;667ecf2d5002e5c1cb2c4961;667ecf2d5002e5c1cb2c4962;667ecf2d5002e5c1cb2c4963;667ecf2d5002e5c1cb2c4964;667ecf2d5002e5c1cb2c4965;667ecf2d5002e5c1cb2c4966;667ecf2d5002e5c1cb2c4967;667ecf2d5002e5c1cb2c4968;667ecf2d5002e5c1cb2c4969;667ecf2d5002e5c1cb2c496a;667ecf2d5002e5c1cb2c496b;667ecf2d5002e5c1cb2c496c;667ecf2d5002e5c1cb2c496d;667ecf2d5002e5c1cb2c496e;667ecf2d5002e5c1cb2c496f;667ecf2d5002e5c1cb2c4970;667ecf2d5002e5c1cb2c4971;667ecf2d5002e5c1cb2c4972;667ecf2d5002e5c1cb2c4973;667ecf2d5002e5c1cb2c4974;667ecf2d5002e5c1cb2c4975;667ecf2d5002e5c1cb2c4976;667ecf2d5002e5c1cb2c4977;667ecf2d5002e5c1cb2c4978;667ecf2d5002e5c1cb2c4979;667ecf2d5002e5c1cb2c497a;667ecf2d5002e5c1cb2c497b;667ecf2d5002e5c1cb2c497c;;;;;;;;;;;;;;;;;;;;;;;false;2024-08-24T10:00:00Z;2024-08-24T10:00:00Z;true;null
667e4d01cb4b99a0554c5492;Clinica Santa Gertrudis;6.168426515;6.168846681;6.168653667;6.168240058;6.168426515;;;;;;;;;;;;;;-75.58168677;-75.58190367;-75.5822593;-75.58200682;-75.58168677;;;;;;;;;;;;;;667e4d01cb4b99a0554c5493;667e4d01cb4b99a0554c5494;667e4d01cb4b99a0554c5495;667e4d01cb4b99a0554c5496;667e4d01cb4b99a0554c5497;;;;;;;;;;;;;;667a50a30cc99ae2fa6ed6e3;6.167805777;6.167885342;6.167984256;6.168098981;6.168225417;6.168359043;6.168495081;6.168628667;6.168755026;6.169175193;6.169295549;6.169398092;6.169478753;6.169534331;6.16956262;6.169562498;6.16953397;6.169478167;6.169285153;6.169203116;6.169098721;6.168976215;6.168840583;6.168697345;6.168552329;6.168411438;6.168280403;6.167866795;6.167754999;6.167661481;6.167589764;6.167542551;6.167521621;6.167527762;6.167560743;6.167619321;6.167805777;;;;;;;;;;;;;;;;;;;;;;;;;-75.58132092;-75.58120993;-75.58111599;-75.58104246;-75.58099197;-75.58096631;-75.58096642;-75.58099228;-75.58104297;-75.58125987;-75.58133814;-75.58143885;-75.58155801;-75.58169089;-75.58183221;-75.58197636;-75.58211764;-75.58225042;-75.58260604;-75.58272646;-75.58282787;-75.58290614;-75.58295809;-75.58298161;-75.58297573;-75.58294069;-75.58287793;-75.58262546;-75.58254127;-75.58243694;-75.58231641;-75.58218421;-75.58204532;-75.58190499;-75.58176849;-75.58164097;-75.58132092;;;;;;;;;;;;;;;;;;;;;;;;;667ecf2d5002e5c1cb2c4989;667ecf2d5002e5c1cb2c498a;667ecf2d5002e5c1cb2c498b;667ecf2d5002e5c1cb2c498c;667ecf2d5002e5c1cb2c498d;667ecf2d5002e5c1cb2c498e;667ecf2d5002e5c1cb2c498f;667ecf2d5002e5c1cb2c4990;667ecf2d5002e5c1cb2c4991;667ecf2d5002e5c1cb2c4992;667ecf2d5002e5c1cb2c4993;667ecf2d5002e5c1cb2c4994;667ecf2d5002e5c1cb2c4995;667ecf2d5002e5c1cb2c4996;667ecf2d5002e5c1cb2c4997;667ecf2d5002e5c1cb2c4998;667ecf2d5002e5c1cb2c4999;667ecf2d5002e5c1cb2c499a;667ecf2d5002e5c1cb2c499b;667ecf2d5002e5c1cb2c499c;667ecf2d5002e5c1cb2c499d;667ecf2d5002e5c1cb2c499e;667ecf2d5002e5c1cb2c499f;667ecf2d5002e5c1cb2c49a0;667ecf2d5002e5c1cb2c49a1;667ecf2d5002e5c1cb2c49a2;667ecf2d5002e5c1cb2c49a3;667ecf2d5002e5c1cb2c49a4;667ecf2d5002e5c1cb2c49a5;667ecf2d5002e5c1cb2c49a6;667ecf2d5002e5c1cb2c49a7;667ecf2d5002e5c1cb2c49a8;667ecf2d5002e5c1cb2c49a9;667ecf2d5002e5c1cb2c49aa;667ecf2d5002e5c1cb2c49ab;667ecf2d5002e5c1cb2c49ac;667ecf2d5002e5c1cb2c49ad;;;;;;;;;;;;;;;;;;;;;;;;;false;2024-08-24T10:00:00Z;2024-08-24T10:00:00Z;true;null
667e4d23cb4b99a0554c549e;Cancha la Sebastiana;6.168969349;6.168848351;6.169050053;6.169244185;6.168969349;;;;;;;;;;;;;;-75.57986781;-75.57974024;-75.57956876;-75.57963822;-75.57986781;;;;;;;;;;;;;;667e4d23cb4b99a0554c549f;667e4d23cb4b99a0554c54a0;667e4d23cb4b99a0554c54a1;667e4d23cb4b99a0554c54a2;667e4d23cb4b99a0554c54a3;;;;;;;;;;;;;;667a4aaf0cc99ae2fa6ed6c3;6.169543947;6.169404716;6.169250183;6.169085779;6.168917282;6.168750615;6.168591637;6.168445935;6.16831863;6.168197633;6.168085433;6.16800483;6.167959163;6.167950323;6.167978676;6.168043048;6.168140772;6.168267802;6.168469504;6.168624404;6.168797777;6.168982097;6.169169367;6.169351459;6.169545591;6.169701367;6.169840425;6.169957679;6.170048842;6.17011058;6.170140635;6.170137909;6.170102501;6.170035706;6.169939966;6.169818783;6.169543947;;;;;;;;;;;;;;;;;;;;;;;;;-75.58056366;-75.58065931;-75.58072714;-75.58076476;-75.58077085;-75.58074521;-75.58068872;-75.58060338;-75.58049219;-75.58036461;-75.58021918;-75.5800539;-75.57987564;-75.57969177;-75.5795099;-75.57933758;-75.57918193;-75.57904941;-75.57887792;-75.57877193;-75.57870052;-75.57866678;-75.57867219;-75.57871651;-75.57878597;-75.57885926;-75.57896104;-75.57908757;-75.57923425;-75.5793957;-75.57956601;-75.57973897;-75.57990824;-75.58006763;-75.58021133;-75.58033406;-75.58056366;;;;;;;;;;;;;;;;;;;;;;;;;667ecf2d5002e5c1cb2c49b9;667ecf2d5002e5c1cb2c49ba;667ecf2d5002e5c1cb2c49bb;667ecf2d5002e5c1cb2c49bc;667ecf2d5002e5c1cb2c49bd;667ecf2d5002e5c1cb2c49be;667ecf2d5002e5c1cb2c49bf;667ecf2d5002e5c1cb2c49c0;667ecf2d5002e5c1cb2c49c1;667ecf2d5002e5c1cb2c49c2;667ecf2d5002e5c1cb2c49c3;667ecf2d5002e5c1cb2c49c4;667ecf2d5002e5c1cb2c49c5;667ecf2d5002e5c1cb2c49c6;667ecf2d5002e5c1cb2c49c7;667ecf2d5002e5c1cb2c49c8;667ecf2d5002e5c1cb2c49c9;667ecf2d5002e5c1cb2c49ca;667ecf2d5002e5c1cb2c49cb;667ecf2d5002e5c1cb2c49cc;667ecf2d5002e5c1cb2c49cd;667ecf2d5002e5c1cb2c49ce;667ecf2d5002e5c1cb2c49cf;667ecf2d5002e5c1cb2c49d0;667ecf2d5002e5c1cb2c49d1;667ecf2d5002e5c1cb2c49d2;667ecf2d5002e5c1cb2c49d3;667ecf2d5002e5c1cb2c49d4;667ecf2d5002e5c1cb2c49d5;667ecf2d5002e5c1cb2c49d6;667ecf2d5002e5c1cb2c49d7;667ecf2d5002e5c1cb2c49d8;667ecf2d5002e5c1cb2c49d9;667ecf2d5002e5c1cb2c49da;667ecf2d5002e5c1cb2c49db;667ecf2d5002e5c1cb2c49dc;667ecf2d5002e5c1cb2c49dd;;;;;;;;;;;;;;;;;;;;;;;;;false;2024-08-24T10:00:00Z;2024-08-24T10:00:00Z;true;null
667e4d93cb4b99a0554c54aa;Parque infantil canalizacion;6.168313887;6.168794482;6.169035854;6.169014478;6.168787435;6.168351365;6.168313887;;;;;;;;;;;;-75.58049845;-75.58050345;-75.5805747;-75.58063748;-75.58059128;-75.58058228;-75.58049845;;;;;;;;;;;;667e4d93cb4b99a0554c54ab;667e4d93cb4b99a0554c54ac;667e4d93cb4b99a0554c54ad;667e4d93cb4b99a0554c54ae;667e4d93cb4b99a0554c54af;667e4d93cb4b99a0554c54b0;667e4d93cb4b99a0554c54b1;;;;;;;;;;;;667a50320cc99ae2fa6ed6e0;6.167657711;6.167612116;6.167594601;6.167605868;6.167645465;6.167711809;6.167802243;6.16791315;6.168040093;6.168177991;6.168321326;6.168801922;6.168997098;6.16923847;6.169372794;6.169493428;6.169595471;6.169674778;6.169728126;6.169753348;6.16974942;6.1697165;6.169695124;6.169633133;6.169545037;6.169434553;6.169306344;6.169165819;6.169018909;6.168871811;6.168708091;6.168336613;6.16820247;6.168073572;6.167954458;6.167849325;6.167761876;6.16769519;6.167657711;;;;;;;;;;;;;;;;;;;;;;;-75.58079521;-75.58065791;-75.58051423;-75.58036992;-75.58023076;-75.5801023;-75.5799897;-75.57989745;-75.57982925;-75.57978783;-75.57977484;-75.57977984;-75.57980909;-75.57988035;-75.57993532;-75.58001627;-75.58011991;-75.58024203;-75.58037766;-75.5805213;-75.58066711;-75.58080917;-75.58087194;-75.58100688;-75.58112624;-75.58122497;-75.58129891;-75.58134494;-75.58136111;-75.58134676;-75.58131344;-75.58130578;-75.58129026;-75.58124981;-75.58118585;-75.58110062;-75.58099714;-75.58087905;-75.58079521;;;;;;;;;;;;;;;;;;;;;;;667ecf2d5002e5c1cb2c49ef;667ecf2d5002e5c1cb2c49f0;667ecf2d5002e5c1cb2c49f1;667ecf2d5002e5c1cb2c49f2;667ecf2d5002e5c1cb2c49f3;667ecf2d5002e5c1cb2c49f4;667ecf2d5002e5c1cb2c49f5;667ecf2d5002e5c1cb2c49f6;667ecf2d5002e5c1cb2c49f7;667ecf2d5002e5c1cb2c49f8;667ecf2d5002e5c1cb2c49f9;667ecf2d5002e5c1cb2c49fa;667ecf2d5002e5c1cb2c49fb;667ecf2d5002e5c1cb2c49fc;667ecf2d5002e5c1cb2c49fd;667ecf2d5002e5c1cb2c49fe;667ecf2d5002e5c1cb2c49ff;667ecf2d5002e5c1cb2c4a00;667ecf2d5002e5c1cb2c4a01;667ecf2d5002e5c1cb2c4a02;667ecf2d5002e5c1cb2c4a03;667ecf2d5002e5c1cb2c4a04;667ecf2d5002e5c1cb2c4a05;667ecf2d5002e5c1cb2c4a06;667ecf2d5002e5c1cb2c4a07;667ecf2d5002e5c1cb2c4a08;667ecf2d5002e5c1cb2c4a09;667ecf2d5002e5c1cb2c4a0a;667ecf2d5002e5c1cb2c4a0b;667ecf2d5002e5c1cb2c4a0c;667ecf2d5002e5c1cb2c4a0d;667ecf2d5002e5c1cb2c4a0e;667ecf2d5002e5c1cb2c4a0f;667ecf2d5002e5c1cb2c4a10;667ecf2d5002e5c1cb2c4a11;667ecf2d5002e5c1cb2c4a12;667ecf2d5002e5c1cb2c4a13;667ecf2d5002e5c1cb2c4a14;667ecf2d5002e5c1cb2c4a15;;;;;;;;;;;;;;;;;;;;;;;false;2024-08-24T10:00:00Z;2024-08-24T10:00:00Z;true;null
667e4dbbcb4b99a0554c54ba;CEFIT sede San Mateo;6.17050832;6.170684372;6.170791717;6.17060734;6.17050832;;;;;;;;;;;;;;-75.58078252;-75.5807142;-75.58104894;-75.58111539;-75.58078252;;;;;;;;;;;;;;667e4dbbcb4b99a0554c54bb;667e4dbbcb4b99a0554c54bc;667e4dbbcb4b99a0554c54bd;667e4dbbcb4b99a0554c54be;667e4dbbcb4b99a0554c54bf;;;;;;;;;;;;;;667a4a900cc99ae2fa6ed6c1;6.16964674;6.169613865;6.169612066;6.169641405;6.169700863;6.169788374;6.169900898;6.170034526;6.170184614;6.170360666;6.170536802;6.170719021;6.170899812;6.171071723;6.171227667;6.171361218;6.171466871;6.17154027;6.171647615;6.171684605;6.171688664;6.17165964;6.171598605;6.17150781;6.171390604;6.171251309;6.171095063;6.170910687;6.170733759;6.170551639;6.170371807;6.170201649;6.170048155;6.169917628;6.169815431;6.16974576;6.16964674;;;;;;;;;;;;;;;;;;;;;;;;;-75.58104181;-75.58087648;-75.58070789;-75.58054189;-75.58038425;-75.58024044;-75.58011547;-75.58001367;-75.57993859;-75.57987027;-75.5798219;-75.57981031;-75.57983598;-75.57989785;-75.57999336;-75.58011859;-75.58026837;-75.58043652;-75.58077126;-75.58094095;-75.58111462;-75.58128587;-75.58144838;-75.58159616;-75.58172375;-75.58182646;-75.58190049;-75.58196694;-75.58201097;-75.58201821;-75.58198838;-75.58192268;-75.58182383;-75.58169588;-75.58154408;-75.58137468;-75.58104181;;;;;;;;;;;;;;;;;;;;;;;;;667ecf2d5002e5c1cb2c4a22;667ecf2d5002e5c1cb2c4a23;667ecf2d5002e5c1cb2c4a24;667ecf2d5002e5c1cb2c4a25;667ecf2d5002e5c1cb2c4a26;667ecf2d5002e5c1cb2c4a27;667ecf2d5002e5c1cb2c4a28;667ecf2d5002e5c1cb2c4a29;667ecf2d5002e5c1cb2c4a2a;667ecf2d5002e5c1cb2c4a2b;667ecf2d5002e5c1cb2c4a2c;667ecf2d5002e5c1cb2c4a2d;667ecf2d5002e5c1cb2c4a2e;667ecf2d5002e5c1cb2c4a2f;667ecf2d5002e5c1cb2c4a30;667ecf2d5002e5c1cb2c4a31;667ecf2d5002e5c1cb2c4a32;667ecf2d5002e5c1cb2c4a33;667ecf2d5002e5c1cb2c4a34;667ecf2d5002e5c1cb2c4a35;667ecf2d5002e5c1cb2c4a36;667ecf2d5002e5c1cb2c4a37;667ecf2d5002e5c1cb2c4a38;667ecf2d5002e5c1cb2c4a39;667ecf2d5002e5c1cb2c4a3a;667ecf2d5002e5c1cb2c4a3b;667ecf2d5002e5c1cb2c4a3c;667ecf2d5002e5c1cb2c4a3d;667ecf2d5002e5c1cb2c4a3e;667ecf2d5002e5c1cb2c4a3f;667ecf2d5002e5c1cb2c4a40;667ecf2d5002e5c1cb2c4a41;667ecf2d5002e5c1cb2c4a42;667ecf2d5002e5c1cb2c4a43;667ecf2d5002e5c1cb2c4a44;667ecf2d5002e5c1cb2c4a45;667ecf2d5002e5c1cb2c4a46;;;;;;;;;;;;;;;;;;;;;;;;;false;2024-08-24T10:00:00Z;2024-08-24T10:00:00Z;true;null
667e4dcccb4b99a0554c54c6;Cancha el Dorado;6.171513057;6.171501113;6.172047246;6.172007566;6.171513057;;;;;;;;;;;;;;-75.58005738;-75.57993472;-75.57978978;-75.58000504;-75.58005738;;;;;;;;;;;;;;667e4dcccb4b99a0554c54c7;667e4dcccb4b99a0554c54c8;667e4dcccb4b99a0554c54c9;667e4dcccb4b99a0554c54ca;667e4dcccb4b99a0554c54cb;;;;;;;;;;;;;;667a4aaf0cc99ae2fa6ed6c3;6.171607158;6.171430058;6.171256177;6.171092259;6.170944659;6.170819103;6.170720459;6.170652553;6.170618019;6.170606075;6.170606639;6.170643396;6.170714857;6.170818131;6.170949041;6.171102288;6.171271673;6.171817806;6.17199622;6.172176694;6.172351944;6.1725149;6.172658987;6.172778391;6.172868293;6.172925068;6.172946423;6.172931497;6.172891816;6.172847141;6.172774355;6.172675897;6.172555062;6.172415896;6.172263059;6.172101667;6.171607158;;;;;;;;;;;;;;;;;;;;;;;;;-75.58095697;-75.58095808;-75.58092425;-75.58085681;-75.58075836;-75.58063273;-75.58048478;-75.58032026;-75.58014555;-75.58002289;-75.57984093;-75.57966278;-75.57949562;-75.57934623;-75.57922066;-75.57912397;-75.57906009;-75.57891515;-75.57888667;-75.57889463;-75.57893871;-75.57901713;-75.57912673;-75.57926308;-75.57942068;-75.57959317;-75.5797736;-75.57995468;-75.58016995;-75.58032925;-75.58047769;-75.58061031;-75.58072266;-75.58081099;-75.58087234;-75.58090464;-75.58095697;;;;;;;;;;;;;;;;;;;;;;;;;667ecf2d5002e5c1cb2c4a52;667ecf2d5002e5c1cb2c4a53;667ecf2d5002e5c1cb2c4a54;667ecf2d5002e5c1cb2c4a55;667ecf2d5002e5c1cb2c4a56;667ecf2d5002e5c1cb2c4a57;667ecf2d5002e5c1cb2c4a58;667ecf2d5002e5c1cb2c4a59;667ecf2d5002e5c1cb2c4a5a;667ecf2d5002e5c1cb2c4a5b;667ecf2d5002e5c1cb2c4a5c;667ecf2d5002e5c1cb2c4a5d;667ecf2d5002e5c1cb2c4a5e;667ecf2d5002e5c1cb2c4a5f;667ecf2d5002e5c1cb2c4a60;667ecf2d5002e5c1cb2c4a61;667ecf2d5002e5c1cb2c4a62;667ecf2d5002e5c1cb2c4a63;667ecf2d5002e5c1cb2c4a64;667ecf2d5002e5c1cb2c4a65;667ecf2d5002e5c1cb2c4a66;667ecf2d5002e5c1cb2c4a67;667ecf2d5002e5c1cb2c4a68;667ecf2d5002e5c1cb2c4a69;667ecf2d5002e5c1cb2c4a6a;667ecf2d5002e5c1cb2c4a6b;667ecf2d5002e5c1cb2c4a6c;667ecf2d5002e5c1cb2c4a6d;667ecf2d5002e5c1cb2c4a6e;667ecf2d5002e5c1cb2c4a6f;667ecf2d5002e5c1cb2c4a70;667ecf2d5002e5c1cb2c4a71;667ecf2d5002e5c1cb2c4a72;667ecf2d5002e5c1cb2c4a73;667ecf2d5002e5c1cb2c4a74;667ecf2d5002e5c1cb2c4a75;667ecf2d5002e5c1cb2c4a76;;;;;;;;;;;;;;;;;;;;;;;;;false;2024-08-24T10:00:00Z;2024-08-24T10:00:00Z;true;null
667e4ddbcb4b99a0554c54d2;IUE;6.158919653;6.158824836;6.158410367;6.158542969;6.158966527;6.158862963;6.15897818;6.1591996;6.160917027;6.16171054;6.161695457;6.161441995;6.160850924;6.160830614;6.160603938;6.160315399;6.158749141;6.158919653;-75.58019898;-75.58004344;-75.57996598;-75.57939072;-75.57945769;-75.58001786;-75.58016846;-75.58022189;-75.58058131;-75.58097332;-75.58115612;-75.58121866;-75.58105518;-75.58120262;-75.58131998;-75.58134165;-75.5809588;-75.58019898;667e4ddbcb4b99a0554c54d3;667e4ddbcb4b99a0554c54d4;667e4ddbcb4b99a0554c54d5;667e4ddbcb4b99a0554c54d6;667e4ddbcb4b99a0554c54d7;667e4ddbcb4b99a0554c54d8;667e4ddbcb4b99a0554c54d9;667e4ddbcb4b99a0554c54da;667e4ddbcb4b99a0554c54db;667e4ddbcb4b99a0554c54dc;667e4ddbcb4b99a0554c54dd;667e4ddbcb4b99a0554c54de;667e4ddbcb4b99a0554c54df;667e4ddbcb4b99a0554c54e0;667e4ddbcb4b99a0554c54e1;667e4ddbcb4b99a0554c54e2;667e4ddbcb4b99a0554c54e3;667e4ddbcb4b99a0554c54e4;667a4a900cc99ae2fa6ed6c1;6.161123043;6.161015526;6.160848105;6.160670909;6.160382369;6.160241796;6.160103021;6.158536765;6.158372033;6.158221493;6.158090811;6.157984903;6.157907756;6.157862273;6.157850166;6.15787189;6.157885875;6.157771973;6.157657937;6.157574457;6.157524924;6.157511349;6.157534284;6.157666886;6.157720052;6.157802024;6.15790993;6.158039995;6.158187665;6.158347772;6.158514711;6.15868264;6.159106198;6.159279777;6.159440889;6.159583119;6.159700807;6.159789269;6.159844983;6.159865038;6.161100224;6.1613135;6.162107014;6.162259127;6.162389477;6.162492892;6.162565271;6.162603742;6.162606779;6.162591697;6.162557045;6.162485285;6.162379509;6.162244273;6.162085399;6.161909732;6.16165627;6.161505732;6.161353364;6.161203541;6.161123043;-75.58206857;-75.58212423;-75.58219055;-75.58222201;-75.58224368;-75.58224316;-75.58222061;-75.58183776;-75.58177997;-75.58169129;-75.58157504;-75.58143559;-75.58127821;-75.5811088;-75.58093375;-75.58075964;-75.58069732;-75.58060308;-75.58046141;-75.58029962;-75.58012427;-75.5799425;-75.57976169;-75.57918642;-75.57902586;-75.57887807;-75.57874823;-75.57864087;-75.57855976;-75.57850774;-75.57848662;-75.57849715;-75.57856413;-75.5786098;-75.57868922;-75.57879922;-75.57893544;-75.57909244;-75.57926398;-75.57943724;-75.57969573;-75.57976941;-75.58016142;-75.58025656;-75.58038013;-75.58052723;-75.58069204;-75.58086799;-75.58104813;-75.58123093;-75.58141539;-75.58158867;-75.58174334;-75.5818727;-75.58197121;-75.58203461;-75.58209716;-75.58212093;-75.5821188;-75.58209083;-75.58206857;667ecf2d5002e5c1cb2c4a9e;667ecf2d5002e5c1cb2c4a9f;667ecf2d5002e5c1cb2c4aa0;667ecf2d5002e5c1cb2c4aa1;667ecf2d5002e5c1cb2c4aa2;667ecf2d5002e5c1cb2c4aa3;667ecf2d5002e5c1cb2c4aa4;667ecf2d5002e5c1cb2c4aa5;667ecf2d5002e5c1cb2c4aa6;667ecf2d5002e5c1cb2c4aa7;667ecf2d5002e5c1cb2c4aa8;667ecf2d5002e5c1cb2c4aa9;667ecf2d5002e5c1cb2c4aaa;667ecf2d5002e5c1cb2c4aab;667ecf2d5002e5c1cb2c4aac;667ecf2d5002e5c1cb2c4aad;667ecf2d5002e5c1cb2c4aae;667ecf2d5002e5c1cb2c4aaf;667ecf2d5002e5c1cb2c4ab0;667ecf2d5002e5c1cb2c4ab1;667ecf2d5002e5c1cb2c4ab2;667ecf2d5002e5c1cb2c4ab3;667ecf2d5002e5c1cb2c4ab4;667ecf2d5002e5c1cb2c4ab5;667ecf2d5002e5c1cb2c4ab6;667ecf2d5002e5c1cb2c4ab7;667ecf2d5002e5c1cb2c4ab8;667ecf2d5002e5c1cb2c4ab9;667ecf2d5002e5c1cb2c4aba;667ecf2d5002e5c1cb2c4abb;667ecf2d5002e5c1cb2c4abc;667ecf2d5002e5c1cb2c4abd;667ecf2d5002e5c1cb2c4abe;667ecf2d5002e5c1cb2c4abf;667ecf2d5002e5c1cb2c4ac0;667ecf2d5002e5c1cb2c4ac1;667ecf2d5002e5c1cb2c4ac2;667ecf2d5002e5c1cb2c4ac3;667ecf2d5002e5c1cb2c4ac4;667ecf2d5002e5c1cb2c4ac5;667ecf2d5002e5c1cb2c4ac6;667ecf2d5002e5c1cb2c4ac7;667ecf2d5002e5c1cb2c4ac8;667ecf2d5002e5c1cb2c4ac9;667ecf2d5002e5c1cb2c4aca;667ecf2d5002e5c1cb2c4acb;667ecf2d5002e5c1cb2c4acc;667ecf2d5002e5c1cb2c4acd;667ecf2d5002e5c1cb2c4ace;667ecf2d5002e5c1cb2c4acf;667ecf2d5002e5c1cb2c4ad0;667ecf2d5002e5c1cb2c4ad1;667ecf2d5002e5c1cb2c4ad2;667ecf2d5002e5c1cb2c4ad3;667ecf2d5002e5c1cb2c4ad4;667ecf2d5002e5c1cb2c4ad5;667ecf2d5002e5c1cb2c4ad6;667ecf2d5002e5c1cb2c4ad7;667ecf2d5002e5c1cb2c4ad8;667ecf2d5002e5c1cb2c4ad9;667ecf2d5002e5c1cb2c4ada;false;2024-08-24T10:00:00Z;2024-08-24T10:00:00Z;true;null
667e4dedcb4b99a0554c54f8;Institucion Jose Miguel De La Calle;6.172989169;6.172634491;6.172848487;6.173209627;6.172989169;;;;;;;;;;;;;;-75.58154528;-75.58140541;-75.58087612;-75.58102777;-75.58154528;;;;;;;;;;;;;;667e4dedcb4b99a0554c54f9;667e4dedcb4b99a0554c54fa;667e4dedcb4b99a0554c54fb;667e4dedcb4b99a0554c54fc;667e4dedcb4b99a0554c54fd;;;;;;;;;;;;;;667a4a900cc99ae2fa6ed6c1;6.173815801;6.173732794;6.173622328;6.173488484;6.173336203;6.173171108;6.172999295;6.172827108;6.172660905;6.172306228;6.172148001;6.17200877;6.171893971;6.171808086;6.171754468;6.171735212;6.171751069;6.171801421;6.172015416;6.172098088;6.172209938;6.172346615;6.172502806;6.172672438;6.172848915;6.173025376;6.173194959;6.173556098;6.173712216;6.17384879;6.173960511;6.174043032;6.174093146;6.174108904;6.174089693;6.17403626;6.173815801;;;;;;;;;;;;;;;;;;;;;;;;;-75.58190154;-75.582054;-75.58218767;-75.58229762;-75.58237979;-75.58243114;-75.58244979;-75.58243504;-75.58238743;-75.58224757;-75.5821662;-75.58205513;-75.58191869;-75.58176221;-75.5815918;-75.58141411;-75.58123608;-75.58106466;-75.58053537;-75.58037757;-75.58023916;-75.58012551;-75.58004105;-75.57998906;-75.57997156;-75.57998923;-75.58004138;-75.58019303;-75.58027764;-75.58039143;-75.58052996;-75.58068785;-75.58085895;-75.58103662;-75.58121395;-75.58138403;-75.58190154;;;;;;;;;;;;;;;;;;;;;;;;;667ecf2d5002e5c1cb2c4ae7;667ecf2d5002e5c1cb2c4ae8;667ecf2d5002e5c1cb2c4ae9;667ecf2d5002e5c1cb2c4aea;667ecf2d5002e5c1cb2c4aeb;667ecf2d5002e5c1cb2c4aec;667ecf2d5002e5c1cb2c4aed;667ecf2d5002e5c1cb2c4aee;667ecf2d5002e5c1cb2c4aef;667ecf2d5002e5c1cb2c4af0;667ecf2d5002e5c1cb2c4af1;667ecf2d5002e5c1cb2c4af2;667ecf2d5002e5c1cb2c4af3;667ecf2d5002e5c1cb2c4af4;667ecf2d5002e5c1cb2c4af5;667ecf2d5002e5c1cb2c4af6;667ecf2d5002e5c1cb2c4af7;667ecf2d5002e5c1cb2c4af8;667ecf2d5002e5c1cb2c4af9;667ecf2d5002e5c1cb2c4afa;667ecf2d5002e5c1cb2c4afb;667ecf2d5002e5c1cb2c4afc;667ecf2d5002e5c1cb2c4afd;667ecf2d5002e5c1cb2c4afe;667ecf2d5002e5c1cb2c4aff;667ecf2d5002e5c1cb2c4b00;667ecf2d5002e5c1cb2c4b01;667ecf2d5002e5c1cb2c4b02;667ecf2d5002e5c1cb2c4b03;667ecf2d5002e5c1cb2c4b04;667ecf2d5002e5c1cb2c4b05;667ecf2d5002e5c1cb2c4b06;667ecf2d5002e5c1cb2c4b07;667ecf2d5002e5c1cb2c4b08;667ecf2d5002e5c1cb2c4b09;667ecf2d5002e5c1cb2c4b0a;667ecf2d5002e5c1cb2c4b0b;;;;;;;;;;;;;;;;;;;;;;;;;false;2024-08-24T10:00:00Z;2024-08-24T10:00:00Z;true;null
667e4e19cb4b99a0554c5504;Parroquia de San Mateo;6.171111017;6.170838722;6.170872728;6.170627978;6.170715119;6.171240015;6.171111017;;;;;;;;;;;;-75.58237403;-75.58222988;-75.58216412;-75.58207034;-75.58191311;-75.58210854;-75.58237403;;;;;;;;;;;;667e4e19cb4b99a0554c5505;667e4e19cb4b99a0554c5506;667e4e19cb4b99a0554c5507;667e4e19cb4b99a0554c5508;667e4e19cb4b99a0554c5509;667e4e19cb4b99a0554c550a;667e4e19cb4b99a0554c550b;;;;;;;;;;;;667a50110cc99ae2fa6ed6de;6.170307733;6.170249121;6.170140113;6.170048774;6.169978412;6.169931575;6.16990996;6.169914349;6.169944584;6.169999568;6.170086709;6.170169954;6.170275456;6.170398906;6.170535265;6.170678967;6.170824145;6.170964872;6.171489768;6.17161002;6.171717556;6.171808679;6.17188026;6.171929836;6.171955705;6.171956978;6.17193361;6.171886406;6.171757407;6.171681724;6.17158327;6.171465972;6.171334512;6.171194134;6.17105044;6.170909163;6.170775939;6.170503644;6.170386214;6.170307733;;;;;;;;;;;;;;;;;;;;;;-75.58271469;-75.58268553;-75.5826022;-75.58249961;-75.58238147;-75.58225206;-75.58211607;-75.58197843;-75.58184411;-75.58171799;-75.58156076;-75.58144089;-75.58134031;-75.58126311;-75.58121244;-75.58119038;-75.58119782;-75.58123446;-75.58142989;-75.58148792;-75.58156728;-75.58166525;-75.58177844;-75.58190298;-75.58203459;-75.58216874;-75.58230082;-75.58242629;-75.58269178;-75.58281466;-75.58291996;-75.58300347;-75.58306188;-75.58309283;-75.58309511;-75.58306861;-75.5830144;-75.58287026;-75.58279248;-75.58271469;;;;;;;;;;;;;;;;;;;;;;667ecf2d5002e5c1cb2c4b1b;667ecf2d5002e5c1cb2c4b1c;667ecf2d5002e5c1cb2c4b1d;667ecf2d5002e5c1cb2c4b1e;667ecf2d5002e5c1cb2c4b1f;667ecf2d5002e5c1cb2c4b20;667ecf2d5002e5c1cb2c4b21;667ecf2d5002e5c1cb2c4b22;667ecf2d5002e5c1cb2c4b23;667ecf2d5002e5c1cb2c4b24;667ecf2d5002e5c1cb2c4b25;667ecf2d5002e5c1cb2c4b26;667ecf2d5002e5c1cb2c4b27;667ecf2d5002e5c1cb2c4b28;667ecf2d5002e5c1cb2c4b29;667ecf2d5002e5c1cb2c4b2a;667ecf2d5002e5c1cb2c4b2b;667ecf2d5002e5c1cb2c4b2c;667ecf2d5002e5c1cb2c4b2d;667ecf2d5002e5c1cb2c4b2e;667ecf2d5002e5c1cb2c4b2f;667ecf2d5002e5c1cb2c4b30;667ecf2d5002e5c1cb2c4b31;667ecf2d5002e5c1cb2c4b32;667ecf2d5002e5c1cb2c4b33;667ecf2d5002e5c1cb2c4b34;667ecf2d5002e5c1cb2c4b35;667ecf2d5002e5c1cb2c4b36;667ecf2d5002e5c1cb2c4b37;667ecf2d5002e5c1cb2c4b38;667ecf2d5002e5c1cb2c4b39;667ecf2d5002e5c1cb2c4b3a;667ecf2d5002e5c1cb2c4b3b;667ecf2d5002e5c1cb2c4b3c;667ecf2d5002e5c1cb2c4b3d;667ecf2d5002e5c1cb2c4b3e;667ecf2d5002e5c1cb2c4b3f;667ecf2d5002e5c1cb2c4b40;667ecf2d5002e5c1cb2c4b41;667ecf2d5002e5c1cb2c4b42;;;;;;;;;;;;;;;;;;;;;;false;2024-08-24T10:00:00Z;2024-08-24T10:00:00Z;true;null
667e4e33cb4b99a0554c5514;Centro Gerontologico AtardeSer;6.169437148;6.168974966;6.169193953;6.169596866;6.169437148;;;;;;;;;;;;;;-75.58326374;-75.58313189;-75.58270516;-75.58312281;-75.58326374;;;;;;;;;;;;;;667e4e33cb4b99a0554c5515;667e4e33cb4b99a0554c5516;667e4e33cb4b99a0554c5517;667e4e33cb4b99a0554c5518;667e4e33cb4b99a0554c5519;;;;;;;;;;;;;;667a50320cc99ae2fa6ed6e0;6.169911606;6.16979514;6.169664502;6.169524864;6.169381753;6.169240835;6.168778653;6.168647124;6.168528247;6.168426611;6.168346137;6.168289932;6.168260164;6.168257983;6.168283473;6.168335649;6.168554636;6.168628229;6.168722071;6.168832805;6.168956465;6.169088626;6.169224557;6.169359392;6.169488306;6.169606683;6.169710288;6.170113201;6.170203464;6.170268906;6.170306849;6.170315742;6.170295219;6.170246122;6.170170458;6.170071325;6.169911606;;;;;;;;;;;;;;;;;;;;;;;;;-75.58380773;-75.58389144;-75.58395031;-75.58398199;-75.58398524;-75.58395993;-75.58382808;-75.58377604;-75.58369914;-75.58360036;-75.58348349;-75.58335305;-75.58321408;-75.58307193;-75.5829321;-75.58279998;-75.58237325;-75.58225807;-75.5821589;-75.58207929;-75.58202207;-75.58198931;-75.58198216;-75.5820009;-75.58204485;-75.58211243;-75.58220122;-75.58261888;-75.5827337;-75.58286445;-75.58300577;-75.58315187;-75.58329679;-75.58343459;-75.58355963;-75.5836668;-75.58380773;;;;;;;;;;;;;;;;;;;;;;;;;667ecf2d5002e5c1cb2c4b4f;667ecf2d5002e5c1cb2c4b50;667ecf2d5002e5c1cb2c4b51;667ecf2d5002e5c1cb2c4b52;667ecf2d5002e5c1cb2c4b53;667ecf2d5002e5c1cb2c4b54;667ecf2d5002e5c1cb2c4b55;667ecf2d5002e5c1cb2c4b56;667ecf2d5002e5c1cb2c4b57;667ecf2d5002e5c1cb2c4b58;667ecf2d5002e5c1cb2c4b59;667ecf2d5002e5c1cb2c4b5a;667ecf2d5002e5c1cb2c4b5b;667ecf2d5002e5c1cb2c4b5c;667ecf2d5002e5c1cb2c4b5d;667ecf2d5002e5c1cb2c4b5e;667ecf2d5002e5c1cb2c4b5f;667ecf2d5002e5c1cb2c4b60;667ecf2d5002e5c1cb2c4b61;667ecf2d5002e5c1cb2c4b62;667ecf2d5002e5c1cb2c4b63;667ecf2d5002e5c1cb2c4b64;667ecf2d5002e5c1cb2c4b65;667ecf2d5002e5c1cb2c4b66;667ecf2d5002e5c1cb2c4b67;667ecf2d5002e5c1cb2c4b68;667ecf2d5002e5c1cb2c4b69;667ecf2d5002e5c1cb2c4b6a;667ecf2d5002e5c1cb2c4b6b;667ecf2d5002e5c1cb2c4b6c;667ecf2d5002e5c1cb2c4b6d;667ecf2d5002e5c1cb2c4b6e;667ecf2d5002e5c1cb2c4b6f;667ecf2d5002e5c1cb2c4b70;667ecf2d5002e5c1cb2c4b71;667ecf2d5002e5c1cb2c4b72;667ecf2d5002e5c1cb2c4b73;;;;;;;;;;;;;;;;;;;;;;;;;false;2024-08-24T10:00:00Z;2024-08-24T10:00:00Z;true;null
667e4e54cb4b99a0554c5520;CEFIT sede administrativa;6.165515087;6.165245578;6.165114264;6.165378846;6.165515087;;;;;;;;;;;;;;-75.58410101;-75.58427038;-75.58407064;-75.5839045;-75.58410101;;;;;;;;;;;;;;667e4e54cb4b99a0554c5521;667e4e54cb4b99a0554c5522;667e4e54cb4b99a0554c5523;667e4e54cb4b99a0554c5524;667e4e54cb4b99a0554c5525;;;;;;;;;;;;;;667a4a900cc99ae2fa6ed6c1;6.166252752;6.166341196;6.166395826;6.166414407;6.166396177;6.166341883;6.166253748;6.166135378;6.165991619;6.165722109;6.16556687;6.165399684;6.165226768;6.165054551;6.164889437;6.164737566;6.164604583;6.164495433;6.164364119;6.164280652;6.164230292;6.16421504;6.164235501;6.164290863;6.164378927;6.164496196;6.164638011;6.164902593;6.16505523;6.165219514;6.165389532;6.165559165;6.165722309;6.165873092;6.166006088;6.166116511;6.166252752;;;;;;;;;;;;;;;;;;;;;;;;;-75.58358359;-75.58374352;-75.58391808;-75.58410013;-75.58428221;-75.58445688;-75.58461698;-75.58475596;-75.58486813;-75.5850375;-75.58511523;-75.58516155;-75.58517473;-75.58515429;-75.58510098;-75.58501679;-75.58490484;-75.58476931;-75.58456957;-75.58441005;-75.58423704;-75.58405743;-75.58387834;-75.58370689;-75.58354989;-75.58341357;-75.58330334;-75.5831372;-75.58306055;-75.58301426;-75.58300002;-75.58301832;-75.58306852;-75.5831488;-75.58325628;-75.58338709;-75.58358359;;;;;;;;;;;;;;;;;;;;;;;;;667ecf2d5002e5c1cb2c4b82;667ecf2d5002e5c1cb2c4b83;667ecf2d5002e5c1cb2c4b84;667ecf2d5002e5c1cb2c4b85;667ecf2d5002e5c1cb2c4b86;667ecf2d5002e5c1cb2c4b87;667ecf2d5002e5c1cb2c4b88;667ecf2d5002e5c1cb2c4b89;667ecf2d5002e5c1cb2c4b8a;667ecf2d5002e5c1cb2c4b8b;667ecf2d5002e5c1cb2c4b8c;667ecf2d5002e5c1cb2c4b8d;667ecf2d5002e5c1cb2c4b8e;667ecf2d5002e5c1cb2c4b8f;667ecf2d5002e5c1cb2c4b90;667ecf2d5002e5c1cb2c4b91;667ecf2d5002e5c1cb2c4b92;667ecf2d5002e5c1cb2c4b93;667ecf2d5002e5c1cb2c4b94;667ecf2d5002e5c1cb2c4b95;667ecf2d5002e5c1cb2c4b96;667ecf2d5002e5c1cb2c4b97;667ecf2d5002e5c1cb2c4b98;667ecf2d5002e5c1cb2c4b99;667ecf2d5002e5c1cb2c4b9a;667ecf2d5002e5c1cb2c4b9b;667ecf2d5002e5c1cb2c4b9c;667ecf2d5002e5c1cb2c4b9d;667ecf2d5002e5c1cb2c4b9e;667ecf2d5002e5c1cb2c4b9f;667ecf2d5002e5c1cb2c4ba0;667ecf2d5002e5c1cb2c4ba1;667ecf2d5002e5c1cb2c4ba2;667ecf2d5002e5c1cb2c4ba3;667ecf2d5002e5c1cb2c4ba4;667ecf2d5002e5c1cb2c4ba5;667ecf2d5002e5c1cb2c4ba6;;;;;;;;;;;;;;;;;;;;;;;;;false;2024-08-24T10:00:00Z;2024-08-24T10:00:00Z;true;null
667e4e67cb4b99a0554c552c;Parque Principal de Envigado;6.170164302;6.17051329;6.169981039;6.169620575;6.169732409;6.169469437;6.169651003;6.169712161;6.169847871;6.170082756;6.170164302;;;;;;;;-75.58696051;-75.5875069;-75.58783568;-75.58728151;-75.58722439;-75.5867793;-75.58665649;-75.58674233;-75.58665396;-75.58699582;-75.58696051;;;;;;;;667e4e67cb4b99a0554c552d;667e4e67cb4b99a0554c552e;667e4e67cb4b99a0554c552f;667e4e67cb4b99a0554c5530;667e4e67cb4b99a0554c5531;667e4e67cb4b99a0554c5532;667e4e67cb4b99a0554c5533;667e4e67cb4b99a0554c5534;667e4e67cb4b99a0554c5535;667e4e67cb4b99a0554c5536;667e4e67cb4b99a0554c5537;;;;;;;;667a50320cc99ae2fa6ed6e0;6.168905275;6.168850951;6.168792819;6.16875888;6.168750348;6.168767527;6.168809804;6.168875667;6.168962761;6.169067972;6.169249537;6.169371253;6.169503317;6.169640844;6.16973731;6.169850151;6.169987809;6.170120292;6.170242702;6.170350515;6.170439743;6.170493743;6.170569323;6.170679834;6.170769608;6.171118597;6.171183497;6.171221974;6.17123251;6.171214692;6.17116922;6.171097888;6.171003508;6.170889801;6.17035755;6.170233122;6.170099355;6.169961205;6.16982379;6.169692201;6.169571312;6.169465602;6.169378988;6.169018523;6.168955874;6.168916326;6.168901252;6.168905275;;;;;;;;;;;;;;-75.58724093;-75.58714899;-75.58702527;-75.58689276;-75.58675619;-75.58662045;-75.58649039;-75.58637066;-75.58626554;-75.58617879;-75.58605599;-75.58598979;-75.58594826;-75.58593292;-75.58594091;-75.58593031;-75.58594413;-75.58598419;-75.58604902;-75.58613621;-75.58624254;-75.58632114;-75.58636242;-75.58645574;-75.58656937;-75.58711576;-75.58724376;-75.58738214;-75.58752544;-75.587668;-75.58780421;-75.5879287;-75.58803657;-75.58812354;-75.58845232;-75.58851345;-75.58854948;-75.58855905;-75.58854183;-75.58849845;-75.58843051;-75.58834054;-75.58823187;-75.5876777;-75.58755842;-75.58742951;-75.58729546;-75.58724093;;;;;;;;;;;;;;667ecf2d5002e5c1cb2c4bbe;667ecf2d5002e5c1cb2c4bbf;667ecf2d5002e5c1cb2c4bc0;667ecf2d5002e5c1cb2c4bc1;667ecf2d5002e5c1cb2c4bc2;667ecf2d5002e5c1cb2c4bc3;667ecf2d5002e5c1cb2c4bc4;667ecf2d5002e5c1cb2c4bc5;667ecf2d5002e5c1cb2c4bc6;667ecf2d5002e5c1cb2c4bc7;667ecf2d5002e5c1cb2c4bc8;667ecf2d5002e5c1cb2c4bc9;667ecf2d5002e5c1cb2c4bca;667ecf2d5002e5c1cb2c4bcb;667ecf2d5002e5c1cb2c4bcc;667ecf2d5002e5c1cb2c4bcd;667ecf2d5002e5c1cb2c4bce;667ecf2d5002e5c1cb2c4bcf;667ecf2d5002e5c1cb2c4bd0;667ecf2d5002e5c1cb2c4bd1;667ecf2d5002e5c1cb2c4bd2;667ecf2d5002e5c1cb2c4bd3;667ecf2d5002e5c1cb2c4bd4;667ecf2d5002e5c1cb2c4bd5;667ecf2d5002e5c1cb2c4bd6;667ecf2d5002e5c1cb2c4bd7;667ecf2d5002e5c1cb2c4bd8;667ecf2d5002e5c1cb2c4bd9;667ecf2d5002e5c1cb2c4bda;667ecf2d5002e5c1cb2c4bdb;667ecf2d5002e5c1cb2c4bdc;667ecf2d5002e5c1cb2c4bdd;667ecf2d5002e5c1cb2c4bde;667ecf2d5002e5c1cb2c4bdf;667ecf2d5002e5c1cb2c4be0;667ecf2d5002e5c1cb2c4be1;667ecf2d5002e5c1cb2c4be2;667ecf2d5002e5c1cb2c4be3;667ecf2d5002e5c1cb2c4be4;667ecf2d5002e5c1cb2c4be5;667ecf2d5002e5c1cb2c4be6;667ecf2d5002e5c1cb2c4be7;667ecf2d5002e5c1cb2c4be8;667ecf2d5002e5c1cb2c4be9;667ecf2d5002e5c1cb2c4bea;667ecf2d5002e5c1cb2c4beb;667ecf2d5002e5c1cb2c4bec;667ecf2d5002e5c1cb2c4bed;;;;;;;;;;;;;;false;2024-08-24T10:00:00Z;2024-08-24T10:00:00Z;true;null
667e4e7acb4b99a0554c5544;Confama Envigado;6.171571593;6.171449047;6.171300244;6.171139288;6.171053236;6.171339532;6.171571593;;;;;;;;;;;;-75.58608839;-75.5861688;-75.5858954;-75.58601139;-75.58587522;-75.58569273;-75.58608839;;;;;;;;;;;;667e4e7acb4b99a0554c5545;667e4e7acb4b99a0554c5546;667e4e7acb4b99a0554c5547;667e4e7acb4b99a0554c5548;667e4e7acb4b99a0554c5549;667e4e7acb4b99a0554c554a;667e4e7acb4b99a0554c554b;;;;;;;;;;;;667a50320cc99ae2fa6ed6e0;6.170982303;6.170862616;6.170734235;6.170622535;6.170532115;6.170446063;6.17038239;6.170344542;6.170333976;6.170351098;6.17039525;6.170464731;6.170556868;6.170668112;6.170954408;6.17108304;6.171221933;6.17136553;6.171508087;6.171643901;6.171767541;6.17187406;6.171959198;6.17219126;6.172249321;6.172282805;6.172290497;6.172272118;6.172228335;6.172160735;6.172071771;6.171964668;6.171842122;6.171710561;6.171567942;6.171420296;6.171273866;6.171134843;6.171009105;6.170982303;;;;;;;;;;;;;;;;;;;;;;-75.58671572;-75.58667939;-75.58660945;-75.58651489;-75.58639959;-75.58626342;-75.5861367;-75.58599992;-75.58585833;-75.5857174;-75.58558254;-75.58545895;-75.58535138;-75.58526398;-75.58508149;-75.58501662;-75.58497881;-75.58496955;-75.58498922;-75.58503702;-75.58511106;-75.58520836;-75.58532504;-75.58572071;-75.58584553;-75.58597916;-75.58611675;-75.58625331;-75.58638389;-75.58650375;-75.58660855;-75.58669449;-75.5867749;-75.58684295;-75.5868825;-75.58689187;-75.58687067;-75.58681979;-75.58674139;-75.58671572;;;;;;;;;;;;;;;;;;;;;;667ecf2d5002e5c1cb2c4ca0;667ecf2d5002e5c1cb2c4ca1;667ecf2d5002e5c1cb2c4ca2;667ecf2d5002e5c1cb2c4ca3;667ecf2d5002e5c1cb2c4ca4;667ecf2d5002e5c1cb2c4ca5;667ecf2d5002e5c1cb2c4ca6;667ecf2d5002e5c1cb2c4ca7;667ecf2d5002e5c1cb2c4ca8;667ecf2d5002e5c1cb2c4ca9;667ecf2d5002e5c1cb2c4caa;667ecf2d5002e5c1cb2c4cab;667ecf2d5002e5c1cb2c4cac;667ecf2d5002e5c1cb2c4cad;667ecf2d5002e5c1cb2c4cae;667ecf2d5002e5c1cb2c4caf;667ecf2d5002e5c1cb2c4cb0;667ecf2d5002e5c1cb2c4cb1;667ecf2d5002e5c1cb2c4cb2;667ecf2d5002e5c1cb2c4cb3;667ecf2d5002e5c1cb2c4cb4;667ecf2d5002e5c1cb2c4cb5;667ecf2d5002e5c1cb2c4cb6;667ecf2d5002e5c1cb2c4cb7;667ecf2d5002e5c1cb2c4cb8;667ecf2d5002e5c1cb2c4cb9;667ecf2d5002e5c1cb2c4cba;667ecf2d5002e5c1cb2c4cbb;667ecf2d5002e5c1cb2c4cbc;667ecf2d5002e5c1cb2c4cbd;667ecf2d5002e5c1cb2c4cbe;667ecf2d5002e5c1cb2c4cbf;667ecf2d5002e5c1cb2c4cc0;667ecf2d5002e5c1cb2c4cc1;667ecf2d5002e5c1cb2c4cc2;667ecf2d5002e5c1cb2c4cc3;667ecf2d5002e5c1cb2c4cc4;667ecf2d5002e5c1cb2c4cc5;667ecf2d5002e5c1cb2c4cc6;667ecf2d5002e5c1cb2c4cc7;;;;;;;;;;;;;;;;;;;;;;false;2024-08-24T10:00:00Z;2024-08-24T10:00:00Z;true;null
667e4e8acb4b99a0554c5554;Casa de la juventud;6.171295616;6.171140799;6.171302853;6.171453815;6.171295616;;;;;;;;;;;;;;-75.58626629;-75.5860103;-75.58589581;-75.58617226;-75.58626629;;;;;;;;;;;;;;667e4e8acb4b99a0554c5555;667e4e8acb4b99a0554c5556;667e4e8acb4b99a0554c5557;667e4e8acb4b99a0554c5558;667e4e8acb4b99a0554c5559;;;;;;;;;;;;;;667a50320cc99ae2fa6ed6e0;6.171661628;6.171534842;6.171399011;6.171259271;6.171120905;6.170989144;6.170868971;6.170764929;6.170680951;6.170526133;6.170467052;6.170431745;6.170421457;6.170436551;6.170476495;6.170539879;6.170624466;6.170727273;6.170889327;6.171005834;6.171132671;6.171265426;6.171399484;6.17153018;6.171652971;6.171763585;6.171858175;6.171933451;6.172084414;6.172139011;6.172168316;6.172171249;6.172147701;6.172098541;6.172025583;6.171931521;6.171819827;6.171661628;;;;;;;;;;;;;;;;;;;;;;;;-75.5868893;-75.58694876;-75.58698243;-75.58698901;-75.58696828;-75.586921;-75.58684897;-75.58675491;-75.58664237;-75.58638638;-75.58626412;-75.58613291;-75.58599737;-75.58586229;-75.58573243;-75.58561238;-75.58550636;-75.58541813;-75.58530364;-75.58523671;-75.5851927;-75.58517314;-75.58517872;-75.58520923;-75.58526363;-75.58534001;-75.58543572;-75.58554743;-75.58582389;-75.58595161;-75.58608748;-75.58622648;-75.58636347;-75.58649341;-75.5866115;-75.58671337;-75.58679527;-75.5868893;;;;;;;;;;;;;;;;;;;;;;;;667ecf2d5002e5c1cb2c4bfc;667ecf2d5002e5c1cb2c4bfd;667ecf2d5002e5c1cb2c4bfe;667ecf2d5002e5c1cb2c4bff;667ecf2d5002e5c1cb2c4c00;667ecf2d5002e5c1cb2c4c01;667ecf2d5002e5c1cb2c4c02;667ecf2d5002e5c1cb2c4c03;667ecf2d5002e5c1cb2c4c04;667ecf2d5002e5c1cb2c4c05;667ecf2d5002e5c1cb2c4c06;667ecf2d5002e5c1cb2c4c07;667ecf2d5002e5c1cb2c4c08;667ecf2d5002e5c1cb2c4c09;667ecf2d5002e5c1cb2c4c0a;667ecf2d5002e5c1cb2c4c0b;667ecf2d5002e5c1cb2c4c0c;667ecf2d5002e5c1cb2c4c0d;667ecf2d5002e5c1cb2c4c0e;667ecf2d5002e5c1cb2c4c0f;667ecf2d5002e5c1cb2c4c10;667ecf2d5002e5c1cb2c4c11;667ecf2d5002e5c1cb2c4c12;667ecf2d5002e5c1cb2c4c13;667ecf2d5002e5c1cb2c4c14;667ecf2d5002e5c1cb2c4c15;667ecf2d5002e5c1cb2c4c16;667ecf2d5002e5c1cb2c4c17;667ecf2d5002e5c1cb2c4c18;667ecf2d5002e5c1cb2c4c19;667ecf2d5002e5c1cb2c4c1a;667ecf2d5002e5c1cb2c4c1b;667ecf2d5002e5c1cb2c4c1c;667ecf2d5002e5c1cb2c4c1d;667ecf2d5002e5c1cb2c4c1e;667ecf2d5002e5c1cb2c4c1f;667ecf2d5002e5c1cb2c4c20;667ecf2d5002e5c1cb2c4c21;;;;;;;;;;;;;;;;;;;;;;;;false;2024-08-24T10:00:00Z;2024-08-24T10:00:00Z;true;null
667e4ea8cb4b99a0554c5560;Escuela Fernando Gonzales;6.167921575;6.167361932;6.167140768;6.167320568;6.167251913;6.16762268;6.167921575;;;;;;;;;;;;-75.58635788;-75.58672228;-75.58637459;-75.58624293;-75.58613527;-75.5859056;-75.58635788;;;;;;;;;;;;667e4ea8cb4b99a0554c5561;667e4ea8cb4b99a0554c5562;667e4ea8cb4b99a0554c5563;667e4ea8cb4b99a0554c5564;667e4ea8cb4b99a0554c5565;667e4ea8cb4b99a0554c5566;667e4ea8cb4b99a0554c5567;;;;;;;;;;;;667a4a900cc99ae2fa6ed6c1;6.166396152;6.166431817;6.166520775;6.166638488;6.166780325;6.167151092;6.167305895;6.167472343;6.167644316;6.167815495;6.167979586;6.168130558;6.168262862;6.168371634;6.16867053;6.168753781;6.168804556;6.168820874;6.168802098;6.168748961;6.168663537;6.168549158;6.168410289;6.167850646;6.167693415;6.16752336;6.167347059;6.167171333;6.167002982;6.166848519;6.16671392;6.166604392;6.166383229;6.166305714;6.166257888;6.166241451;6.166256988;6.166303945;6.166380655;6.166396152;;;;;;;;;;;;;;;;;;;;;;-75.58587101;-75.58576404;-75.58560856;-75.5854738;-75.58536505;-75.58513539;-75.58505902;-75.58501377;-75.58500131;-75.58502208;-75.58507533;-75.5851591;-75.5852703;-75.58540486;-75.58585714;-75.586015;-75.58618623;-75.58636417;-75.58654186;-75.58671237;-75.58686904;-75.58700577;-75.58711722;-75.58748161;-75.58756314;-75.58761214;-75.58762671;-75.58760628;-75.58755166;-75.58746494;-75.58734949;-75.58720977;-75.58686209;-75.58671039;-75.58654676;-75.586377;-75.58620716;-75.58604327;-75.58589116;-75.58587101;;;;;;;;;;;;;;;;;;;;;;667ecf2d5002e5c1cb2c4c31;667ecf2d5002e5c1cb2c4c32;667ecf2d5002e5c1cb2c4c33;667ecf2d5002e5c1cb2c4c34;667ecf2d5002e5c1cb2c4c35;667ecf2d5002e5c1cb2c4c36;667ecf2d5002e5c1cb2c4c37;667ecf2d5002e5c1cb2c4c38;667ecf2d5002e5c1cb2c4c39;667ecf2d5002e5c1cb2c4c3a;667ecf2d5002e5c1cb2c4c3b;667ecf2d5002e5c1cb2c4c3c;667ecf2d5002e5c1cb2c4c3d;667ecf2d5002e5c1cb2c4c3e;667ecf2d5002e5c1cb2c4c3f;667ecf2d5002e5c1cb2c4c40;667ecf2d5002e5c1cb2c4c41;667ecf2d5002e5c1cb2c4c42;667ecf2d5002e5c1cb2c4c43;667ecf2d5002e5c1cb2c4c44;667ecf2d5002e5c1cb2c4c45;667ecf2d5002e5c1cb2c4c46;667ecf2d5002e5c1cb2c4c47;667ecf2d5002e5c1cb2c4c48;667ecf2d5002e5c1cb2c4c49;667ecf2d5002e5c1cb2c4c4a;667ecf2d5002e5c1cb2c4c4b;667ecf2d5002e5c1cb2c4c4c;667ecf2d5002e5c1cb2c4c4d;667ecf2d5002e5c1cb2c4c4e;667ecf2d5002e5c1cb2c4c4f;667ecf2d5002e5c1cb2c4c50;667ecf2d5002e5c1cb2c4c51;667ecf2d5002e5c1cb2c4c52;667ecf2d5002e5c1cb2c4c53;667ecf2d5002e5c1cb2c4c54;667ecf2d5002e5c1cb2c4c55;667ecf2d5002e5c1cb2c4c56;667ecf2d5002e5c1cb2c4c57;667ecf2d5002e5c1cb2c4c58;;;;;;;;;;;;;;;;;;;;;;false;2024-08-24T10:00:00Z;2024-08-24T10:00:00Z;true;null
667e4eb8cb4b99a0554c5570;Debora Arango;6.16725067;6.167322249;6.167141032;6.166974817;6.167533531;6.167626573;6.16725067;;;;;;;;;;;;-75.58613497;-75.5862446;-75.5863781;-75.58612037;-75.58577497;-75.58590127;-75.58613497;;;;;;;;;;;;667e4eb8cb4b99a0554c5571;667e4eb8cb4b99a0554c5572;667e4eb8cb4b99a0554c5573;667e4eb8cb4b99a0554c5574;667e4eb8cb4b99a0554c5575;667e4eb8cb4b99a0554c5576;667e4eb8cb4b99a0554c5577;;;;;;;;;;;;667a4a900cc99ae2fa6ed6c1;6.168118869;6.168084824;6.16798109;6.167853652;6.167672435;6.167514891;6.167341926;6.167160676;6.166978615;6.166803253;6.166641824;6.166500984;6.166386544;6.166220328;6.166138337;6.166089492;6.166075729;6.166097592;6.166154216;6.166243356;6.166361481;6.16650391;6.167062624;6.167212034;6.167372478;6.16753845;6.167704252;6.167864196;6.168012791;6.168144938;6.168256101;6.168349143;6.168443706;6.168503428;6.168525762;6.168509756;6.168456093;6.168367061;6.168246455;6.168118869;;;;;;;;;;;;;;;;;;;;;;-75.58665561;-75.58672409;-75.58686029;-75.58697435;-75.58710785;-75.58720079;-75.5872598;-75.58728244;-75.58726778;-75.58721643;-75.5871305;-75.58701353;-75.58687036;-75.58661263;-75.58645256;-75.58627933;-75.5860998;-75.58592109;-75.58575027;-75.58559412;-75.58545882;-75.58534974;-75.58500434;-75.58493019;-75.58488504;-75.58487043;-75.58488687;-75.58493378;-75.58500957;-75.58511162;-75.58523644;-75.58536274;-75.58552349;-75.58570035;-75.58588577;-75.58607186;-75.58625067;-75.58641459;-75.58655662;-75.58665561;;;;;;;;;;;;;;;;;;;;;;667ecf2e5002e5c1cb2c4d5c;667ecf2e5002e5c1cb2c4d5d;667ecf2e5002e5c1cb2c4d5e;667ecf2e5002e5c1cb2c4d5f;667ecf2e5002e5c1cb2c4d60;667ecf2e5002e5c1cb2c4d61;667ecf2e5002e5c1cb2c4d62;667ecf2e5002e5c1cb2c4d63;667ecf2e5002e5c1cb2c4d64;667ecf2e5002e5c1cb2c4d65;667ecf2e5002e5c1cb2c4d66;667ecf2e5002e5c1cb2c4d67;667ecf2e5002e5c1cb2c4d68;667ecf2e5002e5c1cb2c4d69;667ecf2e5002e5c1cb2c4d6a;667ecf2e5002e5c1cb2c4d6b;667ecf2e5002e5c1cb2c4d6c;667ecf2e5002e5c1cb2c4d6d;667ecf2e5002e5c1cb2c4d6e;667ecf2e5002e5c1cb2c4d6f;667ecf2e5002e5c1cb2c4d70;667ecf2e5002e5c1cb2c4d71;667ecf2e5002e5c1cb2c4d72;667ecf2e5002e5c1cb2c4d73;667ecf2e5002e5c1cb2c4d74;667ecf2e5002e5c1cb2c4d75;667ecf2e5002e5c1cb2c4d76;667ecf2e5002e5c1cb2c4d77;667ecf2e5002e5c1cb2c4d78;667ecf2e5002e5c1cb2c4d79;667ecf2e5002e5c1cb2c4d7a;667ecf2e5002e5c1cb2c4d7b;667ecf2e5002e5c1cb2c4d7c;667ecf2e5002e5c1cb2c4d7d;667ecf2e5002e5c1cb2c4d7e;667ecf2e5002e5c1cb2c4d7f;667ecf2e5002e5c1cb2c4d80;667ecf2e5002e5c1cb2c4d81;667ecf2e5002e5c1cb2c4d82;667ecf2e5002e5c1cb2c4d83;;;;;;;;;;;;;;;;;;;;;;false;2024-08-24T10:00:00Z;2024-08-24T10:00:00Z;true;null
667e4ec7cb4b99a0554c5580;Cancha de la Fe;6.160373944;6.160173244;6.160392257;6.160457981;6.160560141;6.160637343;6.160373944;;;;;;;;;;;;-75.58422986;-75.58407661;-75.58385541;-75.58381284;-75.58379282;-75.58394412;-75.58422986;;;;;;;;;;;;667e4ec7cb4b99a0554c5581;667e4ec7cb4b99a0554c5582;667e4ec7cb4b99a0554c5583;667e4ec7cb4b99a0554c5584;667e4ec7cb4b99a0554c5585;667e4ec7cb4b99a0554c5586;667e4ec7cb4b99a0554c5587;;;;;;;;;;;;667a4aaf0cc99ae2fa6ed6c3;6.161033421;6.160891208;6.160726191;6.160545644;6.160357527;6.160170134;6.159991726;6.15983017;6.15962947;6.159504324;6.159403108;6.159329441;6.15928596;6.159274219;6.159294639;6.15934649;6.159427916;6.159536004;6.159755017;6.159905362;6.159971086;6.160122504;6.160285975;6.160388135;6.160552683;6.160717482;6.160876961;6.161025726;6.161158746;6.161271524;6.161360244;6.161437445;6.161503954;6.161534651;6.16152827;6.161485073;6.161406845;6.16129682;6.161033421;;;;;;;;;;;;;;;;;;;;;;;-75.58484485;-75.5849698;-75.58506213;-75.58511776;-75.58513425;-75.58511087;-75.58504864;-75.58495032;-75.58479707;-75.5846812;-75.58454371;-75.5843895;-75.5842241;-75.58405343;-75.58388358;-75.58372064;-75.58357044;-75.58343834;-75.58321713;-75.5830949;-75.58305233;-75.58297359;-75.58292499;-75.58290497;-75.5828883;-75.58290222;-75.58294626;-75.58301893;-75.58311776;-75.58323943;-75.58337981;-75.58353111;-75.58370238;-75.58388365;-75.58406741;-75.58424608;-75.58441227;-75.58455912;-75.58484485;;;;;;;;;;;;;;;;;;;;;;;667ecf2d5002e5c1cb2c4c6a;667ecf2d5002e5c1cb2c4c6b;667ecf2d5002e5c1cb2c4c6c;667ecf2d5002e5c1cb2c4c6d;667ecf2d5002e5c1cb2c4c6e;667ecf2d5002e5c1cb2c4c6f;667ecf2d5002e5c1cb2c4c70;667ecf2d5002e5c1cb2c4c71;667ecf2d5002e5c1cb2c4c72;667ecf2d5002e5c1cb2c4c73;667ecf2d5002e5c1cb2c4c74;667ecf2d5002e5c1cb2c4c75;667ecf2d5002e5c1cb2c4c76;667ecf2d5002e5c1cb2c4c77;667ecf2d5002e5c1cb2c4c78;667ecf2d5002e5c1cb2c4c79;667ecf2d5002e5c1cb2c4c7a;667ecf2d5002e5c1cb2c4c7b;667ecf2d5002e5c1cb2c4c7c;667ecf2d5002e5c1cb2c4c7d;667ecf2d5002e5c1cb2c4c7e;667ecf2d5002e5c1cb2c4c7f;667ecf2d5002e5c1cb2c4c80;667ecf2d5002e5c1cb2c4c81;667ecf2d5002e5c1cb2c4c82;667ecf2d5002e5c1cb2c4c83;667ecf2d5002e5c1cb2c4c84;667ecf2d5002e5c1cb2c4c85;667ecf2d5002e5c1cb2c4c86;667ecf2d5002e5c1cb2c4c87;667ecf2d5002e5c1cb2c4c88;667ecf2d5002e5c1cb2c4c89;667ecf2d5002e5c1cb2c4c8a;667ecf2d5002e5c1cb2c4c8b;667ecf2d5002e5c1cb2c4c8c;667ecf2d5002e5c1cb2c4c8d;667ecf2d5002e5c1cb2c4c8e;667ecf2d5002e5c1cb2c4c8f;667ecf2d5002e5c1cb2c4c90;;;;;;;;;;;;;;;;;;;;;;;false;2024-08-24T10:00:00Z;2024-08-24T10:00:00Z;true;null
667e4edecb4b99a0554c5590;Parque Ecologico Urbano El Dorado;6.165906344;6.164713752;6.164807889;6.165377694;6.165827683;6.166149295;6.166215998;6.166078209;6.166314332;6.165906344;;;;;;;;;-75.58785639;-75.58672925;-75.58662235;-75.58646716;-75.58699187;-75.5869251;-75.5870564;-75.58715108;-75.58742524;-75.58785639;;;;;;;;;667e4edecb4b99a0554c5591;667e4edecb4b99a0554c5592;667e4edecb4b99a0554c5593;667e4edecb4b99a0554c5594;667e4edecb4b99a0554c5595;667e4edecb4b99a0554c5596;667e4edecb4b99a0554c5597;667e4edecb4b99a0554c5598;667e4edecb4b99a0554c5599;667e4edecb4b99a0554c559a;;;;;;;;;667a4aaf0cc99ae2fa6ed6c3;6.16655777;6.166424882;6.166272228;6.166105628;6.165931431;6.165756278;6.165586846;6.165429592;6.16529051;6.16409792;6.163983822;6.163896736;6.163839886;6.163815376;6.163824111;6.163865769;6.163938809;6.164040527;6.164134664;6.164262128;6.164410033;6.164572839;6.165142644;6.165308344;6.165476469;6.165641141;6.165796603;6.16593742;6.166058671;6.166185881;6.166300065;6.166461414;6.166611997;6.16674662;6.166860639;6.166950122;6.167016825;6.167083659;6.167113707;6.167113077;6.167160593;6.167202037;6.167213406;6.167194317;6.167145416;6.16706836;6.166965759;6.16655777;;;;;;;;;;;;;;-75.58848002;-75.58859545;-75.5886827;-75.58873846;-75.5887606;-75.58874827;-75.58870194;-75.58862338;-75.58851559;-75.58738845;-75.58725765;-75.58710729;-75.58694294;-75.58677069;-75.5865969;-75.58642801;-75.58627027;-75.58612951;-75.58602261;-75.58590341;-75.58581113;-75.58574924;-75.58559405;-75.58556531;-75.58556808;-75.58560229;-75.58566674;-75.58575916;-75.58587634;-75.58602467;-75.58603335;-75.58607677;-75.58614946;-75.5862489;-75.58637166;-75.58651351;-75.58664481;-75.5868185;-75.58700228;-75.58701692;-75.58711914;-75.58728033;-75.58744642;-75.5876118;-75.58777086;-75.58791822;-75.58804887;-75.58848002;;;;;;;;;;;;;;667ecf2d5002e5c1cb2c4cdd;667ecf2d5002e5c1cb2c4cde;667ecf2d5002e5c1cb2c4cdf;667ecf2d5002e5c1cb2c4ce0;667ecf2d5002e5c1cb2c4ce1;667ecf2d5002e5c1cb2c4ce2;667ecf2d5002e5c1cb2c4ce3;667ecf2d5002e5c1cb2c4ce4;667ecf2d5002e5c1cb2c4ce5;667ecf2d5002e5c1cb2c4ce6;667ecf2d5002e5c1cb2c4ce7;667ecf2d5002e5c1cb2c4ce8;667ecf2d5002e5c1cb2c4ce9;667ecf2d5002e5c1cb2c4cea;667ecf2d5002e5c1cb2c4ceb;667ecf2d5002e5c1cb2c4cec;667ecf2d5002e5c1cb2c4ced;667ecf2d5002e5c1cb2c4cee;667ecf2d5002e5c1cb2c4cef;667ecf2d5002e5c1cb2c4cf0;667ecf2d5002e5c1cb2c4cf1;667ecf2d5002e5c1cb2c4cf2;667ecf2d5002e5c1cb2c4cf3;667ecf2d5002e5c1cb2c4cf4;667ecf2d5002e5c1cb2c4cf5;667ecf2d5002e5c1cb2c4cf6;667ecf2d5002e5c1cb2c4cf7;667ecf2d5002e5c1cb2c4cf8;667ecf2d5002e5c1cb2c4cf9;667ecf2d5002e5c1cb2c4cfa;667ecf2d5002e5c1cb2c4cfb;667ecf2d5002e5c1cb2c4cfc;667ecf2d5002e5c1cb2c4cfd;667ecf2d5002e5c1cb2c4cfe;667ecf2d5002e5c1cb2c4cff;667ecf2d5002e5c1cb2c4d00;667ecf2d5002e5c1cb2c4d01;667ecf2d5002e5c1cb2c4d02;667ecf2d5002e5c1cb2c4d03;667ecf2d5002e5c1cb2c4d04;667ecf2d5002e5c1cb2c4d05;667ecf2d5002e5c1cb2c4d06;667ecf2d5002e5c1cb2c4d07;667ecf2d5002e5c1cb2c4d08;667ecf2d5002e5c1cb2c4d09;667ecf2d5002e5c1cb2c4d0a;667ecf2d5002e5c1cb2c4d0b;667ecf2d5002e5c1cb2c4d0c;;;;;;;;;;;;;;false;2024-08-24T10:00:00Z;2024-08-24T10:00:00Z;true;null
667e4eeecb4b99a0554c55a6;Secretaria de Medio Ambiente y Desarrollo;6.164711915;6.164561282;6.164810861;6.165276218;6.165401331;6.165463669;6.165377194;6.164806275;6.164711915;;;;;;;;;;-75.58672682;-75.58660289;-75.58626891;-75.58612147;-75.58624378;-75.58633934;-75.58646803;-75.58662075;-75.58672682;;;;;;;;;;667e4eeecb4b99a0554c55a7;667e4eeecb4b99a0554c55a8;667e4eeecb4b99a0554c55a9;667e4eeecb4b99a0554c55aa;667e4eeecb4b99a0554c55ab;667e4eeecb4b99a0554c55ac;667e4eeecb4b99a0554c55ad;667e4eeecb4b99a0554c55ae;667e4eeecb4b99a0554c55af;;;;;;;;;;667a50320cc99ae2fa6ed6e0;6.165184518;6.165147357;6.165030835;6.164902737;6.164767712;6.164630662;6.164496561;6.164370277;6.164256395;6.164105761;6.164008227;6.163930852;6.163876458;6.163847027;6.163843633;6.163866398;6.163914493;6.163986166;6.164235744;6.164336882;6.164458264;6.164594705;6.165060061;6.165211631;6.165366182;6.16551658;6.165655883;6.16577766;6.165902774;6.166002866;6.166065204;6.166130506;6.166170315;6.166183108;6.166168398;6.166126746;6.166059745;6.165973269;6.165891952;6.165794162;6.165683029;6.16556211;6.165184518;;;;;;;;;;;;;;;;;;;-75.58726837;-75.58730287;-75.58737548;-75.58742455;-75.58744828;-75.58744583;-75.58741728;-75.58736367;-75.58728694;-75.58716301;-75.58706573;-75.58695157;-75.5868247;-75.58668975;-75.58655163;-75.58641538;-75.58628597;-75.5861681;-75.58583412;-75.5857245;-75.58563813;-75.5855787;-75.58543126;-75.58540075;-75.58540351;-75.58543941;-75.58550679;-75.58560255;-75.58572486;-75.5858468;-75.58594236;-75.58606769;-75.58620339;-75.58634429;-75.58648501;-75.58662015;-75.58674456;-75.58687325;-75.58697359;-75.58705775;-75.58712303;-75.58716736;-75.58726837;;;;;;;;;;;;;;;;;;;667ecf2e5002e5c1cb2c4d21;667ecf2e5002e5c1cb2c4d22;667ecf2e5002e5c1cb2c4d23;667ecf2e5002e5c1cb2c4d24;667ecf2e5002e5c1cb2c4d25;667ecf2e5002e5c1cb2c4d26;667ecf2e5002e5c1cb2c4d27;667ecf2e5002e5c1cb2c4d28;667ecf2e5002e5c1cb2c4d29;667ecf2e5002e5c1cb2c4d2a;667ecf2e5002e5c1cb2c4d2b;667ecf2e5002e5c1cb2c4d2c;667ecf2e5002e5c1cb2c4d2d;667ecf2e5002e5c1cb2c4d2e;667ecf2e5002e5c1cb2c4d2f;667ecf2e5002e5c1cb2c4d30;667ecf2e5002e5c1cb2c4d31;667ecf2e5002e5c1cb2c4d32;667ecf2e5002e5c1cb2c4d33;667ecf2e5002e5c1cb2c4d34;667ecf2e5002e5c1cb2c4d35;667ecf2e5002e5c1cb2c4d36;667ecf2e5002e5c1cb2c4d37;667ecf2e5002e5c1cb2c4d38;667ecf2e5002e5c1cb2c4d39;667ecf2e5002e5c1cb2c4d3a;667ecf2e5002e5c1cb2c4d3b;667ecf2e5002e5c1cb2c4d3c;667ecf2e5002e5c1cb2c4d3d;667ecf2e5002e5c1cb2c4d3e;667ecf2e5002e5c1cb2c4d3f;667ecf2e5002e5c1cb2c4d40;667ecf2e5002e5c1cb2c4d41;667ecf2e5002e5c1cb2c4d42;667ecf2e5002e5c1cb2c4d43;667ecf2e5002e5c1cb2c4d44;667ecf2e5002e5c1cb2c4d45;667ecf2e5002e5c1cb2c4d46;667ecf2e5002e5c1cb2c4d47;667ecf2e5002e5c1cb2c4d48;667ecf2e5002e5c1cb2c4d49;667ecf2e5002e5c1cb2c4d4a;667ecf2e5002e5c1cb2c4d4b;;;;;;;;;;;;;;;;;;;false;2024-08-24T10:00:00Z;2024-08-24T10:00:00Z;true;null
667e4f03cb4b99a0554c55ba;Teleenvigado;6.164559634;6.164315701;6.164678694;6.164877023;6.164812102;6.164559634;;;;;;;;;;;;;-75.58659972;-75.58643943;-75.58607211;-75.58624351;-75.5862645;-75.58659972;;;;;;;;;;;;;667e4f03cb4b99a0554c55bb;667e4f03cb4b99a0554c55bc;667e4f03cb4b99a0554c55bd;667e4f03cb4b99a0554c55be;667e4f03cb4b99a0554c55bf;667e4f03cb4b99a0554c55c0;;;;;;;;;;;;;667a50320cc99ae2fa6ed6e0;6.165133124;6.165042015;6.164933969;6.164812782;6.164682707;6.16454831;6.164414312;6.164285415;6.164166146;6.163922213;6.163811849;6.163721009;6.163653211;6.163611084;6.163596259;6.163609311;6.163649734;6.163715962;6.163805429;6.164168421;6.164271777;6.164389364;6.164517069;6.164650427;6.164784773;6.16491541;6.165037768;6.165147568;6.165345898;6.16544177;6.165516714;6.165567952;6.165593584;6.165592662;6.165565218;6.165512271;6.165435783;6.165338587;6.165284255;6.165133124;;;;;;;;;;;;;;;;;;;;;;-75.58703667;-75.58713661;-75.5872177;-75.58727709;-75.58731269;-75.58732327;-75.58730845;-75.58726874;-75.58720554;-75.58704525;-75.58695599;-75.58684671;-75.58672165;-75.58658565;-75.58644399;-75.58630215;-75.58616563;-75.58603972;-75.5859293;-75.58556197;-75.58547533;-75.58540956;-75.58536697;-75.58534903;-75.58535638;-75.58538876;-75.58544504;-75.58552325;-75.58569465;-75.58579519;-75.58591234;-75.58604176;-75.58617866;-75.58631796;-75.58645451;-75.58658323;-75.58669937;-75.58679861;-75.586836;-75.58703667;;;;;;;;;;;;;;;;;;;;;;667ecf2e5002e5c1cb2c4d93;667ecf2e5002e5c1cb2c4d94;667ecf2e5002e5c1cb2c4d95;667ecf2e5002e5c1cb2c4d96;667ecf2e5002e5c1cb2c4d97;667ecf2e5002e5c1cb2c4d98;667ecf2e5002e5c1cb2c4d99;667ecf2e5002e5c1cb2c4d9a;667ecf2e5002e5c1cb2c4d9b;667ecf2e5002e5c1cb2c4d9c;667ecf2e5002e5c1cb2c4d9d;667ecf2e5002e5c1cb2c4d9e;667ecf2e5002e5c1cb2c4d9f;667ecf2e5002e5c1cb2c4da0;667ecf2e5002e5c1cb2c4da1;667ecf2e5002e5c1cb2c4da2;667ecf2e5002e5c1cb2c4da3;667ecf2e5002e5c1cb2c4da4;667ecf2e5002e5c1cb2c4da5;667ecf2e5002e5c1cb2c4da6;667ecf2e5002e5c1cb2c4da7;667ecf2e5002e5c1cb2c4da8;667ecf2e5002e5c1cb2c4da9;667ecf2e5002e5c1cb2c4daa;667ecf2e5002e5c1cb2c4dab;667ecf2e5002e5c1cb2c4dac;667ecf2e5002e5c1cb2c4dad;667ecf2e5002e5c1cb2c4dae;667ecf2e5002e5c1cb2c4daf;667ecf2e5002e5c1cb2c4db0;667ecf2e5002e5c1cb2c4db1;667ecf2e5002e5c1cb2c4db2;667ecf2e5002e5c1cb2c4db3;667ecf2e5002e5c1cb2c4db4;667ecf2e5002e5c1cb2c4db5;667ecf2e5002e5c1cb2c4db6;667ecf2e5002e5c1cb2c4db7;667ecf2e5002e5c1cb2c4db8;667ecf2e5002e5c1cb2c4db9;667ecf2e5002e5c1cb2c4dba;;;;;;;;;;;;;;;;;;;;;;false;2024-08-24T10:00:00Z;2024-08-24T10:00:00Z;true;null
667e4f13cb4b99a0554c55c8;Secretaria de Obras Publicas Envigado;6.167205571;6.166969283;6.166606042;6.166557809;6.166966819;6.167205571;;;;;;;;;;;;;-75.58738897;-75.58756708;-75.58734964;-75.58729742;-75.58703261;-75.58738897;;;;;;;;;;;;;667e4f13cb4b99a0554c55c9;667e4f13cb4b99a0554c55ca;667e4f13cb4b99a0554c55cb;667e4f13cb4b99a0554c55cc;667e4f13cb4b99a0554c55cd;667e4f13cb4b99a0554c55ce;;;;;;;;;;;;;667a50320cc99ae2fa6ed6e0;6.167802202;6.16786742;6.167908796;6.167924842;6.167914978;6.16787956;6.167819864;6.167738041;6.167637037;6.167400748;6.167279936;6.167147148;6.167007503;6.166866384;6.166729232;6.166601335;6.166238094;6.16607897;6.166030738;6.165946153;6.165884556;6.165848262;6.165838635;6.165856037;6.165899814;6.16596832;6.166058981;6.16616839;6.166577399;6.166701144;6.166834828;6.166973449;6.167111823;6.167244771;6.167367322;6.167474889;6.16756345;6.167802202;;;;;;;;;;;;;;;;;;;;;;;;-75.58698457;-75.58710523;-75.58723612;-75.58737251;-75.5875095;-75.58764214;-75.58776566;-75.58787561;-75.58796804;-75.58814615;-75.58821979;-75.58826826;-75.5882897;-75.58828328;-75.58824925;-75.58818893;-75.58797149;-75.5878422;-75.58778998;-75.58767844;-75.58755257;-75.58741711;-75.58727716;-75.58713797;-75.58700477;-75.58688257;-75.58677596;-75.58668895;-75.58642413;-75.58636011;-75.58632124;-75.58630899;-75.58632381;-75.58636515;-75.58643145;-75.58652025;-75.58662821;-75.58698457;;;;;;;;;;;;;;;;;;;;;;;;667ecf2e5002e5c1cb2c4dca;667ecf2e5002e5c1cb2c4dcb;667ecf2e5002e5c1cb2c4dcc;667ecf2e5002e5c1cb2c4dcd;667ecf2e5002e5c1cb2c4dce;667ecf2e5002e5c1cb2c4dcf;667ecf2e5002e5c1cb2c4dd0;667ecf2e5002e5c1cb2c4dd1;667ecf2e5002e5c1cb2c4dd2;667ecf2e5002e5c1cb2c4dd3;667ecf2e5002e5c1cb2c4dd4;667ecf2e5002e5c1cb2c4dd5;667ecf2e5002e5c1cb2c4dd6;667ecf2e5002e5c1cb2c4dd7;667ecf2e5002e5c1cb2c4dd8;667ecf2e5002e5c1cb2c4dd9;667ecf2e5002e5c1cb2c4dda;667ecf2e5002e5c1cb2c4ddb;667ecf2e5002e5c1cb2c4ddc;667ecf2e5002e5c1cb2c4ddd;667ecf2e5002e5c1cb2c4dde;667ecf2e5002e5c1cb2c4ddf;667ecf2e5002e5c1cb2c4de0;667ecf2e5002e5c1cb2c4de1;667ecf2e5002e5c1cb2c4de2;667ecf2e5002e5c1cb2c4de3;667ecf2e5002e5c1cb2c4de4;667ecf2e5002e5c1cb2c4de5;667ecf2e5002e5c1cb2c4de6;667ecf2e5002e5c1cb2c4de7;667ecf2e5002e5c1cb2c4de8;667ecf2e5002e5c1cb2c4de9;667ecf2e5002e5c1cb2c4dea;667ecf2e5002e5c1cb2c4deb;667ecf2e5002e5c1cb2c4dec;667ecf2e5002e5c1cb2c4ded;667ecf2e5002e5c1cb2c4dee;667ecf2e5002e5c1cb2c4def;;;;;;;;;;;;;;;;;;;;;;;;false;2024-08-24T10:00:00Z;2024-08-24T10:00:00Z;true;null
667e4f1fcb4b99a0554c55d6;Camara de Comercia Aburra Sur;6.167420889;6.167534185;6.16736043;6.167250795;6.167420889;;;;;;;;;;;;;;-75.58702561;-75.587186;-75.58729796;-75.58714103;-75.58702561;;;;;;;;;;;;;;667e4f1fcb4b99a0554c55d7;667e4f1fcb4b99a0554c55d8;667e4f1fcb4b99a0554c55d9;667e4f1fcb4b99a0554c55da;667e4f1fcb4b99a0554c55db;;;;;;;;;;;;;;667a50320cc99ae2fa6ed6e0;6.167018522;6.1671406;6.167273121;6.167411147;6.167549535;6.167683131;6.167806957;6.1679164;6.168007381;6.168120677;6.168192456;6.168237374;6.1682536;6.16824047;6.168198521;6.168129464;6.168036117;6.167922289;6.167748535;6.167626468;6.167494726;6.167358098;6.167221556;6.167090064;6.166968407;6.166861008;6.166771774;6.166662139;6.166592062;6.166547914;6.166531435;6.166543271;6.166582958;6.166648934;6.1667386;6.166848428;6.167018522;;;;;;;;;;;;;;;;;;;;;;;;;-75.58642572;-75.58635914;-75.58631739;-75.58630203;-75.58631363;-75.58635175;-75.58641498;-75.58650095;-75.58660648;-75.58676686;-75.58689397;-75.58703299;-75.58717825;-75.58732383;-75.58746378;-75.5875924;-75.58770444;-75.58779532;-75.58790728;-75.58797031;-75.58800888;-75.5880216;-75.58800799;-75.58796856;-75.58790474;-75.58781885;-75.58771401;-75.58755708;-75.587432;-75.58729547;-75.58715286;-75.58700978;-75.58687187;-75.58674455;-75.58663284;-75.58654114;-75.58642572;;;;;;;;;;;;;;;;;;;;;;;;;667ecf2e5002e5c1cb2c4dfb;667ecf2e5002e5c1cb2c4dfc;667ecf2e5002e5c1cb2c4dfd;667ecf2e5002e5c1cb2c4dfe;667ecf2e5002e5c1cb2c4dff;667ecf2e5002e5c1cb2c4e00;667ecf2e5002e5c1cb2c4e01;667ecf2e5002e5c1cb2c4e02;667ecf2e5002e5c1cb2c4e03;667ecf2e5002e5c1cb2c4e04;667ecf2e5002e5c1cb2c4e05;667ecf2e5002e5c1cb2c4e06;667ecf2e5002e5c1cb2c4e07;667ecf2e5002e5c1cb2c4e08;667ecf2e5002e5c1cb2c4e09;667ecf2e5002e5c1cb2c4e0a;667ecf2e5002e5c1cb2c4e0b;667ecf2e5002e5c1cb2c4e0c;667ecf2e5002e5c1cb2c4e0d;667ecf2e5002e5c1cb2c4e0e;667ecf2e5002e5c1cb2c4e0f;667ecf2e5002e5c1cb2c4e10;667ecf2e5002e5c1cb2c4e11;667ecf2e5002e5c1cb2c4e12;667ecf2e5002e5c1cb2c4e13;667ecf2e5002e5c1cb2c4e14;667ecf2e5002e5c1cb2c4e15;667ecf2e5002e5c1cb2c4e16;667ecf2e5002e5c1cb2c4e17;667ecf2e5002e5c1cb2c4e18;667ecf2e5002e5c1cb2c4e19;667ecf2e5002e5c1cb2c4e1a;667ecf2e5002e5c1cb2c4e1b;667ecf2e5002e5c1cb2c4e1c;667ecf2e5002e5c1cb2c4e1d;667ecf2e5002e5c1cb2c4e1e;667ecf2e5002e5c1cb2c4e1f;;;;;;;;;;;;;;;;;;;;;;;;;false;2024-08-24T10:00:00Z;2024-08-24T10:00:00Z;true;null
667e4f32cb4b99a0554c55e2;Cancha El Dorado;6.165022141;6.16555648;6.165621214;6.165166647;6.164922108;6.164606194;6.164173664;6.163995424;6.164121856;6.164563774;6.165022141;;;;;;;;-75.59088786;-75.59092814;-75.59129745;-75.59196778;-75.59210989;-75.59208778;-75.59168462;-75.59109887;-75.59084598;-75.59057813;-75.59088786;;;;;;;;667e4f32cb4b99a0554c55e3;667e4f32cb4b99a0554c55e4;667e4f32cb4b99a0554c55e5;667e4f32cb4b99a0554c55e6;667e4f32cb4b99a0554c55e7;667e4f32cb4b99a0554c55e8;667e4f32cb4b99a0554c55e9;667e4f32cb4b99a0554c55ea;667e4f32cb4b99a0554c55eb;667e4f32cb4b99a0554c55ec;667e4f32cb4b99a0554c55ed;;;;;;;;667a4aaf0cc99ae2fa6ed6c3;6.165326371;6.165623702;6.165790803;6.165949579;6.166094386;6.166220081;6.166322196;6.166397103;6.16644214;6.166506875;6.166520376;6.166500393;6.16644767;6.166364171;6.165909604;6.165778382;6.165616554;6.165372015;6.165210218;6.165037185;6.164859664;6.16454375;6.164344335;6.164158234;6.163994908;6.163562379;6.163456615;6.163372871;6.16331372;6.16313548;6.163101177;6.163099309;6.163129944;6.163191971;6.163318404;6.163407801;6.163522229;6.163657678;6.164099596;6.164252564;6.164416614;6.164585904;6.164754407;6.164916121;6.165065288;6.165326371;;;;;;;;;;;;;;;;-75.59000371;-75.59002612;-75.59005484;-75.59011458;-75.59020323;-75.59031764;-75.59045375;-75.59060671;-75.59077109;-75.5911404;-75.59131442;-75.59148782;-75.59165412;-75.59180715;-75.59247748;-75.59263083;-75.59275101;-75.59289312;-75.59296677;-75.59300701;-75.59301226;-75.59299015;-75.59295313;-75.59287213;-75.59275124;-75.59234808;-75.59223056;-75.59209627;-75.59194934;-75.59136359;-75.59119481;-75.59102255;-75.59085306;-75.59069248;-75.5904396;-75.59029608;-75.59017184;-75.59007123;-75.58980338;-75.58972946;-75.58968577;-75.58967385;-75.58969413;-75.58974589;-75.58982728;-75.59000371;;;;;;;;;;;;;;;;667ecf2e5002e5c1cb2c4e38;667ecf2e5002e5c1cb2c4e39;667ecf2e5002e5c1cb2c4e3a;667ecf2e5002e5c1cb2c4e3b;667ecf2e5002e5c1cb2c4e3c;667ecf2e5002e5c1cb2c4e3d;667ecf2e5002e5c1cb2c4e3e;667ecf2e5002e5c1cb2c4e3f;667ecf2e5002e5c1cb2c4e40;667ecf2e5002e5c1cb2c4e41;667ecf2e5002e5c1cb2c4e42;667ecf2e5002e5c1cb2c4e43;667ecf2e5002e5c1cb2c4e44;667ecf2e5002e5c1cb2c4e45;667ecf2e5002e5c1cb2c4e46;667ecf2e5002e5c1cb2c4e47;667ecf2e5002e5c1cb2c4e48;667ecf2e5002e5c1cb2c4e49;667ecf2e5002e5c1cb2c4e4a;667ecf2e5002e5c1cb2c4e4b;667ecf2e5002e5c1cb2c4e4c;667ecf2e5002e5c1cb2c4e4d;667ecf2e5002e5c1cb2c4e4e;667ecf2e5002e5c1cb2c4e4f;667ecf2e5002e5c1cb2c4e50;667ecf2e5002e5c1cb2c4e51;667ecf2e5002e5c1cb2c4e52;667ecf2e5002e5c1cb2c4e53;667ecf2e5002e5c1cb2c4e54;667ecf2e5002e5c1cb2c4e55;667ecf2e5002e5c1cb2c4e56;667ecf2e5002e5c1cb2c4e57;667ecf2e5002e5c1cb2c4e58;667ecf2e5002e5c1cb2c4e59;667ecf2e5002e5c1cb2c4e5a;667ecf2e5002e5c1cb2c4e5b;667ecf2e5002e5c1cb2c4e5c;667ecf2e5002e5c1cb2c4e5d;667ecf2e5002e5c1cb2c4e5e;667ecf2e5002e5c1cb2c4e5f;667ecf2e5002e5c1cb2c4e60;667ecf2e5002e5c1cb2c4e61;667ecf2e5002e5c1cb2c4e62;667ecf2e5002e5c1cb2c4e63;667ecf2e5002e5c1cb2c4e64;667ecf2e5002e5c1cb2c4e65;;;;;;;;;;;;;;;;false;2024-08-24T10:00:00Z;2024-08-24T10:00:00Z;true;null
667e4f77cb4b99a0554c55fa;Institucion Educativa Manuel Uribe Angel;6.170984141;6.171114827;6.170745093;6.170083664;6.170603051;6.170984141;;;;;;;;;;;;;-75.59019029;-75.59040712;-75.59069861;-75.58968213;-75.58935098;-75.59019029;;;;;;;;;;;;;667e4f77cb4b99a0554c55fb;667e4f77cb4b99a0554c55fc;667e4f77cb4b99a0554c55fd;667e4f77cb4b99a0554c55fe;667e4f77cb4b99a0554c55ff;667e4f77cb4b99a0554c5600;;;;;;;;;;;;;667a4a900cc99ae2fa6ed6c1;6.171780386;6.171883863;6.17196335;6.172006509;6.172011493;6.171978088;6.171907723;6.171803413;6.171669622;6.171299888;6.171142566;6.170968273;6.170784449;6.170598946;6.170419682;6.170254314;6.170109902;6.169992613;6.169331185;6.169248952;6.169199392;6.169184445;6.169204695;6.169259351;6.169346272;6.169462057;6.169602174;6.17012156;6.170273431;6.170437129;6.17060678;6.170776297;6.170939599;6.171090824;6.171224548;6.171335972;6.171421098;6.171780386;;;;;;;;;;;;;;;;;;;;;;;;-75.5897665;-75.58993818;-75.59010741;-75.59028947;-75.59047657;-75.59066069;-75.59083396;-75.59098896;-75.59111904;-75.59141054;-75.59151003;-75.59157488;-75.59160231;-75.59159115;-75.59154188;-75.59145661;-75.59133896;-75.59119398;-75.5901775;-75.5900188;-75.58984692;-75.58966859;-75.58949079;-75.58932048;-75.58916432;-75.58902844;-75.58891814;-75.58858698;-75.58850936;-75.58846194;-75.58844642;-75.58846336;-75.58851214;-75.58859102;-75.58869717;-75.58882678;-75.5889752;-75.5897665;;;;;;;;;;;;;;;;;;;;;;;;667ecf2e5002e5c1cb2c4e73;667ecf2e5002e5c1cb2c4e74;667ecf2e5002e5c1cb2c4e75;667ecf2e5002e5c1cb2c4e76;667ecf2e5002e5c1cb2c4e77;667ecf2e5002e5c1cb2c4e78;667ecf2e5002e5c1cb2c4e79;667ecf2e5002e5c1cb2c4e7a;667ecf2e5002e5c1cb2c4e7b;667ecf2e5002e5c1cb2c4e7c;667ecf2e5002e5c1cb2c4e7d;667ecf2e5002e5c1cb2c4e7e;667ecf2e5002e5c1cb2c4e7f;667ecf2e5002e5c1cb2c4e80;667ecf2e5002e5c1cb2c4e81;667ecf2e5002e5c1cb2c4e82;667ecf2e5002e5c1cb2c4e83;667ecf2e5002e5c1cb2c4e84;667ecf2e5002e5c1cb2c4e85;667ecf2e5002e5c1cb2c4e86;667ecf2e5002e5c1cb2c4e87;667ecf2e5002e5c1cb2c4e88;667ecf2e5002e5c1cb2c4e89;667ecf2e5002e5c1cb2c4e8a;667ecf2e5002e5c1cb2c4e8b;667ecf2e5002e5c1cb2c4e8c;667ecf2e5002e5c1cb2c4e8d;667ecf2e5002e5c1cb2c4e8e;667ecf2e5002e5c1cb2c4e8f;667ecf2e5002e5c1cb2c4e90;667ecf2e5002e5c1cb2c4e91;667ecf2e5002e5c1cb2c4e92;667ecf2e5002e5c1cb2c4e93;667ecf2e5002e5c1cb2c4e94;667ecf2e5002e5c1cb2c4e95;667ecf2e5002e5c1cb2c4e96;667ecf2e5002e5c1cb2c4e97;667ecf2e5002e5c1cb2c4e98;;;;;;;;;;;;;;;;;;;;;;;;false;2024-08-24T10:00:00Z;2024-08-24T10:00:00Z;true;null
667e4f88cb4b99a0554c5608;Colegio la Presentacion Envigado;6.171840914;6.171260449;6.170998151;6.170910192;6.171017644;6.170670857;6.171134189;6.171840914;;;;;;;;;;;-75.58955882;-75.58989976;-75.58953216;-75.58925402;-75.58917303;-75.58872217;-75.58843623;-75.58955882;;;;;;;;;;;667e4f88cb4b99a0554c5609;667e4f88cb4b99a0554c560a;667e4f88cb4b99a0554c560b;667e4f88cb4b99a0554c560c;667e4f88cb4b99a0554c560d;667e4f88cb4b99a0554c560e;667e4f88cb4b99a0554c560f;667e4f88cb4b99a0554c5610;;;;;;;;;;;667a4a900cc99ae2fa6ed6c1;6.170016203;6.169959556;6.169869834;6.169807907;6.169775924;6.169774994;6.16980515;6.169865346;6.169953492;6.17006653;6.170200537;6.17066387;6.170820959;6.17098987;6.171164228;6.171337452;6.171503005;6.171654638;6.171786627;6.171893993;6.172600718;6.172681426;6.172728343;6.172739584;6.172714695;6.172654679;6.172561947;6.172440228;6.172294414;6.171713949;6.171563692;6.17140313;6.171237719;6.171073081;6.17091481;6.170768284;6.170638483;6.170529818;6.17026752;6.170194413;6.170141143;6.170053183;6.170016203;;;;;;;;;;;;;;;;;;;-75.58934932;-75.58927567;-75.58913338;-75.58897681;-75.58881141;-75.58864292;-75.58847717;-75.58831993;-75.58817664;-75.58805228;-75.58795116;-75.58766522;-75.5875883;-75.58754339;-75.58753217;-75.58755507;-75.58761123;-75.58769853;-75.58781367;-75.5879523;-75.5890749;-75.58923709;-75.58941221;-75.58959323;-75.58977286;-75.58994389;-75.59009944;-75.59023326;-75.59033996;-75.5906809;-75.59075135;-75.59079287;-75.59080404;-75.59078448;-75.59073485;-75.59065685;-75.59055312;-75.59042718;-75.59005957;-75.58993797;-75.58980635;-75.58952821;-75.58934932;;;;;;;;;;;;;;;;;;;667ecf2e5002e5c1cb2c4eab;667ecf2e5002e5c1cb2c4eac;667ecf2e5002e5c1cb2c4ead;667ecf2e5002e5c1cb2c4eae;667ecf2e5002e5c1cb2c4eaf;667ecf2e5002e5c1cb2c4eb0;667ecf2e5002e5c1cb2c4eb1;667ecf2e5002e5c1cb2c4eb2;667ecf2e5002e5c1cb2c4eb3;667ecf2e5002e5c1cb2c4eb4;667ecf2e5002e5c1cb2c4eb5;667ecf2e5002e5c1cb2c4eb6;667ecf2e5002e5c1cb2c4eb7;667ecf2e5002e5c1cb2c4eb8;667ecf2e5002e5c1cb2c4eb9;667ecf2e5002e5c1cb2c4eba;667ecf2e5002e5c1cb2c4ebb;667ecf2e5002e5c1cb2c4ebc;667ecf2e5002e5c1cb2c4ebd;667ecf2e5002e5c1cb2c4ebe;667ecf2e5002e5c1cb2c4ebf;667ecf2e5002e5c1cb2c4ec0;667ecf2e5002e5c1cb2c4ec1;667ecf2e5002e5c1cb2c4ec2;667ecf2e5002e5c1cb2c4ec3;667ecf2e5002e5c1cb2c4ec4;667ecf2e5002e5c1cb2c4ec5;667ecf2e5002e5c1cb2c4ec6;667ecf2e5002e5c1cb2c4ec7;667ecf2e5002e5c1cb2c4ec8;667ecf2e5002e5c1cb2c4ec9;667ecf2e5002e5c1cb2c4eca;667ecf2e5002e5c1cb2c4ecb;667ecf2e5002e5c1cb2c4ecc;667ecf2e5002e5c1cb2c4ecd;667ecf2e5002e5c1cb2c4ece;667ecf2e5002e5c1cb2c4ecf;667ecf2e5002e5c1cb2c4ed0;667ecf2e5002e5c1cb2c4ed1;667ecf2e5002e5c1cb2c4ed2;667ecf2e5002e5c1cb2c4ed3;667ecf2e5002e5c1cb2c4ed4;667ecf2e5002e5c1cb2c4ed5;;;;;;;;;;;;;;;;;;;false;2024-08-24T10:00:00Z;2024-08-24T10:00:00Z;true;null
667e4fcecb4b99a0554c57a6;Tecnologico de Artes Debora Arango;6.171840699;6.172028257;6.171201193;6.17085891;6.171018452;6.171262294;6.171840699;;;;;;;;;;;;-75.58955558;-75.58985182;-75.59033012;-75.58966428;-75.58956186;-75.58989329;-75.58955558;;;;;;;;;;;;667e4fcecb4b99a0554c57a7;667e4fcecb4b99a0554c57a8;667e4fcecb4b99a0554c57a9;667e4fcecb4b99a0554c57aa;667e4fcecb4b99a0554c57ab;667e4fcecb4b99a0554c57ac;667e4fcecb4b99a0554c57ad;;;;;;;;;;;;667a4a900cc99ae2fa6ed6c1;6.171422211;6.171545257;6.171712068;6.171883568;6.172053505;6.172215686;6.172364198;6.172493629;6.17259926;6.172786819;6.172868316;6.17291565;6.172926895;6.172901594;6.172840776;6.172746914;6.172623826;6.172476518;6.171649454;6.171483985;6.171307024;6.171125764;6.170947568;6.170779679;6.170628918;6.170501411;6.170402341;6.170060058;6.169997712;6.169964754;6.169962308;6.169990458;6.170048244;6.170133693;6.17024389;6.170375074;6.170534617;6.170684591;6.170846296;6.17101405;6.171181959;6.171344123;6.171422211;;;;;;;;;;;;;;;;;;;-75.58875804;-75.58870123;-75.58866032;-75.58865205;-75.58867671;-75.58873341;-75.58882007;-75.58893355;-75.58906969;-75.58936593;-75.58952889;-75.58970499;-75.58988705;-75.59006769;-75.59023954;-75.59039563;-75.5905296;-75.59063601;-75.5911143;-75.5911888;-75.5912284;-75.59123149;-75.59119796;-75.59112917;-75.5910279;-75.59089829;-75.59074558;-75.59007974;-75.58992485;-75.58976108;-75.589594;-75.58942932;-75.58927265;-75.58912935;-75.58900431;-75.58890178;-75.58879936;-75.58872194;-75.58867402;-75.58865731;-75.58867237;-75.58871869;-75.58875804;;;;;;;;;;;;;;;;;;;667ecf2e5002e5c1cb2c4ee7;667ecf2e5002e5c1cb2c4ee8;667ecf2e5002e5c1cb2c4ee9;667ecf2e5002e5c1cb2c4eea;667ecf2e5002e5c1cb2c4eeb;667ecf2e5002e5c1cb2c4eec;667ecf2e5002e5c1cb2c4eed;667ecf2e5002e5c1cb2c4eee;667ecf2e5002e5c1cb2c4eef;667ecf2e5002e5c1cb2c4ef0;667ecf2e5002e5c1cb2c4ef1;667ecf2e5002e5c1cb2c4ef2;667ecf2e5002e5c1cb2c4ef3;667ecf2e5002e5c1cb2c4ef4;667ecf2e5002e5c1cb2c4ef5;667ecf2e5002e5c1cb2c4ef6;667ecf2e5002e5c1cb2c4ef7;667ecf2e5002e5c1cb2c4ef8;667ecf2e5002e5c1cb2c4ef9;667ecf2e5002e5c1cb2c4efa;667ecf2e5002e5c1cb2c4efb;667ecf2e5002e5c1cb2c4efc;667ecf2e5002e5c1cb2c4efd;667ecf2e5002e5c1cb2c4efe;667ecf2e5002e5c1cb2c4eff;667ecf2e5002e5c1cb2c4f00;667ecf2e5002e5c1cb2c4f01;667ecf2e5002e5c1cb2c4f02;667ecf2e5002e5c1cb2c4f03;667ecf2e5002e5c1cb2c4f04;667ecf2e5002e5c1cb2c4f05;667ecf2e5002e5c1cb2c4f06;667ecf2e5002e5c1cb2c4f07;667ecf2e5002e5c1cb2c4f08;667ecf2e5002e5c1cb2c4f09;667ecf2e5002e5c1cb2c4f0a;667ecf2e5002e5c1cb2c4f0b;667ecf2e5002e5c1cb2c4f0c;667ecf2e5002e5c1cb2c4f0d;667ecf2e5002e5c1cb2c4f0e;667ecf2e5002e5c1cb2c4f0f;667ecf2e5002e5c1cb2c4f10;667ecf2e5002e5c1cb2c4f11;;;;;;;;;;;;;;;;;;;false;2024-08-24T10:00:00Z;2024-08-24T10:00:00Z;true;null
667e4fe1cb4b99a0554c57b6;Parque Debora Arango;6.171881485;6.172028984;6.171912282;6.171202289;6.172031988;6.172261494;6.171881485;;;;;;;;;;;;-75.59043472;-75.59128317;-75.59133924;-75.5903297;-75.5898498;-75.59022078;-75.59043472;;;;;;;;;;;;667e4fe1cb4b99a0554c57b7;667e4fe1cb4b99a0554c57b8;667e4fe1cb4b99a0554c57b9;667e4fe1cb4b99a0554c57ba;667e4fe1cb4b99a0554c57bb;667e4fe1cb4b99a0554c57bc;667e4fe1cb4b99a0554c57bd;;;;;;;;;;;;667a50320cc99ae2fa6ed6e0;6.17267663;6.172737687;6.172748385;6.17273441;6.172696239;6.172635184;6.172553337;6.172453507;6.172339116;6.172222414;6.172087179;6.171944964;6.171801443;6.171662347;6.171533227;6.171419235;6.171324923;6.17061493;6.17054177;6.170497104;6.170482859;6.170499649;6.170546749;6.170622129;6.170722536;6.170843639;6.171673338;6.171798946;6.171933119;6.172070926;6.172207302;6.172337235;6.172455948;6.17255908;6.17264284;6.172872346;6.17293622;6.172972618;6.172980058;6.172958235;6.17290804;6.172831516;6.17273178;6.17267663;;;;;;;;;;;;;;;;;;-75.59080731;-75.59115852;-75.59129211;-75.59142539;-75.59155379;-75.5916729;-75.59177866;-75.59186741;-75.59193613;-75.59199221;-75.59204119;-75.59206215;-75.59205426;-75.59201783;-75.59195431;-75.59186625;-75.59175715;-75.5907476;-75.59061655;-75.59047312;-75.5903235;-75.59017415;-75.59003151;-75.58990174;-75.58979042;-75.58970237;-75.58922247;-75.58916516;-75.58913301;-75.58912721;-75.58914796;-75.58919451;-75.58926514;-75.58935726;-75.58946748;-75.58983847;-75.5899696;-75.59011097;-75.59025681;-75.59040118;-75.59053821;-75.59066231;-75.59076843;-75.59080731;;;;;;;;;;;;;;;;;;667ecf2e5002e5c1cb2c4f23;667ecf2e5002e5c1cb2c4f24;667ecf2e5002e5c1cb2c4f25;667ecf2e5002e5c1cb2c4f26;667ecf2e5002e5c1cb2c4f27;667ecf2e5002e5c1cb2c4f28;667ecf2e5002e5c1cb2c4f29;667ecf2e5002e5c1cb2c4f2a;667ecf2e5002e5c1cb2c4f2b;667ecf2e5002e5c1cb2c4f2c;667ecf2e5002e5c1cb2c4f2d;667ecf2e5002e5c1cb2c4f2e;667ecf2e5002e5c1cb2c4f2f;667ecf2e5002e5c1cb2c4f30;667ecf2e5002e5c1cb2c4f31;667ecf2e5002e5c1cb2c4f32;667ecf2e5002e5c1cb2c4f33;667ecf2e5002e5c1cb2c4f34;667ecf2e5002e5c1cb2c4f35;667ecf2e5002e5c1cb2c4f36;667ecf2e5002e5c1cb2c4f37;667ecf2e5002e5c1cb2c4f38;667ecf2e5002e5c1cb2c4f39;667ecf2e5002e5c1cb2c4f3a;667ecf2e5002e5c1cb2c4f3b;667ecf2e5002e5c1cb2c4f3c;667ecf2e5002e5c1cb2c4f3d;667ecf2e5002e5c1cb2c4f3e;667ecf2e5002e5c1cb2c4f3f;667ecf2e5002e5c1cb2c4f40;667ecf2e5002e5c1cb2c4f41;667ecf2e5002e5c1cb2c4f42;667ecf2e5002e5c1cb2c4f43;667ecf2e5002e5c1cb2c4f44;667ecf2e5002e5c1cb2c4f45;667ecf2e5002e5c1cb2c4f46;667ecf2e5002e5c1cb2c4f47;667ecf2e5002e5c1cb2c4f48;667ecf2e5002e5c1cb2c4f49;667ecf2e5002e5c1cb2c4f4a;667ecf2e5002e5c1cb2c4f4b;667ecf2e5002e5c1cb2c4f4c;667ecf2e5002e5c1cb2c4f4d;667ecf2e5002e5c1cb2c4f4e;;;;;;;;;;;;;;;;;;false;2024-08-24T10:00:00Z;2024-08-24T10:00:00Z;true;null
667e4fedcb4b99a0554c57c6;Biblioteca debora arango;6.172618829;6.172034084;6.171890552;6.172261504;6.172618829;;;;;;;;;;;;;;-75.59086759;-75.59127629;-75.59043082;-75.59021791;-75.59086759;;;;;;;;;;;;;;667e4fedcb4b99a0554c57c7;667e4fedcb4b99a0554c57c8;667e4fedcb4b99a0554c57c9;667e4fedcb4b99a0554c57ca;667e4fedcb4b99a0554c57cb;;;;;;;;;;;;;;667a4a4d0cc99ae2fa6ed6bd;6.173248372;6.173307107;6.173335648;6.173332744;6.173298522;6.173234483;6.173143437;6.173029378;6.172444632;6.172318479;6.172180886;6.172037389;6.171893759;6.171755773;6.171628982;6.171518485;6.171428728;6.17136332;6.171324892;6.171181361;6.171171523;6.171191377;6.171240104;6.171315691;6.171415018;6.171533982;6.171904933;6.172034822;6.172173568;6.172315751;6.172455814;6.172588284;6.172707984;6.172810237;6.172891047;6.173248372;;;;;;;;;;;;;;;;;;;;;;;;;;-75.59051729;-75.59065686;-75.59080569;-75.59095723;-75.59110483;-75.59124203;-75.5913628;-75.59146185;-75.59187055;-75.591941;-75.59198471;-75.59199993;-75.59198604;-75.5919436;-75.59187432;-75.59178098;-75.59166735;-75.59153798;-75.59139809;-75.59055262;-75.5904059;-75.59026021;-75.59012156;-75.58999569;-75.58988778;-75.5898023;-75.58958939;-75.58953112;-75.58949969;-75.58949632;-75.58952115;-75.58957321;-75.58965047;-75.58974989;-75.58986761;-75.59051729;;;;;;;;;;;;;;;;;;;;;;;;;;667ecf2e5002e5c1cb2c4f5a;667ecf2e5002e5c1cb2c4f5b;667ecf2e5002e5c1cb2c4f5c;667ecf2e5002e5c1cb2c4f5d;667ecf2e5002e5c1cb2c4f5e;667ecf2e5002e5c1cb2c4f5f;667ecf2e5002e5c1cb2c4f60;667ecf2e5002e5c1cb2c4f61;667ecf2e5002e5c1cb2c4f62;667ecf2e5002e5c1cb2c4f63;667ecf2e5002e5c1cb2c4f64;667ecf2e5002e5c1cb2c4f65;667ecf2e5002e5c1cb2c4f66;667ecf2e5002e5c1cb2c4f67;667ecf2e5002e5c1cb2c4f68;667ecf2e5002e5c1cb2c4f69;667ecf2e5002e5c1cb2c4f6a;667ecf2e5002e5c1cb2c4f6b;667ecf2e5002e5c1cb2c4f6c;667ecf2e5002e5c1cb2c4f6d;667ecf2e5002e5c1cb2c4f6e;667ecf2e5002e5c1cb2c4f6f;667ecf2e5002e5c1cb2c4f70;667ecf2e5002e5c1cb2c4f71;667ecf2e5002e5c1cb2c4f72;667ecf2e5002e5c1cb2c4f73;667ecf2e5002e5c1cb2c4f74;667ecf2e5002e5c1cb2c4f75;667ecf2e5002e5c1cb2c4f76;667ecf2e5002e5c1cb2c4f77;667ecf2e5002e5c1cb2c4f78;667ecf2e5002e5c1cb2c4f79;667ecf2e5002e5c1cb2c4f7a;667ecf2e5002e5c1cb2c4f7b;667ecf2e5002e5c1cb2c4f7c;667ecf2e5002e5c1cb2c4f7d;;;;;;;;;;;;;;;;;;;;;;;;;;false;2024-08-24T10:00:00Z;2024-08-24T10:00:00Z;true;null
667e4ff9cb4b99a0554c57d2;Parque de Los Urapanes;6.173295692;6.173016999;6.172461369;6.172650871;6.173295692;;;;;;;;;;;;;;-75.59101089;-75.59122003;-75.59028838;-75.59017605;-75.59101089;;;;;;;;;;;;;;667e4ff9cb4b99a0554c57d3;667e4ff9cb4b99a0554c57d4;667e4ff9cb4b99a0554c57d5;667e4ff9cb4b99a0554c57d6;667e4ff9cb4b99a0554c57d7;;;;;;;;;;;;;;667a50320cc99ae2fa6ed6e0;6.17386384;6.173939818;6.173990425;6.174013669;6.174008635;6.17397552;6.173915629;6.173831322;6.173725917;6.173447225;6.173333347;6.17320859;6.173077243;6.172943824;6.172812923;6.172689039;6.172576435;6.172478983;6.172400035;6.171844405;6.171783821;6.171749534;6.171742872;6.171764096;6.171812382;6.171885855;6.171981664;6.17209609;6.172285592;6.17242018;6.172564534;6.172712544;6.172857943;6.172994575;6.173116656;6.173219019;6.17386384;;;;;;;;;;;;;;;;;;;;;;;;;-75.59056693;-75.59068853;-75.59082282;-75.59096452;-75.59110805;-75.59124775;-75.59137812;-75.59149403;-75.59159091;-75.59180005;-75.59186998;-75.59191756;-75.59194114;-75.59193993;-75.59191396;-75.59186413;-75.59179214;-75.59170048;-75.59159229;-75.59066064;-75.59053175;-75.59039343;-75.59025102;-75.59011007;-75.58997603;-75.58985412;-75.58974906;-75.58966494;-75.58955261;-75.58949061;-75.58945763;-75.58945506;-75.58948302;-75.58954032;-75.58962453;-75.58973209;-75.59056693;;;;;;;;;;;;;;;;;;;;;;;;;667ecf2e5002e5c1cb2c4f8a;667ecf2e5002e5c1cb2c4f8b;667ecf2e5002e5c1cb2c4f8c;667ecf2e5002e5c1cb2c4f8d;667ecf2e5002e5c1cb2c4f8e;667ecf2e5002e5c1cb2c4f8f;667ecf2e5002e5c1cb2c4f90;667ecf2e5002e5c1cb2c4f91;667ecf2e5002e5c1cb2c4f92;667ecf2e5002e5c1cb2c4f93;667ecf2e5002e5c1cb2c4f94;667ecf2e5002e5c1cb2c4f95;667ecf2e5002e5c1cb2c4f96;667ecf2e5002e5c1cb2c4f97;667ecf2e5002e5c1cb2c4f98;667ecf2e5002e5c1cb2c4f99;667ecf2e5002e5c1cb2c4f9a;667ecf2e5002e5c1cb2c4f9b;667ecf2e5002e5c1cb2c4f9c;667ecf2e5002e5c1cb2c4f9d;667ecf2e5002e5c1cb2c4f9e;667ecf2e5002e5c1cb2c4f9f;667ecf2e5002e5c1cb2c4fa0;667ecf2e5002e5c1cb2c4fa1;667ecf2e5002e5c1cb2c4fa2;667ecf2e5002e5c1cb2c4fa3;667ecf2e5002e5c1cb2c4fa4;667ecf2e5002e5c1cb2c4fa5;667ecf2e5002e5c1cb2c4fa6;667ecf2e5002e5c1cb2c4fa7;667ecf2e5002e5c1cb2c4fa8;667ecf2e5002e5c1cb2c4fa9;667ecf2e5002e5c1cb2c4faa;667ecf2e5002e5c1cb2c4fab;667ecf2e5002e5c1cb2c4fac;667ecf2e5002e5c1cb2c4fad;667ecf2e5002e5c1cb2c4fae;;;;;;;;;;;;;;;;;;;;;;;;;false;2024-08-24T10:00:00Z;2024-08-24T10:00:00Z;true;null
667e5004cb4b99a0554c57de;Jose Manuel Restrepo Velez - JOMAR;6.17150429;6.17170283;6.171376643;6.171111778;6.170738408;6.170985647;6.171340269;6.17150429;;;;;;;;;;;-75.5909889;-75.59126667;-75.59147632;-75.59126123;-75.59070092;-75.59051431;-75.59111167;-75.5909889;;;;;;;;;;;667e5004cb4b99a0554c57df;667e5004cb4b99a0554c57e0;667e5004cb4b99a0554c57e1;667e5004cb4b99a0554c57e2;667e5004cb4b99a0554c57e3;667e5004cb4b99a0554c57e4;667e5004cb4b99a0554c57e5;667e5004cb4b99a0554c57e6;;;;;;;;;;;667a4a900cc99ae2fa6ed6c1;6.171810122;6.171814575;6.171974866;6.172116694;6.172234493;6.172433033;6.172523943;6.172581071;6.172602065;6.172586061;6.172533719;6.172447191;6.172330038;6.172187079;6.171860892;6.171693986;6.171513403;6.171326927;6.171142593;6.170968346;6.170811695;6.17054683;6.170448279;6.170364736;6.169991367;6.169910357;6.169859052;6.169839294;6.169851791;6.169896094;6.169970615;6.17007268;6.170198627;6.170445866;6.170588402;6.170744678;6.17090929;6.171076543;6.171240652;6.171395941;6.171537037;6.171659061;6.171757792;6.171810122;;;;;;;;;;;;;;;;;;-75.59013872;-75.59013988;-75.59021805;-75.59032647;-75.59046088;-75.59073865;-75.59089772;-75.59107197;-75.59125424;-75.59143701;-75.59161277;-75.5917743;-75.59191494;-75.5920289;-75.59223855;-75.5923227;-75.59237037;-75.5923795;-75.59234972;-75.59228229;-75.59218012;-75.59196503;-75.59187185;-75.59176485;-75.59120455;-75.59105384;-75.59089046;-75.59072029;-75.59054943;-75.59038399;-75.59022993;-75.59009277;-75.58997742;-75.58979081;-75.58970278;-75.58964283;-75.58961302;-75.58961438;-75.58964688;-75.58970938;-75.58979972;-75.58991478;-75.59005057;-75.59013872;;;;;;;;;;;;;;;;;;667ecf2e5002e5c1cb2c4fc0;667ecf2e5002e5c1cb2c4fc1;667ecf2e5002e5c1cb2c4fc2;667ecf2e5002e5c1cb2c4fc3;667ecf2e5002e5c1cb2c4fc4;667ecf2e5002e5c1cb2c4fc5;667ecf2e5002e5c1cb2c4fc6;667ecf2e5002e5c1cb2c4fc7;667ecf2e5002e5c1cb2c4fc8;667ecf2e5002e5c1cb2c4fc9;667ecf2e5002e5c1cb2c4fca;667ecf2e5002e5c1cb2c4fcb;667ecf2e5002e5c1cb2c4fcc;667ecf2e5002e5c1cb2c4fcd;667ecf2e5002e5c1cb2c4fce;667ecf2e5002e5c1cb2c4fcf;667ecf2e5002e5c1cb2c4fd0;667ecf2e5002e5c1cb2c4fd1;667ecf2e5002e5c1cb2c4fd2;667ecf2e5002e5c1cb2c4fd3;667ecf2e5002e5c1cb2c4fd4;667ecf2e5002e5c1cb2c4fd5;667ecf2e5002e5c1cb2c4fd6;667ecf2e5002e5c1cb2c4fd7;667ecf2e5002e5c1cb2c4fd8;667ecf2e5002e5c1cb2c4fd9;667ecf2e5002e5c1cb2c4fda;667ecf2e5002e5c1cb2c4fdb;667ecf2e5002e5c1cb2c4fdc;667ecf2e5002e5c1cb2c4fdd;667ecf2e5002e5c1cb2c4fde;667ecf2e5002e5c1cb2c4fdf;667ecf2e5002e5c1cb2c4fe0;667ecf2e5002e5c1cb2c4fe1;667ecf2e5002e5c1cb2c4fe2;667ecf2e5002e5c1cb2c4fe3;667ecf2e5002e5c1cb2c4fe4;667ecf2e5002e5c1cb2c4fe5;667ecf2e5002e5c1cb2c4fe6;667ecf2e5002e5c1cb2c4fe7;667ecf2e5002e5c1cb2c4fe8;667ecf2e5002e5c1cb2c4fe9;667ecf2e5002e5c1cb2c4fea;667ecf2e5002e5c1cb2c4feb;;;;;;;;;;;;;;;;;;false;2024-08-24T10:00:00Z;2024-08-24T10:00:00Z;true;null
667e5013cb4b99a0554c57f0;Pista de Patinaje Los Almendros;6.169678043;6.169449726;6.168577577;6.168439079;6.16860442;6.169465189;6.169648155;6.169694282;6.169678043;;;;;;;;;;-75.59568906;-75.59591572;-75.59591649;-75.5954831;-75.59527344;-75.59527888;-75.59544941;-75.59556788;-75.59568906;;;;;;;;;;667e5013cb4b99a0554c57f1;667e5013cb4b99a0554c57f2;667e5013cb4b99a0554c57f3;667e5013cb4b99a0554c57f4;667e5013cb4b99a0554c57f5;667e5013cb4b99a0554c57f6;667e5013cb4b99a0554c57f7;667e5013cb4b99a0554c57f8;667e5013cb4b99a0554c57f9;;;;;;;;;;667a4aaf0cc99ae2fa6ed6c3;6.170569305;6.170521818;6.170433904;6.170309776;6.170081459;6.169945843;6.16979152;6.169624309;6.169450515;6.168578366;6.168390777;6.168211405;6.16804814;6.167908161;6.167797627;6.167721399;6.167582901;6.167545666;6.167542753;6.167574274;6.167639017;6.167734495;6.167899836;6.168012154;6.168143886;6.168290715;6.168447827;6.168610072;6.169470841;6.169636401;6.169796102;6.169944477;6.170076449;6.170259415;6.170391226;6.170485548;6.170531675;6.17057492;6.170593048;6.170585544;6.170569305;;;;;;;;;;;;;;;;;;;;;-75.59580989;-75.59600204;-75.59617919;-75.59633286;-75.59655952;-75.59667019;-75.5967524;-75.59680307;-75.59682028;-75.59682105;-75.59680132;-75.59674267;-75.59664769;-75.59652054;-75.59636682;-75.59619329;-75.5957599;-75.59558661;-75.59540934;-75.59523491;-75.59507;-75.59492097;-75.59471131;-75.59459274;-75.59449648;-75.5944257;-75.5943827;-75.5943689;-75.59437434;-75.59439086;-75.59443778;-75.59451349;-75.59461539;-75.59478592;-75.59493988;-75.59511955;-75.59523802;-75.59538446;-75.59553613;-75.5956887;-75.59580989;;;;;;;;;;;;;;;;;;;;;667ecf2e5002e5c1cb2c5000;667ecf2e5002e5c1cb2c5001;667ecf2e5002e5c1cb2c5002;667ecf2e5002e5c1cb2c5003;667ecf2e5002e5c1cb2c5004;667ecf2e5002e5c1cb2c5005;667ecf2e5002e5c1cb2c5006;667ecf2e5002e5c1cb2c5007;667ecf2e5002e5c1cb2c5008;667ecf2e5002e5c1cb2c5009;667ecf2e5002e5c1cb2c500a;667ecf2e5002e5c1cb2c500b;667ecf2e5002e5c1cb2c500c;667ecf2e5002e5c1cb2c500d;667ecf2e5002e5c1cb2c500e;667ecf2e5002e5c1cb2c500f;667ecf2e5002e5c1cb2c5010;667ecf2e5002e5c1cb2c5011;667ecf2e5002e5c1cb2c5012;667ecf2e5002e5c1cb2c5013;667ecf2e5002e5c1cb2c5014;667ecf2e5002e5c1cb2c5015;667ecf2e5002e5c1cb2c5016;667ecf2e5002e5c1cb2c5017;667ecf2e5002e5c1cb2c5018;667ecf2e5002e5c1cb2c5019;667ecf2e5002e5c1cb2c501a;667ecf2e5002e5c1cb2c501b;667ecf2e5002e5c1cb2c501c;667ecf2e5002e5c1cb2c501d;667ecf2e5002e5c1cb2c501e;667ecf2e5002e5c1cb2c501f;667ecf2e5002e5c1cb2c5020;667ecf2e5002e5c1cb2c5021;667ecf2e5002e5c1cb2c5022;667ecf2e5002e5c1cb2c5023;667ecf2e5002e5c1cb2c5024;667ecf2e5002e5c1cb2c5025;667ecf2e5002e5c1cb2c5026;667ecf2e5002e5c1cb2c5027;667ecf2e5002e5c1cb2c5028;;;;;;;;;;;;;;;;;;;;;false;2024-08-24T10:00:00Z;2024-08-24T10:00:00Z;true;null
667e5025cb4b99a0554c5804;Pista de Skate;6.169217323;6.169147061;6.169075632;6.169062501;6.169559011;6.169217323;;;;;;;;;;;;;-75.59633515;-75.59635425;-75.59634275;-75.59597602;-75.59596224;-75.59633515;;;;;;;;;;;;;667e5025cb4b99a0554c5805;667e5025cb4b99a0554c5806;667e5025cb4b99a0554c5807;667e5025cb4b99a0554c5808;667e5025cb4b99a0554c5809;667e5025cb4b99a0554c580a;;;;;;;;;;;;;667a4aaf0cc99ae2fa6ed6c3;6.169878631;6.169753488;6.169609566;6.169451906;6.169381644;6.169194379;6.169005011;6.168933582;6.168762856;6.168604181;6.168463668;6.168346733;6.168257879;6.16820053;6.168176895;6.168163763;6.168174869;6.168220451;6.168298738;6.16840669;6.168540114;6.168693828;6.168861862;6.169037688;6.169534198;6.169709083;6.169878265;6.170035314;6.170174263;6.170289832;6.170377627;6.170434313;6.170457736;6.170447006;6.17040253;6.170325998;6.170220319;6.169878631;;;;;;;;;;;;;;;;;;;;;;;;-75.59694817;-75.59706137;-75.59714914;-75.59720839;-75.59722749;-75.59725755;-75.59724745;-75.59723596;-75.59719084;-75.59711305;-75.59700559;-75.59687259;-75.59671917;-75.59655126;-75.59637531;-75.59600858;-75.59583066;-75.59565839;-75.59549845;-75.59535706;-75.59523972;-75.59515097;-75.59509426;-75.59507181;-75.59505802;-75.59507036;-75.59511659;-75.59519496;-75.59530249;-75.59543509;-75.59558772;-75.59575458;-75.59592934;-75.59610534;-75.59627591;-75.59643456;-75.59657526;-75.59694817;;;;;;;;;;;;;;;;;;;;;;;;667ecf2e5002e5c1cb2c5038;667ecf2e5002e5c1cb2c5039;667ecf2e5002e5c1cb2c503a;667ecf2e5002e5c1cb2c503b;667ecf2e5002e5c1cb2c503c;667ecf2e5002e5c1cb2c503d;667ecf2e5002e5c1cb2c503e;667ecf2e5002e5c1cb2c503f;667ecf2e5002e5c1cb2c5040;667ecf2e5002e5c1cb2c5041;667ecf2e5002e5c1cb2c5042;667ecf2e5002e5c1cb2c5043;667ecf2e5002e5c1cb2c5044;667ecf2e5002e5c1cb2c5045;667ecf2e5002e5c1cb2c5046;667ecf2e5002e5c1cb2c5047;667ecf2e5002e5c1cb2c5048;667ecf2e5002e5c1cb2c5049;667ecf2e5002e5c1cb2c504a;667ecf2e5002e5c1cb2c504b;667ecf2e5002e5c1cb2c504c;667ecf2e5002e5c1cb2c504d;667ecf2e5002e5c1cb2c504e;667ecf2e5002e5c1cb2c504f;667ecf2e5002e5c1cb2c5050;667ecf2e5002e5c1cb2c5051;667ecf2e5002e5c1cb2c5052;667ecf2e5002e5c1cb2c5053;667ecf2e5002e5c1cb2c5054;667ecf2e5002e5c1cb2c5055;667ecf2e5002e5c1cb2c5056;667ecf2e5002e5c1cb2c5057;667ecf2e5002e5c1cb2c5058;667ecf2e5002e5c1cb2c5059;667ecf2e5002e5c1cb2c505a;667ecf2e5002e5c1cb2c505b;667ecf2e5002e5c1cb2c505c;667ecf2e5002e5c1cb2c505d;;;;;;;;;;;;;;;;;;;;;;;;false;2024-08-24T10:00:00Z;2024-08-24T10:00:00Z;true;null
667e5036cb4b99a0554c5812;Clinica de la Policia;6.162761606;6.161572438;6.16219508;6.162265428;6.162761606;;;;;;;;;;;;;;-75.59960001;-75.59900649;-75.59792735;-75.59794452;-75.59960001;;;;;;;;;;;;;;667e5036cb4b99a0554c5813;667e5036cb4b99a0554c5814;667e5036cb4b99a0554c5815;667e5036cb4b99a0554c5816;667e5036cb4b99a0554c5817;;;;;;;;;;;;;;667a50a30cc99ae2fa6ed6e3;6.163450443;6.163477531;6.163477847;6.163451377;6.163399113;6.163323008;6.163225908;6.163111446;6.1629839;6.162848042;6.162708951;6.162571829;6.162441804;6.161252637;6.161128422;6.161022712;6.160939911;6.160883471;6.160855745;6.160857886;6.160889807;6.160950176;6.161572818;6.161649061;6.161743597;6.161853258;6.16197437;6.162102877;6.162234472;6.162364748;6.162435095;6.162575809;6.162703144;6.162811613;6.16289654;6.162954264;6.163450443;;;;;;;;;;;;;;;;;;;;;;;;;-75.59939115;-75.59952841;-75.59966834;-75.59980573;-75.59993542;-75.60005256;-75.60015278;-75.60023234;-75.60028824;-75.6003184;-75.60032171;-75.60029802;-75.60024823;-75.59965471;-75.59957588;-75.59947332;-75.5993513;-75.59921492;-75.59906985;-75.59892214;-75.59877794;-75.59864327;-75.59756413;-75.59745614;-75.59736393;-75.5972906;-75.5972386;-75.59720968;-75.5972048;-75.59722412;-75.59724129;-75.59729169;-75.59737022;-75.59747351;-75.59759709;-75.59773566;-75.59939115;;;;;;;;;;;;;;;;;;;;;;;;;667ecf2e5002e5c1cb2c506b;667ecf2e5002e5c1cb2c506c;667ecf2e5002e5c1cb2c506d;667ecf2e5002e5c1cb2c506e;667ecf2e5002e5c1cb2c506f;667ecf2e5002e5c1cb2c5070;667ecf2e5002e5c1cb2c5071;667ecf2e5002e5c1cb2c5072;667ecf2e5002e5c1cb2c5073;667ecf2e5002e5c1cb2c5074;667ecf2e5002e5c1cb2c5075;667ecf2e5002e5c1cb2c5076;667ecf2e5002e5c1cb2c5077;667ecf2e5002e5c1cb2c5078;667ecf2e5002e5c1cb2c5079;667ecf2e5002e5c1cb2c507a;667ecf2e5002e5c1cb2c507b;667ecf2e5002e5c1cb2c507c;667ecf2e5002e5c1cb2c507d;667ecf2e5002e5c1cb2c507e;667ecf2e5002e5c1cb2c507f;667ecf2e5002e5c1cb2c5080;667ecf2e5002e5c1cb2c5081;667ecf2e5002e5c1cb2c5082;667ecf2e5002e5c1cb2c5083;667ecf2e5002e5c1cb2c5084;667ecf2e5002e5c1cb2c5085;667ecf2e5002e5c1cb2c5086;667ecf2e5002e5c1cb2c5087;667ecf2e5002e5c1cb2c5088;667ecf2e5002e5c1cb2c5089;667ecf2e5002e5c1cb2c508a;667ecf2e5002e5c1cb2c508b;667ecf2e5002e5c1cb2c508c;667ecf2e5002e5c1cb2c508d;667ecf2e5002e5c1cb2c508e;667ecf2e5002e5c1cb2c508f;;;;;;;;;;;;;;;;;;;;;;;;;false;2024-08-24T10:00:00Z;2024-08-24T10:00:00Z;true;null
667e5053cb4b99a0554c581e;Polideportivo de Envigado;6.163338551;6.16395736;6.165124779;6.165494628;6.166163597;6.163730975;6.163275952;6.162871288;6.16331879;6.163338551;;;;;;;;;-75.59841192;-75.59827812;-75.59848203;-75.59824559;-75.59927623;-75.60172776;-75.60092752;-75.59973539;-75.59863312;-75.59841192;;;;;;;;;667e5053cb4b99a0554c581f;667e5053cb4b99a0554c5820;667e5053cb4b99a0554c5821;667e5053cb4b99a0554c5822;667e5053cb4b99a0554c5823;667e5053cb4b99a0554c5824;667e5053cb4b99a0554c5825;667e5053cb4b99a0554c5826;667e5053cb4b99a0554c5827;667e5053cb4b99a0554c5828;;;;;;;;;667a4aaf0cc99ae2fa6ed6c3;6.162442839;6.162479713;6.162554887;6.162665009;6.162805167;6.162969112;6.163149532;6.163768341;6.163939457;6.164111229;6.164935943;6.165012232;6.165168294;6.165336702;6.165511086;6.165684847;6.165851411;6.166004476;6.16613825;6.166247672;6.166916642;6.166997526;6.167046901;6.167062903;6.167044925;6.166993648;6.166911009;6.16680013;6.164367506;6.164225465;6.16406288;6.163886506;6.16370367;6.163521969;6.163348951;6.163191805;6.163057059;6.162950312;6.162495288;6.162424867;6.162020204;6.161982044;6.161972355;6.161991446;6.162038707;6.162435163;6.162442839;;;;;;;;;;;;;;;-75.59833097;-75.59814359;-75.59796817;-75.59781254;-75.59768364;-75.59758722;-75.59752758;-75.59739377;-75.59737375;-75.5973869;-75.59753095;-75.59748218;-75.59740269;-75.5973551;-75.59734119;-75.59736151;-75.59741527;-75.59750045;-75.59761382;-75.5977511;-75.59878174;-75.59893761;-75.59910628;-75.59928137;-75.59945626;-75.59962436;-75.5997793;-75.59991523;-75.60236675;-75.60248329;-75.60256845;-75.60261868;-75.60263189;-75.60260754;-75.60254664;-75.60245171;-75.60232671;-75.60217683;-75.6013766;-75.60121979;-75.60002765;-75.59987041;-75.59970885;-75.59954814;-75.59939343;-75.5984169;-75.59833097;;;;;;;;;;;;;;;667ecf2e5002e5c1cb2c50a5;667ecf2e5002e5c1cb2c50a6;667ecf2e5002e5c1cb2c50a7;667ecf2e5002e5c1cb2c50a8;667ecf2e5002e5c1cb2c50a9;667ecf2e5002e5c1cb2c50aa;667ecf2e5002e5c1cb2c50ab;667ecf2e5002e5c1cb2c50ac;667ecf2e5002e5c1cb2c50ad;667ecf2e5002e5c1cb2c50ae;667ecf2e5002e5c1cb2c50af;667ecf2e5002e5c1cb2c50b0;667ecf2e5002e5c1cb2c50b1;667ecf2e5002e5c1cb2c50b2;667ecf2e5002e5c1cb2c50b3;667ecf2e5002e5c1cb2c50b4;667ecf2e5002e5c1cb2c50b5;667ecf2e5002e5c1cb2c50b6;667ecf2e5002e5c1cb2c50b7;667ecf2e5002e5c1cb2c50b8;667ecf2e5002e5c1cb2c50b9;667ecf2e5002e5c1cb2c50ba;667ecf2e5002e5c1cb2c50bb;667ecf2e5002e5c1cb2c50bc;667ecf2e5002e5c1cb2c50bd;667ecf2e5002e5c1cb2c50be;667ecf2e5002e5c1cb2c50bf;667ecf2e5002e5c1cb2c50c0;667ecf2e5002e5c1cb2c50c1;667ecf2e5002e5c1cb2c50c2;667ecf2e5002e5c1cb2c50c3;667ecf2e5002e5c1cb2c50c4;667ecf2e5002e5c1cb2c50c5;667ecf2e5002e5c1cb2c50c6;667ecf2e5002e5c1cb2c50c7;667ecf2e5002e5c1cb2c50c8;667ecf2e5002e5c1cb2c50c9;667ecf2e5002e5c1cb2c50ca;667ecf2e5002e5c1cb2c50cb;667ecf2e5002e5c1cb2c50cc;667ecf2e5002e5c1cb2c50cd;667ecf2e5002e5c1cb2c50ce;667ecf2e5002e5c1cb2c50cf;667ecf2e5002e5c1cb2c50d0;667ecf2e5002e5c1cb2c50d1;667ecf2e5002e5c1cb2c50d2;667ecf2e5002e5c1cb2c50d3;;;;;;;;;;;;;;;false;2024-08-24T10:00:00Z;2024-08-24T10:00:00Z;true;null
667e5114cb4b99a0554c5c44;Centro Oncologico de Antioquia;6.165864358;6.166195274;6.165883966;6.165610505;6.165864358;;;;;;;;;;;;;;-75.60001494;-75.60077975;-75.600913;-75.60023315;-75.60001494;;;;;;;;;;;;;;667e5114cb4b99a0554c5c45;667e5114cb4b99a0554c5c46;667e5114cb4b99a0554c5c47;667e5114cb4b99a0554c5c48;667e5114cb4b99a0554c5c49;;;;;;;;;;;;;;667a50a30cc99ae2fa6ed6e3;6.16539694;6.165506613;6.165628727;6.165759035;6.165893005;6.166025979;6.166153333;6.166270638;6.166373815;6.166459276;6.16652405;6.166854966;6.166898455;6.166914641;6.166902897;6.166863677;6.166798505;6.166709911;6.166601336;6.166476994;6.166165686;6.166029546;6.165887684;6.165745676;6.165609104;6.165483336;6.165373315;6.165283366;6.165217026;6.164943565;6.164902217;6.164891407;6.164911599;6.164961924;6.165040212;6.165143086;6.16539694;;;;;;;;;;;;;;;;;;;;;;;;;-75.59946483;-75.5993871;-75.59933121;-75.5992991;-75.59929187;-75.59930979;-75.59935224;-75.59941772;-75.59950398;-75.599608;-75.59972617;-75.60049098;-75.6006267;-75.60076836;-75.60091046;-75.60104748;-75.60117411;-75.60128543;-75.60137712;-75.60144561;-75.60157886;-75.60162167;-75.60163663;-75.60162315;-75.60158175;-75.60151406;-75.60142275;-75.60131141;-75.6011844;-75.60050455;-75.60036017;-75.6002103;-75.60006143;-75.59991995;-75.59979198;-75.59968303;-75.59946483;;;;;;;;;;;;;;;;;;;;;;;;;667ecf2e5002e5c1cb2c50e0;667ecf2e5002e5c1cb2c50e1;667ecf2e5002e5c1cb2c50e2;667ecf2e5002e5c1cb2c50e3;667ecf2e5002e5c1cb2c50e4;667ecf2e5002e5c1cb2c50e5;667ecf2e5002e5c1cb2c50e6;667ecf2e5002e5c1cb2c50e7;667ecf2e5002e5c1cb2c50e8;667ecf2e5002e5c1cb2c50e9;667ecf2e5002e5c1cb2c50ea;667ecf2e5002e5c1cb2c50eb;667ecf2e5002e5c1cb2c50ec;667ecf2e5002e5c1cb2c50ed;667ecf2e5002e5c1cb2c50ee;667ecf2e5002e5c1cb2c50ef;667ecf2e5002e5c1cb2c50f0;667ecf2e5002e5c1cb2c50f1;667ecf2e5002e5c1cb2c50f2;667ecf2e5002e5c1cb2c50f3;667ecf2e5002e5c1cb2c50f4;667ecf2e5002e5c1cb2c50f5;667ecf2e5002e5c1cb2c50f6;667ecf2e5002e5c1cb2c50f7;667ecf2e5002e5c1cb2c50f8;667ecf2e5002e5c1cb2c50f9;667ecf2e5002e5c1cb2c50fa;667ecf2e5002e5c1cb2c50fb;667ecf2e5002e5c1cb2c50fc;667ecf2e5002e5c1cb2c50fd;667ecf2e5002e5c1cb2c50fe;667ecf2e5002e5c1cb2c50ff;667ecf2e5002e5c1cb2c5100;667ecf2e5002e5c1cb2c5101;667ecf2e5002e5c1cb2c5102;667ecf2e5002e5c1cb2c5103;667ecf2e5002e5c1cb2c5104;;;;;;;;;;;;;;;;;;;;;;;;;false;2024-08-24T10:00:00Z;2024-08-24T10:00:00Z;true;null
667e511fcb4b99a0554c5c50;Cosmos Schools Envigado;6.168894676;6.168842893;6.168950826;6.169005422;6.168894676;;;;;;;;;;;;;;-75.59026227;-75.58988262;-75.58982621;-75.5902181;-75.59026227;;;;;;;;;;;;;;667e511fcb4b99a0554c5c51;667e511fcb4b99a0554c5c52;667e511fcb4b99a0554c5c53;667e511fcb4b99a0554c5c54;667e511fcb4b99a0554c5c55;;;;;;;;;;;;;;667a4a900cc99ae2fa6ed6c1;6.169226206;6.169052332;6.168872089;6.168692759;6.168521585;6.168365485;6.168230763;6.168122862;6.168046142;6.168003701;6.167951918;6.167945671;6.167976871;6.168044216;6.168144897;6.168274709;6.168428236;6.168536169;6.168695274;6.168863681;6.16903526;6.169203767;6.169363065;6.169507359;6.169631394;6.169730657;6.169801534;6.169841445;6.169896041;6.169903567;6.169878647;6.169822183;6.169736213;6.169623844;6.169489135;6.169336951;6.169226206;;;;;;;;;;;;;;;;;;;;;;;;;-75.59110313;-75.59115283;-75.59116655;-75.59114374;-75.59108532;-75.59099365;-75.59087243;-75.59072657;-75.59056195;-75.59038522;-75.59000556;-75.58982087;-75.58963876;-75.58946682;-75.58931224;-75.58918146;-75.58907995;-75.58902354;-75.58895894;-75.58892591;-75.58892565;-75.58895817;-75.58902228;-75.58911566;-75.58923491;-75.58937567;-75.58953284;-75.58970068;-75.59009257;-75.59026433;-75.59043442;-75.59059669;-75.59074529;-75.59087484;-75.59098067;-75.59105895;-75.59110313;;;;;;;;;;;;;;;;;;;;;;;;;667ecf2e5002e5c1cb2c5110;667ecf2e5002e5c1cb2c5111;667ecf2e5002e5c1cb2c5112;667ecf2e5002e5c1cb2c5113;667ecf2e5002e5c1cb2c5114;667ecf2e5002e5c1cb2c5115;667ecf2e5002e5c1cb2c5116;667ecf2e5002e5c1cb2c5117;667ecf2e5002e5c1cb2c5118;667ecf2e5002e5c1cb2c5119;667ecf2e5002e5c1cb2c511a;667ecf2e5002e5c1cb2c511b;667ecf2e5002e5c1cb2c511c;667ecf2e5002e5c1cb2c511d;667ecf2e5002e5c1cb2c511e;667ecf2e5002e5c1cb2c511f;667ecf2e5002e5c1cb2c5120;667ecf2e5002e5c1cb2c5121;667ecf2e5002e5c1cb2c5122;667ecf2e5002e5c1cb2c5123;667ecf2e5002e5c1cb2c5124;667ecf2e5002e5c1cb2c5125;667ecf2e5002e5c1cb2c5126;667ecf2e5002e5c1cb2c5127;667ecf2e5002e5c1cb2c5128;667ecf2e5002e5c1cb2c5129;667ecf2e5002e5c1cb2c512a;667ecf2e5002e5c1cb2c512b;667ecf2e5002e5c1cb2c512c;667ecf2e5002e5c1cb2c512d;667ecf2e5002e5c1cb2c512e;667ecf2e5002e5c1cb2c512f;667ecf2e5002e5c1cb2c5130;667ecf2e5002e5c1cb2c5131;667ecf2e5002e5c1cb2c5132;667ecf2e5002e5c1cb2c5133;667ecf2e5002e5c1cb2c5134;;;;;;;;;;;;;;;;;;;;;;;;;false;2024-08-24T10:00:00Z;2024-08-24T10:00:00Z;true;null
667e512ccb4b99a0554c5c5c;Institucion Educativa Alejandro Velez;6.170378044;6.170091076;6.169816492;6.170115873;6.170378044;;;;;;;;;;;;;;-75.5924666;-75.59276285;-75.59249956;-75.5921897;-75.5924666;;;;;;;;;;;;;;667e512ccb4b99a0554c5c5d;667e512ccb4b99a0554c5c5e;667e512ccb4b99a0554c5c5f;667e512ccb4b99a0554c5c60;667e512ccb4b99a0554c5c61;;;;;;;;;;;;;;667a4a900cc99ae2fa6ed6c1;6.171029304;6.171135524;6.171214001;6.17126186;6.17127735;6.171259902;6.171210156;6.171129933;6.171022172;6.170735203;6.170601398;6.170448252;6.170281569;6.170107666;6.169933135;6.169764589;6.169608417;6.169470538;6.169195955;6.169080268;6.16899322;6.168938195;6.168917336;6.168931452;6.168979996;6.169061078;6.169171545;6.169470925;6.169609182;6.169767881;6.169940618;6.170120425;6.170300048;6.170472242;6.170630059;6.170767132;6.171029304;;;;;;;;;;;;;;;;;;;;;;;;;-75.5918428;-75.59197901;-75.59213308;-75.59229936;-75.59247178;-75.592644;-75.59280972;-75.59296288;-75.59309786;-75.5933941;-75.59350767;-75.59359301;-75.59364688;-75.59366726;-75.59365335;-75.5936057;-75.5935261;-75.59341757;-75.59315428;-75.59301905;-75.59286361;-75.59269401;-75.59251684;-75.592339;-75.59216741;-75.59200874;-75.59186916;-75.59155929;-75.59144237;-75.5913556;-75.59130248;-75.59128515;-75.59130431;-75.59135919;-75.59144757;-75.59156589;-75.5918428;;;;;;;;;;;;;;;;;;;;;;;;;667ecf2e5002e5c1cb2c5141;667ecf2e5002e5c1cb2c5142;667ecf2e5002e5c1cb2c5143;667ecf2e5002e5c1cb2c5144;667ecf2e5002e5c1cb2c5145;667ecf2e5002e5c1cb2c5146;667ecf2e5002e5c1cb2c5147;667ecf2e5002e5c1cb2c5148;667ecf2e5002e5c1cb2c5149;667ecf2e5002e5c1cb2c514a;667ecf2e5002e5c1cb2c514b;667ecf2e5002e5c1cb2c514c;667ecf2e5002e5c1cb2c514d;667ecf2e5002e5c1cb2c514e;667ecf2e5002e5c1cb2c514f;667ecf2e5002e5c1cb2c5150;667ecf2e5002e5c1cb2c5151;667ecf2e5002e5c1cb2c5152;667ecf2e5002e5c1cb2c5153;667ecf2e5002e5c1cb2c5154;667ecf2e5002e5c1cb2c5155;667ecf2e5002e5c1cb2c5156;667ecf2e5002e5c1cb2c5157;667ecf2e5002e5c1cb2c5158;667ecf2e5002e5c1cb2c5159;667ecf2e5002e5c1cb2c515a;667ecf2e5002e5c1cb2c515b;667ecf2e5002e5c1cb2c515c;667ecf2e5002e5c1cb2c515d;667ecf2e5002e5c1cb2c515e;667ecf2e5002e5c1cb2c515f;667ecf2e5002e5c1cb2c5160;667ecf2e5002e5c1cb2c5161;667ecf2e5002e5c1cb2c5162;667ecf2e5002e5c1cb2c5163;667ecf2e5002e5c1cb2c5164;667ecf2e5002e5c1cb2c5165;;;;;;;;;;;;;;;;;;;;;;;;;false;2024-08-24T10:00:00Z;2024-08-24T10:00:00Z;true;null
667e5137cb4b99a0554c5c68;Liceo Francisco Restrepo Molina;6.17096119;6.170693078;6.170857897;6.17056688;6.170221652;6.170784118;6.17096119;;;;;;;;;;;;-75.58507897;-75.58525844;-75.5854963;-75.58568734;-75.58517518;-75.58475222;-75.58507897;;;;;;;;;;;;667e5137cb4b99a0554c5c69;667e5137cb4b99a0554c5c6a;667e5137cb4b99a0554c5c6b;667e5137cb4b99a0554c5c6c;667e5137cb4b99a0554c5c6d;667e5137cb4b99a0554c5c6e;667e5137cb4b99a0554c5c6f;;;;;;;;;;;;667a4a900cc99ae2fa6ed6c1;6.1717567;6.171740702;6.17168897;6.171604054;6.171489346;6.171349426;6.17105841;6.17090387;6.170736667;6.170563084;6.170389644;6.170222864;6.170069011;6.169933867;6.169822511;6.169477284;6.169395163;6.169342969;6.169322592;6.169334771;6.169379063;6.169453866;6.169556471;6.169683161;6.170245626;6.170391682;6.170551922;6.170720557;6.170891488;6.171058539;6.17121567;6.171357201;6.171478018;6.171573751;6.171750824;6.171816616;6.171853109;6.171859053;6.171834245;6.171779535;6.1717567;;;;;;;;;;;;;;;;;;;;;-75.58549418;-75.58566886;-75.58584195;-75.58600125;-75.58614038;-75.5862538;-75.58644484;-75.586526;-75.58657564;-75.5865919;-75.58657416;-75.58652311;-75.58644064;-75.58632987;-75.58619495;-75.58568279;-75.58553178;-75.58536785;-75.58519695;-75.58502525;-75.58485899;-75.58470418;-75.58456642;-75.5844507;-75.58402775;-75.58393833;-75.58387833;-75.58384992;-75.58385413;-75.5838908;-75.58395861;-75.58405511;-75.5841768;-75.5843193;-75.58464605;-75.58479982;-75.58496315;-75.58513045;-75.58529599;-75.58545409;-75.58549418;;;;;;;;;;;;;;;;;;;;;667ecf2e5002e5c1cb2c5177;667ecf2e5002e5c1cb2c5178;667ecf2e5002e5c1cb2c5179;667ecf2e5002e5c1cb2c517a;667ecf2e5002e5c1cb2c517b;667ecf2e5002e5c1cb2c517c;667ecf2e5002e5c1cb2c517d;667ecf2e5002e5c1cb2c517e;667ecf2e5002e5c1cb2c517f;667ecf2e5002e5c1cb2c5180;667ecf2e5002e5c1cb2c5181;667ecf2e5002e5c1cb2c5182;667ecf2e5002e5c1cb2c5183;667ecf2e5002e5c1cb2c5184;667ecf2e5002e5c1cb2c5185;667ecf2e5002e5c1cb2c5186;667ecf2e5002e5c1cb2c5187;667ecf2e5002e5c1cb2c5188;667ecf2e5002e5c1cb2c5189;667ecf2e5002e5c1cb2c518a;667ecf2e5002e5c1cb2c518b;667ecf2e5002e5c1cb2c518c;667ecf2e5002e5c1cb2c518d;667ecf2e5002e5c1cb2c518e;667ecf2e5002e5c1cb2c518f;667ecf2e5002e5c1cb2c5190;667ecf2e5002e5c1cb2c5191;667ecf2e5002e5c1cb2c5192;667ecf2e5002e5c1cb2c5193;667ecf2e5002e5c1cb2c5194;667ecf2e5002e5c1cb2c5195;667ecf2e5002e5c1cb2c5196;667ecf2e5002e5c1cb2c5197;667ecf2e5002e5c1cb2c5198;667ecf2e5002e5c1cb2c5199;667ecf2e5002e5c1cb2c519a;667ecf2e5002e5c1cb2c519b;667ecf2e5002e5c1cb2c519c;667ecf2e5002e5c1cb2c519d;667ecf2e5002e5c1cb2c519e;667ecf2e5002e5c1cb2c519f;;;;;;;;;;;;;;;;;;;;;false;2024-08-24T10:00:00Z;2024-08-24T10:00:00Z;true;null
667e5141cb4b99a0554c5c78;Colegio Colombo Britanico de Envigado;6.177227392;6.177426413;6.177285885;6.177361981;6.177057177;6.176743281;6.176545843;6.176883115;6.177227392;;;;;;;;;;-75.58392116;-75.5842042;-75.5843151;-75.58483025;-75.58504667;-75.585129;-75.58371002;-75.5836891;-75.58392116;;;;;;;;;;667e5141cb4b99a0554c5c79;667e5141cb4b99a0554c5c7a;667e5141cb4b99a0554c5c7b;667e5141cb4b99a0554c5c7c;667e5141cb4b99a0554c5c7d;667e5141cb4b99a0554c5c7e;667e5141cb4b99a0554c5c7f;667e5141cb4b99a0554c5c80;667e5141cb4b99a0554c5c81;;;;;;;;;;667a4a900cc99ae2fa6ed6c1;6.17823562;6.178251536;6.178260704;6.178239552;6.178188792;6.178110139;6.178006244;6.177880614;6.17757581;6.177436068;6.177284112;6.176970216;6.176804092;6.176635839;6.176471348;6.176316383;6.17617637;6.176056214;6.175960124;6.175891464;6.175852641;6.175655203;6.175648539;6.17567983;6.175747752;6.175849433;6.17598057;6.176135618;6.176308018;6.176490478;6.17682775;6.177022602;6.177210893;6.177383761;6.177728039;6.177855248;6.177961625;6.178160647;6.178245559;6.178300948;6.178324816;6.178316303;6.178275716;6.17823562;;;;;;;;;;;;;;;;;;-75.58458956;-75.58469731;-75.5848632;-75.58502798;-75.58518609;-75.5853322;-75.58546137;-75.58556925;-75.58578567;-75.58586704;-75.58592197;-75.5860043;-75.58603151;-75.5860271;-75.58599123;-75.58592517;-75.58583121;-75.58571267;-75.58557367;-75.58541911;-75.58525438;-75.5838354;-75.58364948;-75.58346612;-75.58329308;-75.58313768;-75.58300648;-75.58290504;-75.58283766;-75.58280717;-75.58278624;-75.58279548;-75.58284675;-75.58293766;-75.58316972;-75.58327353;-75.58339882;-75.58368186;-75.58383084;-75.58399329;-75.58416334;-75.58433485;-75.58450166;-75.58458956;;;;;;;;;;;;;;;;;;667ecf2e5002e5c1cb2c51b5;667ecf2e5002e5c1cb2c51b6;667ecf2e5002e5c1cb2c51b7;667ecf2e5002e5c1cb2c51b8;667ecf2e5002e5c1cb2c51b9;667ecf2e5002e5c1cb2c51ba;667ecf2e5002e5c1cb2c51bb;667ecf2e5002e5c1cb2c51bc;667ecf2e5002e5c1cb2c51bd;667ecf2e5002e5c1cb2c51be;667ecf2e5002e5c1cb2c51bf;667ecf2e5002e5c1cb2c51c0;667ecf2e5002e5c1cb2c51c1;667ecf2e5002e5c1cb2c51c2;667ecf2e5002e5c1cb2c51c3;667ecf2e5002e5c1cb2c51c4;667ecf2e5002e5c1cb2c51c5;667ecf2e5002e5c1cb2c51c6;667ecf2e5002e5c1cb2c51c7;667ecf2e5002e5c1cb2c51c8;667ecf2e5002e5c1cb2c51c9;667ecf2e5002e5c1cb2c51ca;667ecf2e5002e5c1cb2c51cb;667ecf2e5002e5c1cb2c51cc;667ecf2e5002e5c1cb2c51cd;667ecf2e5002e5c1cb2c51ce;667ecf2e5002e5c1cb2c51cf;667ecf2e5002e5c1cb2c51d0;667ecf2e5002e5c1cb2c51d1;667ecf2e5002e5c1cb2c51d2;667ecf2e5002e5c1cb2c51d3;667ecf2e5002e5c1cb2c51d4;667ecf2e5002e5c1cb2c51d5;667ecf2e5002e5c1cb2c51d6;667ecf2e5002e5c1cb2c51d7;667ecf2e5002e5c1cb2c51d8;667ecf2e5002e5c1cb2c51d9;667ecf2e5002e5c1cb2c51da;667ecf2e5002e5c1cb2c51db;667ecf2e5002e5c1cb2c51dc;667ecf2e5002e5c1cb2c51dd;667ecf2e5002e5c1cb2c51de;667ecf2e5002e5c1cb2c51df;667ecf2e5002e5c1cb2c51e0;;;;;;;;;;;;;;;;;;false;2024-08-24T10:00:00Z;2024-08-24T10:00:00Z;true;null
667e514fcb4b99a0554c5c8c;Cancha la Paloma;6.176508937;6.176142464;6.176220543;6.176551564;6.176508937;;;;;;;;;;;;;;-75.58099126;-75.58093487;-75.58072929;-75.58081634;-75.58099126;;;;;;;;;;;;;;667e514fcb4b99a0554c5c8d;667e514fcb4b99a0554c5c8e;667e514fcb4b99a0554c5c8f;667e514fcb4b99a0554c5c90;667e514fcb4b99a0554c5c91;;;;;;;;;;;;;;667a4aaf0cc99ae2fa6ed6c3;6.177382398;6.177328007;6.177245579;6.177137937;6.177008764;6.176862483;6.176704101;6.176539038;6.176372945;6.176006472;6.175834079;6.175673763;6.175531801;6.175413753;6.17532424;6.175266769;6.17524359;6.17525561;6.175302359;6.175380439;6.175465213;6.175582799;6.175728089;6.175894771;6.176075605;6.176262736;6.176448033;6.176779054;6.176942873;6.177091945;6.177220654;6.177324148;6.177398528;6.17744099;6.177449935;6.177425025;6.177382398;;;;;;;;;;;;;;;;;;;;;;;;;-75.58120662;-75.58136478;-75.58151015;-75.58163777;-75.58174325;-75.581823;-75.58187427;-75.58189532;-75.58188543;-75.58182904;-75.58178459;-75.58170688;-75.58159893;-75.58146497;-75.58131026;-75.58114085;-75.58096337;-75.58078477;-75.58061206;-75.58040648;-75.58023833;-75.58009151;-75.57997239;-75.57988615;-75.57983654;-75.57982572;-75.57985414;-75.57994119;-75.58000189;-75.58009328;-75.58021192;-75.58035334;-75.58051221;-75.58068253;-75.5808579;-75.5810317;-75.58120662;;;;;;;;;;;;;;;;;;;;;;;;;667ecf2e5002e5c1cb2c51ec;667ecf2e5002e5c1cb2c51ed;667ecf2e5002e5c1cb2c51ee;667ecf2e5002e5c1cb2c51ef;667ecf2e5002e5c1cb2c51f0;667ecf2e5002e5c1cb2c51f1;667ecf2e5002e5c1cb2c51f2;667ecf2e5002e5c1cb2c51f3;667ecf2e5002e5c1cb2c51f4;667ecf2e5002e5c1cb2c51f5;667ecf2e5002e5c1cb2c51f6;667ecf2e5002e5c1cb2c51f7;667ecf2e5002e5c1cb2c51f8;667ecf2e5002e5c1cb2c51f9;667ecf2e5002e5c1cb2c51fa;667ecf2e5002e5c1cb2c51fb;667ecf2e5002e5c1cb2c51fc;667ecf2e5002e5c1cb2c51fd;667ecf2e5002e5c1cb2c51fe;667ecf2e5002e5c1cb2c51ff;667ecf2e5002e5c1cb2c5200;667ecf2e5002e5c1cb2c5201;667ecf2e5002e5c1cb2c5202;667ecf2e5002e5c1cb2c5203;667ecf2e5002e5c1cb2c5204;667ecf2e5002e5c1cb2c5205;667ecf2e5002e5c1cb2c5206;667ecf2e5002e5c1cb2c5207;667ecf2e5002e5c1cb2c5208;667ecf2e5002e5c1cb2c5209;667ecf2e5002e5c1cb2c520a;667ecf2e5002e5c1cb2c520b;667ecf2e5002e5c1cb2c520c;667ecf2e5002e5c1cb2c520d;667ecf2e5002e5c1cb2c520e;667ecf2e5002e5c1cb2c520f;667ecf2e5002e5c1cb2c5210;;;;;;;;;;;;;;;;;;;;;;;;;false;2024-08-24T10:00:00Z;2024-08-24T10:00:00Z;true;null
667e5167cb4b99a0554c5c98;Hogar Elena y Juan;6.159027584;6.158616677;6.158161638;6.15854909;6.159256555;6.159027584;;;;;;;;;;;;;-75.58857759;-75.58838787;-75.58787713;-75.58757707;-75.58812883;-75.58857759;;;;;;;;;;;;;667e5167cb4b99a0554c5c99;667e5167cb4b99a0554c5c9a;667e5167cb4b99a0554c5c9b;667e5167cb4b99a0554c5c9c;667e5167cb4b99a0554c5c9d;667e5167cb4b99a0554c5c9e;;;;;;;;;;;;;667a4a900cc99ae2fa6ed6c1;6.159827693;6.159735263;6.159617128;6.159477579;6.159321686;6.15915511;6.158983903;6.158814282;6.158652408;6.158241502;6.15808305;6.157946924;6.157491886;6.157383436;6.157307785;6.157268122;6.157266119;6.15730186;6.157373838;6.15747902;6.157612973;6.158000425;6.158143236;6.158300344;6.158466214;6.158635003;6.158800766;6.158957663;6.159100169;6.159807634;6.159936614;6.160039045;6.160110926;6.160149452;6.160153118;6.160121781;6.160056665;6.159827693;;;;;;;;;;;;;;;;;;;;;;;;-75.58899058;-75.58913576;-75.58926066;-75.58936075;-75.58943239;-75.58947299;-75.58948106;-75.58945632;-75.58939966;-75.58920994;-75.58911597;-75.58899153;-75.58848079;-75.5883305;-75.58816111;-75.58797974;-75.58779405;-75.58761186;-75.58744086;-75.58728824;-75.58716044;-75.58686037;-75.58676988;-75.58670782;-75.58667638;-75.58667666;-75.58670867;-75.58677126;-75.58686225;-75.587414;-75.58753694;-75.58768298;-75.58784644;-75.58802091;-75.5881996;-75.58837553;-75.58854182;-75.58899058;;;;;;;;;;;;;;;;;;;;;;;;667ecf2e5002e5c1cb2c521f;667ecf2e5002e5c1cb2c5220;667ecf2e5002e5c1cb2c5221;667ecf2e5002e5c1cb2c5222;667ecf2e5002e5c1cb2c5223;667ecf2e5002e5c1cb2c5224;667ecf2e5002e5c1cb2c5225;667ecf2e5002e5c1cb2c5226;667ecf2e5002e5c1cb2c5227;667ecf2e5002e5c1cb2c5228;667ecf2e5002e5c1cb2c5229;667ecf2e5002e5c1cb2c522a;667ecf2e5002e5c1cb2c522b;667ecf2e5002e5c1cb2c522c;667ecf2e5002e5c1cb2c522d;667ecf2e5002e5c1cb2c522e;667ecf2e5002e5c1cb2c522f;667ecf2e5002e5c1cb2c5230;667ecf2e5002e5c1cb2c5231;667ecf2e5002e5c1cb2c5232;667ecf2e5002e5c1cb2c5233;667ecf2e5002e5c1cb2c5234;667ecf2e5002e5c1cb2c5235;667ecf2e5002e5c1cb2c5236;667ecf2e5002e5c1cb2c5237;667ecf2e5002e5c1cb2c5238;667ecf2e5002e5c1cb2c5239;667ecf2e5002e5c1cb2c523a;667ecf2e5002e5c1cb2c523b;667ecf2e5002e5c1cb2c523c;667ecf2e5002e5c1cb2c523d;667ecf2e5002e5c1cb2c523e;667ecf2e5002e5c1cb2c523f;667ecf2e5002e5c1cb2c5240;667ecf2e5002e5c1cb2c5241;667ecf2e5002e5c1cb2c5242;667ecf2e5002e5c1cb2c5243;667ecf2e5002e5c1cb2c5244;;;;;;;;;;;;;;;;;;;;;;;;false;2024-08-24T10:00:00Z;2024-08-24T10:00:00Z;true;null
667e5173cb4b99a0554c5ca6;Cancha Las Antillas;6.158666013;6.15832282;6.158405118;6.158699356;6.158666013;;;;;;;;;;;;;;-75.5891106;-75.58905454;-75.58884017;-75.58892567;-75.5891106;;;;;;;;;;;;;;667e5173cb4b99a0554c5ca7;667e5173cb4b99a0554c5ca8;667e5173cb4b99a0554c5ca9;667e5173cb4b99a0554c5caa;667e5173cb4b99a0554c5cab;;;;;;;;;;;;;;667a4aaf0cc99ae2fa6ed6c3;6.159550899;6.159503346;6.159424361;6.15931691;6.159185027;6.159033661;6.158868495;6.158695728;6.158521846;6.158178653;6.1580072;6.157848029;6.157707334;6.157590591;6.157502341;6.15744602;6.157423819;6.157436602;6.157483871;6.157566169;6.157640284;6.157740626;6.157863755;6.158005447;6.158160845;6.158324619;6.158491153;6.158654737;6.158948976;6.159123478;6.159279372;6.159409817;6.159509091;6.159572838;6.15959826;6.159584243;6.159550899;;;;;;;;;;;;;;;;;;;;;;;;;-75.58927201;-75.5894406;-75.58959681;-75.58973477;-75.5898493;-75.5899361;-75.58999191;-75.59001464;-75.59000344;-75.58994738;-75.58990154;-75.58982274;-75.58971405;-75.5895797;-75.5894249;-75.5892557;-75.58907867;-75.58890069;-75.58872871;-75.58851434;-75.58836434;-75.58823066;-75.58811788;-75.58802986;-75.58796964;-75.58793926;-75.58793978;-75.58797117;-75.58805667;-75.58812804;-75.5882344;-75.58837109;-75.58853211;-75.5887104;-75.58889814;-75.58908708;-75.58927201;;;;;;;;;;;;;;;;;;;;;;;;;667ecf2e5002e5c1cb2c5250;667ecf2e5002e5c1cb2c5251;667ecf2e5002e5c1cb2c5252;667ecf2e5002e5c1cb2c5253;667ecf2e5002e5c1cb2c5254;667ecf2e5002e5c1cb2c5255;667ecf2e5002e5c1cb2c5256;667ecf2e5002e5c1cb2c5257;667ecf2e5002e5c1cb2c5258;667ecf2e5002e5c1cb2c5259;667ecf2e5002e5c1cb2c525a;667ecf2e5002e5c1cb2c525b;667ecf2e5002e5c1cb2c525c;667ecf2e5002e5c1cb2c525d;667ecf2e5002e5c1cb2c525e;667ecf2e5002e5c1cb2c525f;667ecf2e5002e5c1cb2c5260;667ecf2e5002e5c1cb2c5261;667ecf2e5002e5c1cb2c5262;667ecf2e5002e5c1cb2c5263;667ecf2e5002e5c1cb2c5264;667ecf2e5002e5c1cb2c5265;667ecf2e5002e5c1cb2c5266;667ecf2e5002e5c1cb2c5267;667ecf2e5002e5c1cb2c5268;667ecf2e5002e5c1cb2c5269;667ecf2e5002e5c1cb2c526a;667ecf2e5002e5c1cb2c526b;667ecf2e5002e5c1cb2c526c;667ecf2e5002e5c1cb2c526d;667ecf2e5002e5c1cb2c526e;667ecf2e5002e5c1cb2c526f;667ecf2e5002e5c1cb2c5270;667ecf2e5002e5c1cb2c5271;667ecf2e5002e5c1cb2c5272;667ecf2e5002e5c1cb2c5273;667ecf2e5002e5c1cb2c5274;;;;;;;;;;;;;;;;;;;;;;;;;false;2024-08-24T10:00:00Z;2024-08-24T10:00:00Z;true;null
667e518dcb4b99a0554c5cb2;Parque de Parkour Trazar - Las antillas;6.158290748;6.157730947;6.15768627;6.157818223;6.158402897;6.158290748;;;;;;;;;;;;;-75.58920567;-75.58904451;-75.5888743;-75.58865375;-75.5888419;-75.58920567;;;;;;;;;;;;;667e518dcb4b99a0554c5cb3;667e518dcb4b99a0554c5cb4;667e518dcb4b99a0554c5cb5;667e518dcb4b99a0554c5cb6;667e518dcb4b99a0554c5cb7;667e518dcb4b99a0554c5cb8;;;;;;;;;;;;;667a4aaf0cc99ae2fa6ed6c3;6.159149719;6.159082422;6.158985542;6.158862699;6.158718482;6.158558282;6.158388085;6.158214251;6.158043275;6.157483474;6.157311235;6.157156878;6.157026979;6.156927075;6.15686142;6.156816743;6.156788471;6.156795975;6.156838955;6.1569157;6.157047652;6.157149842;6.157276405;6.157422725;6.157583468;6.157752772;6.157924462;6.158092278;6.158676953;6.158837907;6.158982335;6.159104748;6.159200496;6.159265941;6.159298596;6.159297222;6.159261869;6.159149719;;;;;;;;;;;;;;;;;;;;;;;;-75.58947357;-75.5896348;-75.58977998;-75.58990371;-75.59000135;-75.59006926;-75.5901049;-75.59010693;-75.59007529;-75.58991413;-75.5898445;-75.58974079;-75.58960741;-75.58945005;-75.58927541;-75.5891052;-75.58892689;-75.58874648;-75.58857117;-75.58840793;-75.58818738;-75.58804855;-75.5879318;-75.58784137;-75.58778057;-75.5877516;-75.58775554;-75.58779223;-75.58798038;-75.58805022;-75.58815014;-75.58827634;-75.58842402;-75.58858758;-75.58876081;-75.58893711;-75.5891098;-75.58947357;;;;;;;;;;;;;;;;;;;;;;;;667ecf2e5002e5c1cb2c5283;667ecf2e5002e5c1cb2c5284;667ecf2e5002e5c1cb2c5285;667ecf2e5002e5c1cb2c5286;667ecf2e5002e5c1cb2c5287;667ecf2e5002e5c1cb2c5288;667ecf2e5002e5c1cb2c5289;667ecf2e5002e5c1cb2c528a;667ecf2e5002e5c1cb2c528b;667ecf2e5002e5c1cb2c528c;667ecf2e5002e5c1cb2c528d;667ecf2e5002e5c1cb2c528e;667ecf2e5002e5c1cb2c528f;667ecf2e5002e5c1cb2c5290;667ecf2e5002e5c1cb2c5291;667ecf2e5002e5c1cb2c5292;667ecf2e5002e5c1cb2c5293;667ecf2e5002e5c1cb2c5294;667ecf2e5002e5c1cb2c5295;667ecf2e5002e5c1cb2c5296;667ecf2e5002e5c1cb2c5297;667ecf2e5002e5c1cb2c5298;667ecf2e5002e5c1cb2c5299;667ecf2e5002e5c1cb2c529a;667ecf2e5002e5c1cb2c529b;667ecf2e5002e5c1cb2c529c;667ecf2e5002e5c1cb2c529d;667ecf2e5002e5c1cb2c529e;667ecf2e5002e5c1cb2c529f;667ecf2e5002e5c1cb2c52a0;667ecf2e5002e5c1cb2c52a1;667ecf2e5002e5c1cb2c52a2;667ecf2e5002e5c1cb2c52a3;667ecf2e5002e5c1cb2c52a4;667ecf2e5002e5c1cb2c52a5;667ecf2e5002e5c1cb2c52a6;667ecf2e5002e5c1cb2c52a7;667ecf2e5002e5c1cb2c52a8;;;;;;;;;;;;;;;;;;;;;;;;false;2024-08-24T10:00:00Z;2024-08-24T10:00:00Z;true;null
667e519ecb4b99a0554c5cc0;Cancha de San Rafael;6.157285666;6.157656521;6.157137826;6.156803751;6.157285666;;;;;;;;;;;;;;-75.58380289;-75.58412553;-75.58465223;-75.58429579;-75.58380289;;;;;;;;;;;;;;667e519ecb4b99a0554c5cc1;667e519ecb4b99a0554c5cc2;667e519ecb4b99a0554c5cc3;667e519ecb4b99a0554c5cc4;667e519ecb4b99a0554c5cc5;;;;;;;;;;;;;;667a4aaf0cc99ae2fa6ed6c3;6.156644443;6.156773858;6.156921378;6.157081785;6.157249404;6.157418307;6.157582517;6.157736226;6.157873996;6.158244851;6.158370879;6.158467052;6.158529352;6.158555174;6.158543439;6.158494638;6.158410811;6.158295459;6.157776764;6.157637823;6.157478823;6.157306144;6.157126712;6.156947726;6.156776366;6.156619507;6.156483442;6.156149368;6.156043859;6.155966166;6.155919133;6.155904481;6.155922747;6.155973262;6.156054176;6.156162529;6.156644443;;;;;;;;;;;;;;;;;;;;;;;;;-75.58316867;-75.58305912;-75.58297588;-75.5829219;-75.58289909;-75.58290824;-75.58294905;-75.58302006;-75.58311876;-75.5834414;-75.58357603;-75.58373363;-75.5839076;-75.58409069;-75.58427523;-75.58445351;-75.58461809;-75.58476208;-75.58528878;-75.58540408;-75.58548922;-75.58554078;-75.5855567;-75.58553632;-75.58548049;-75.58539142;-75.5852727;-75.58491627;-75.58477956;-75.58462515;-75.58445868;-75.58428625;-75.58411417;-75.58394874;-75.58379601;-75.58366157;-75.58316867;;;;;;;;;;;;;;;;;;;;;;;;;667ecf2e5002e5c1cb2c52b6;667ecf2e5002e5c1cb2c52b7;667ecf2e5002e5c1cb2c52b8;667ecf2e5002e5c1cb2c52b9;667ecf2e5002e5c1cb2c52ba;667ecf2e5002e5c1cb2c52bb;667ecf2e5002e5c1cb2c52bc;667ecf2e5002e5c1cb2c52bd;667ecf2e5002e5c1cb2c52be;667ecf2e5002e5c1cb2c52bf;667ecf2e5002e5c1cb2c52c0;667ecf2e5002e5c1cb2c52c1;667ecf2e5002e5c1cb2c52c2;667ecf2e5002e5c1cb2c52c3;667ecf2e5002e5c1cb2c52c4;667ecf2e5002e5c1cb2c52c5;667ecf2e5002e5c1cb2c52c6;667ecf2e5002e5c1cb2c52c7;667ecf2e5002e5c1cb2c52c8;667ecf2e5002e5c1cb2c52c9;667ecf2e5002e5c1cb2c52ca;667ecf2e5002e5c1cb2c52cb;667ecf2e5002e5c1cb2c52cc;667ecf2e5002e5c1cb2c52cd;667ecf2e5002e5c1cb2c52ce;667ecf2e5002e5c1cb2c52cf;667ecf2e5002e5c1cb2c52d0;667ecf2e5002e5c1cb2c52d1;667ecf2e5002e5c1cb2c52d2;667ecf2e5002e5c1cb2c52d3;667ecf2e5002e5c1cb2c52d4;667ecf2e5002e5c1cb2c52d5;667ecf2e5002e5c1cb2c52d6;667ecf2e5002e5c1cb2c52d7;667ecf2e5002e5c1cb2c52d8;667ecf2e5002e5c1cb2c52d9;667ecf2e5002e5c1cb2c52da;;;;;;;;;;;;;;;;;;;;;;;;;false;2024-08-24T10:00:00Z;2024-08-24T10:00:00Z;true;null
667e51a7cb4b99a0554c5ccc;Institucion Educativa Comercial De Envigado;6.153828504;6.153940685;6.153394937;6.153132297;6.153323955;6.153828504;;;;;;;;;;;;;-75.58488916;-75.58515044;-75.58560059;-75.58494754;-75.58474796;-75.58488916;;;;;;;;;;;;;667e51a7cb4b99a0554c5ccd;667e51a7cb4b99a0554c5cce;667e51a7cb4b99a0554c5ccf;667e51a7cb4b99a0554c5cd0;667e51a7cb4b99a0554c5cd1;667e51a7cb4b99a0554c5cd2;;;;;;;;;;;;;667a4a900cc99ae2fa6ed6c1;6.154069571;6.154219457;6.154356939;6.154477656;6.154577778;6.154654129;6.15476631;6.154817709;6.154839334;6.154830452;6.154791364;6.154723397;6.154628858;6.154510958;6.15396521;6.153825728;6.153671173;6.153506954;6.153338815;6.15317264;6.153014242;6.152869165;6.152742484;6.152638632;6.152561242;6.152298602;6.152249557;6.152232977;6.152249471;6.152298433;6.152378062;6.15248543;6.152677087;6.152825146;6.152996137;6.1531822;6.153374779;6.153565022;6.154069571;;;;;;;;;;;;;;;;;;;;;;;-75.58401773;-75.58407457;-75.58415725;-75.58426315;-75.58438892;-75.58453055;-75.58479183;-75.58495027;-75.58511551;-75.58528193;-75.58544388;-75.58559588;-75.58573275;-75.58584986;-75.58630001;-75.58639459;-75.58646139;-75.58649807;-75.58650335;-75.58647705;-75.58642008;-75.58633443;-75.58622311;-75.58609001;-75.58593978;-75.58528674;-75.58512043;-75.58494777;-75.5847751;-75.58460877;-75.5844549;-75.58431915;-75.58411957;-75.58399531;-75.58390566;-75.58385474;-75.58384487;-75.58387653;-75.58401773;;;;;;;;;;;;;;;;;;;;;;;667ecf2e5002e5c1cb2c52ea;667ecf2e5002e5c1cb2c52eb;667ecf2e5002e5c1cb2c52ec;667ecf2e5002e5c1cb2c52ed;667ecf2e5002e5c1cb2c52ee;667ecf2e5002e5c1cb2c52ef;667ecf2e5002e5c1cb2c52f0;667ecf2e5002e5c1cb2c52f1;667ecf2e5002e5c1cb2c52f2;667ecf2e5002e5c1cb2c52f3;667ecf2e5002e5c1cb2c52f4;667ecf2e5002e5c1cb2c52f5;667ecf2e5002e5c1cb2c52f6;667ecf2e5002e5c1cb2c52f7;667ecf2e5002e5c1cb2c52f8;667ecf2e5002e5c1cb2c52f9;667ecf2e5002e5c1cb2c52fa;667ecf2e5002e5c1cb2c52fb;667ecf2e5002e5c1cb2c52fc;667ecf2e5002e5c1cb2c52fd;667ecf2e5002e5c1cb2c52fe;667ecf2e5002e5c1cb2c52ff;667ecf2e5002e5c1cb2c5300;667ecf2e5002e5c1cb2c5301;667ecf2e5002e5c1cb2c5302;667ecf2e5002e5c1cb2c5303;667ecf2e5002e5c1cb2c5304;667ecf2e5002e5c1cb2c5305;667ecf2e5002e5c1cb2c5306;667ecf2e5002e5c1cb2c5307;667ecf2e5002e5c1cb2c5308;667ecf2e5002e5c1cb2c5309;667ecf2e5002e5c1cb2c530a;667ecf2e5002e5c1cb2c530b;667ecf2e5002e5c1cb2c530c;667ecf2e5002e5c1cb2c530d;667ecf2e5002e5c1cb2c530e;667ecf2e5002e5c1cb2c530f;667ecf2e5002e5c1cb2c5310;;;;;;;;;;;;;;;;;;;;;;;false;2024-08-24T10:00:00Z;2024-08-24T10:00:00Z;true;null
667e51b2cb4b99a0554c5cda;Cancha El Comercial;6.153378245;6.153494892;6.153248552;6.153135304;6.153262669;6.153378245;;;;;;;;;;;;;-75.58560181;-75.58600157;-75.58609038;-75.58571523;-75.58556168;-75.58560181;;;;;;;;;;;;;667e51b2cb4b99a0554c5cdb;667e51b2cb4b99a0554c5cdc;667e51b2cb4b99a0554c5cdd;667e51b2cb4b99a0554c5cde;667e51b2cb4b99a0554c5cdf;667e51b2cb4b99a0554c5ce0;;;;;;;;;;;;;667a4aaf0cc99ae2fa6ed6c3;6.153671689;6.153827417;6.153966877;6.154085021;6.154177569;6.15424117;6.154357817;6.154390032;6.154390362;6.154358796;6.154296459;6.15420557;6.154089367;6.153951989;6.15379833;6.15355199;6.153375506;6.153193832;6.153014395;6.152844529;6.152691178;6.15256061;6.152458162;6.152388022;6.152274774;6.152240191;6.15224059;6.152275958;6.15234491;6.152444754;6.152572119;6.152701263;6.152853082;6.153021445;6.153199551;6.153380206;6.153556114;6.153671689;;;;;;;;;;;;;;;;;;;;;;;;-75.58474678;-75.58481818;-75.58491795;-75.58504249;-75.58518728;-75.58534709;-75.58574686;-75.58591447;-75.58608518;-75.58625291;-75.5864117;-75.58655587;-75.5866803;-75.58678056;-75.58685306;-75.58694187;-75.58698585;-75.58699324;-75.58696371;-75.58689849;-75.58680024;-75.58667297;-75.58652189;-75.58635317;-75.58597802;-75.58580262;-75.5856238;-75.58544855;-75.58528373;-75.58513577;-75.58498222;-75.58485505;-75.58475641;-75.5846903;-75.58465938;-75.58466491;-75.58470666;-75.58474678;;;;;;;;;;;;;;;;;;;;;;;;667ecf2e5002e5c1cb2c531e;667ecf2e5002e5c1cb2c531f;667ecf2e5002e5c1cb2c5320;667ecf2e5002e5c1cb2c5321;667ecf2e5002e5c1cb2c5322;667ecf2e5002e5c1cb2c5323;667ecf2e5002e5c1cb2c5324;667ecf2e5002e5c1cb2c5325;667ecf2e5002e5c1cb2c5326;667ecf2e5002e5c1cb2c5327;667ecf2e5002e5c1cb2c5328;667ecf2e5002e5c1cb2c5329;667ecf2e5002e5c1cb2c532a;667ecf2e5002e5c1cb2c532b;667ecf2e5002e5c1cb2c532c;667ecf2e5002e5c1cb2c532d;667ecf2e5002e5c1cb2c532e;667ecf2e5002e5c1cb2c532f;667ecf2e5002e5c1cb2c5330;667ecf2e5002e5c1cb2c5331;667ecf2e5002e5c1cb2c5332;667ecf2e5002e5c1cb2c5333;667ecf2e5002e5c1cb2c5334;667ecf2e5002e5c1cb2c5335;667ecf2e5002e5c1cb2c5336;667ecf2e5002e5c1cb2c5337;667ecf2e5002e5c1cb2c5338;667ecf2e5002e5c1cb2c5339;667ecf2e5002e5c1cb2c533a;667ecf2e5002e5c1cb2c533b;667ecf2e5002e5c1cb2c533c;667ecf2e5002e5c1cb2c533d;667ecf2e5002e5c1cb2c533e;667ecf2e5002e5c1cb2c533f;667ecf2e5002e5c1cb2c5340;667ecf2e5002e5c1cb2c5341;667ecf2e5002e5c1cb2c5342;667ecf2e5002e5c1cb2c5343;;;;;;;;;;;;;;;;;;;;;;;;false;2024-08-24T10:00:00Z;2024-08-24T10:00:00Z;true;null
667e51bccb4b99a0554c5ce8;Cancha El Comercial;6.1530432;6.15295382;6.152752339;6.152621303;6.15234495;6.152552986;6.1530432;;;;;;;;;;;;-75.58613013;-75.58627671;-75.5860916;-75.58616524;-75.58583186;-75.58564241;-75.58613013;;;;;;;;;;;;667e51bccb4b99a0554c5ce9;667e51bccb4b99a0554c5cea;667e51bccb4b99a0554c5ceb;667e51bccb4b99a0554c5cec;667e51bccb4b99a0554c5ced;667e51bccb4b99a0554c5cee;667e51bccb4b99a0554c5cef;;;;;;;;;;;;667a4aaf0cc99ae2fa6ed6c3;6.152506225;6.15237096;6.152206012;6.152057277;6.151930562;6.151654209;6.151557336;6.151489181;6.151452231;6.151447832;6.151476145;6.151536138;6.151625623;6.151741337;6.151949373;6.152085733;6.152238817;6.152403145;6.152572837;6.152741818;6.152904041;6.153053698;6.153185434;6.153675649;6.153785812;6.153868807;6.153921596;6.153942249;6.153930009;6.153885326;6.153809832;6.153720452;6.153614424;6.153483188;6.153331753;6.153165897;6.152991948;6.152816545;6.15264638;6.152506225;;;;;;;;;;;;;;;;;;;;;;-75.58705922;-75.58703402;-75.58696756;-75.58686977;-75.58674447;-75.58641109;-75.58626847;-75.58610993;-75.58594126;-75.58576859;-75.58559823;-75.58543639;-75.58528897;-75.58516134;-75.58497189;-75.58486955;-75.58479486;-75.58475052;-75.5847381;-75.58475804;-75.58480964;-75.58489104;-75.58499934;-75.58548706;-75.58561994;-75.58577148;-75.58593614;-75.5861079;-75.58628048;-75.58644755;-75.58660301;-75.5867496;-75.58689048;-75.58700794;-75.58709749;-75.58715573;-75.58718043;-75.58717064;-75.58712675;-75.58705922;;;;;;;;;;;;;;;;;;;;;;667ecf2e5002e5c1cb2c5354;667ecf2e5002e5c1cb2c5355;667ecf2e5002e5c1cb2c5356;667ecf2e5002e5c1cb2c5357;667ecf2e5002e5c1cb2c5358;667ecf2e5002e5c1cb2c5359;667ecf2e5002e5c1cb2c535a;667ecf2e5002e5c1cb2c535b;667ecf2e5002e5c1cb2c535c;667ecf2e5002e5c1cb2c535d;667ecf2e5002e5c1cb2c535e;667ecf2e5002e5c1cb2c535f;667ecf2e5002e5c1cb2c5360;667ecf2e5002e5c1cb2c5361;667ecf2e5002e5c1cb2c5362;667ecf2e5002e5c1cb2c5363;667ecf2e5002e5c1cb2c5364;667ecf2e5002e5c1cb2c5365;667ecf2e5002e5c1cb2c5366;667ecf2e5002e5c1cb2c5367;667ecf2e5002e5c1cb2c5368;667ecf2e5002e5c1cb2c5369;667ecf2e5002e5c1cb2c536a;667ecf2e5002e5c1cb2c536b;667ecf2e5002e5c1cb2c536c;667ecf2e5002e5c1cb2c536d;667ecf2e5002e5c1cb2c536e;667ecf2e5002e5c1cb2c536f;667ecf2e5002e5c1cb2c5370;667ecf2e5002e5c1cb2c5371;667ecf2e5002e5c1cb2c5372;667ecf2e5002e5c1cb2c5373;667ecf2e5002e5c1cb2c5374;667ecf2e5002e5c1cb2c5375;667ecf2e5002e5c1cb2c5376;667ecf2e5002e5c1cb2c5377;667ecf2e5002e5c1cb2c5378;667ecf2e5002e5c1cb2c5379;667ecf2e5002e5c1cb2c537a;667ecf2e5002e5c1cb2c537b;;;;;;;;;;;;;;;;;;;;;;false;2024-08-24T10:00:00Z;2024-08-24T10:00:00Z;true;null
667e51c8cb4b99a0554c5cf8;Parroquia Santa Gertrudis;6.153170741;6.15305736;6.152782485;6.152970261;6.153170741;;;;;;;;;;;;;;-75.58541682;-75.58567482;-75.58531127;-75.58517974;-75.58541682;;;;;;;;;;;;;;667e51c8cb4b99a0554c5cf9;667e51c8cb4b99a0554c5cfa;667e51c8cb4b99a0554c5cfb;667e51c8cb4b99a0554c5cfc;667e51c8cb4b99a0554c5cfd;;;;;;;;;;;;;;667a50110cc99ae2fa6ed6de;6.153718783;6.153795825;6.153851112;6.153882719;6.153889546;6.153871356;6.153828782;6.153715401;6.153649177;6.153561951;6.153456819;6.153337512;6.153208263;6.153073659;6.152938476;6.152807513;6.152685415;6.152576517;6.152484682;6.152209808;6.15213421;6.152084865;6.152063771;6.152071783;6.152108576;6.152172661;6.152261441;6.152371322;6.152559097;6.152674248;6.152799425;6.152930387;6.153062699;6.153191881;6.153313557;6.153423606;6.153518303;6.153718783;;;;;;;;;;;;;;;;;;;;;;;;-75.584948;-75.58505854;-75.58518156;-75.58531276;-75.58544758;-75.58558134;-75.58570936;-75.58596736;-75.5860863;-75.58619063;-75.58627666;-75.58634133;-75.58638235;-75.58639826;-75.5863885;-75.58635341;-75.58629424;-75.58621309;-75.58611284;-75.58574929;-75.58562509;-75.58548819;-75.58534412;-75.58519873;-75.58505789;-75.58492731;-75.58481228;-75.58471745;-75.58458592;-75.5845202;-75.58447681;-75.58445722;-75.58446211;-75.5844913;-75.5845438;-75.58461784;-75.58471092;-75.584948;;;;;;;;;;;;;;;;;;;;;;;;667ecf2e5002e5c1cb2c5387;667ecf2e5002e5c1cb2c5388;667ecf2e5002e5c1cb2c5389;667ecf2e5002e5c1cb2c538a;667ecf2e5002e5c1cb2c538b;667ecf2e5002e5c1cb2c538c;667ecf2e5002e5c1cb2c538d;667ecf2e5002e5c1cb2c538e;667ecf2e5002e5c1cb2c538f;667ecf2e5002e5c1cb2c5390;667ecf2e5002e5c1cb2c5391;667ecf2e5002e5c1cb2c5392;667ecf2e5002e5c1cb2c5393;667ecf2e5002e5c1cb2c5394;667ecf2e5002e5c1cb2c5395;667ecf2e5002e5c1cb2c5396;667ecf2e5002e5c1cb2c5397;667ecf2e5002e5c1cb2c5398;667ecf2e5002e5c1cb2c5399;667ecf2e5002e5c1cb2c539a;667ecf2e5002e5c1cb2c539b;667ecf2e5002e5c1cb2c539c;667ecf2e5002e5c1cb2c539d;667ecf2e5002e5c1cb2c539e;667ecf2e5002e5c1cb2c539f;667ecf2e5002e5c1cb2c53a0;667ecf2e5002e5c1cb2c53a1;667ecf2e5002e5c1cb2c53a2;667ecf2e5002e5c1cb2c53a3;667ecf2e5002e5c1cb2c53a4;667ecf2e5002e5c1cb2c53a5;667ecf2e5002e5c1cb2c53a6;667ecf2e5002e5c1cb2c53a7;667ecf2e5002e5c1cb2c53a8;667ecf2e5002e5c1cb2c53a9;667ecf2e5002e5c1cb2c53aa;667ecf2e5002e5c1cb2c53ab;667ecf2e5002e5c1cb2c53ac;;;;;;;;;;;;;;;;;;;;;;;;false;2024-08-24T10:00:00Z;2024-08-24T10:00:00Z;true;null
667e51d3cb4b99a0554c5d04;Escuela urbana Integrada San Rafael;6.157794901;6.157559028;6.157474399;6.157217777;6.157436701;6.157794901;;;;;;;;;;;;;-75.58293489;-75.58326591;-75.58326752;-75.58312398;-75.58266709;-75.58293489;;;;;;;;;;;;;667e51d3cb4b99a0554c5d05;667e51d3cb4b99a0554c5d06;667e51d3cb4b99a0554c5d07;667e51d3cb4b99a0554c5d08;667e51d3cb4b99a0554c5d09;667e51d3cb4b99a0554c5d0a;;;;;;;;;;;;;667a4a900cc99ae2fa6ed6c1;6.158331409;6.158460597;6.158564763;6.158639993;6.158683459;6.158693526;6.158669818;6.158613223;6.158525871;6.158289998;6.158180495;6.158049548;6.157901676;6.157741982;6.157575975;6.157491346;6.157334135;6.157181231;6.157037328;6.156780706;6.156640791;6.156521436;6.156426893;6.156360532;6.156324716;6.156320722;6.156348693;6.156407631;6.156626554;6.156717918;6.15683671;6.156978398;6.157137575;6.157308167;6.157483664;6.157657369;6.157822653;6.157973209;6.158331409;;;;;;;;;;;;;;;;;;;;;;;-75.58220895;-75.58232671;-75.58246734;-75.58262554;-75.58279537;-75.58297045;-75.58314418;-75.58331005;-75.58346182;-75.58379284;-75.58391973;-75.58402406;-75.58410222;-75.58415154;-75.58417029;-75.58417189;-75.58416099;-75.58412264;-75.58405805;-75.58391451;-75.58381781;-75.58369639;-75.58355458;-75.58339742;-75.58323052;-75.58305982;-75.58289141;-75.58273128;-75.58227438;-75.58212346;-75.58199328;-75.58188882;-75.58181405;-75.58177183;-75.58176378;-75.5817902;-75.58185008;-75.58194114;-75.58220895;;;;;;;;;;;;;;;;;;;;;;;667ecf2e5002e5c1cb2c53bb;667ecf2e5002e5c1cb2c53bc;667ecf2e5002e5c1cb2c53bd;667ecf2e5002e5c1cb2c53be;667ecf2e5002e5c1cb2c53bf;667ecf2e5002e5c1cb2c53c0;667ecf2e5002e5c1cb2c53c1;667ecf2e5002e5c1cb2c53c2;667ecf2e5002e5c1cb2c53c3;667ecf2e5002e5c1cb2c53c4;667ecf2e5002e5c1cb2c53c5;667ecf2e5002e5c1cb2c53c6;667ecf2e5002e5c1cb2c53c7;667ecf2e5002e5c1cb2c53c8;667ecf2e5002e5c1cb2c53c9;667ecf2e5002e5c1cb2c53ca;667ecf2e5002e5c1cb2c53cb;667ecf2e5002e5c1cb2c53cc;667ecf2e5002e5c1cb2c53cd;667ecf2e5002e5c1cb2c53ce;667ecf2e5002e5c1cb2c53cf;667ecf2e5002e5c1cb2c53d0;667ecf2e5002e5c1cb2c53d1;667ecf2e5002e5c1cb2c53d2;667ecf2e5002e5c1cb2c53d3;667ecf2e5002e5c1cb2c53d4;667ecf2e5002e5c1cb2c53d5;667ecf2e5002e5c1cb2c53d6;667ecf2e5002e5c1cb2c53d7;667ecf2e5002e5c1cb2c53d8;667ecf2e5002e5c1cb2c53d9;667ecf2e5002e5c1cb2c53da;667ecf2e5002e5c1cb2c53db;667ecf2e5002e5c1cb2c53dc;667ecf2e5002e5c1cb2c53dd;667ecf2e5002e5c1cb2c53de;667ecf2e5002e5c1cb2c53df;667ecf2e5002e5c1cb2c53e0;667ecf2e5002e5c1cb2c53e1;;;;;;;;;;;;;;;;;;;;;;;false;2024-08-24T10:00:00Z;2024-08-24T10:00:00Z;true;null
667e51dfcb4b99a0554c5d12;Cancha Gualandayes;6.159617377;6.159199358;6.159224324;6.159622115;6.159617377;;;;;;;;;;;;;;-75.58705729;-75.58703673;-75.5868064;-75.58681455;-75.58705729;;;;;;;;;;;;;;667e51dfcb4b99a0554c5d13;667e51dfcb4b99a0554c5d14;667e51dfcb4b99a0554c5d15;667e51dfcb4b99a0554c5d16;667e51dfcb4b99a0554c5d17;;;;;;;;;;;;;;667a4aaf0cc99ae2fa6ed6c3;6.160516524;6.160495093;6.160438669;6.160349502;6.160231146;6.16008832;6.159926718;6.159752784;6.159573451;6.159155432;6.158974528;6.158802933;6.158647748;6.158515398;6.158411363;6.158339949;6.158304112;6.158305335;6.158330301;6.158363569;6.158426313;6.158516384;6.158630699;6.158765342;6.158915702;6.159076632;6.159242619;6.15964041;6.159815392;6.159982954;6.160136661;6.160270613;6.160379666;6.160459633;6.160507443;6.160521262;6.160516524;;;;;;;;;;;;;;;;;;;;;;;;;-75.58707505;-75.58725437;-75.58742583;-75.5875826;-75.58771842;-75.58782789;-75.58790664;-75.58795152;-75.58796075;-75.58794019;-75.58791255;-75.58784865;-75.58775114;-75.58762405;-75.58747265;-75.58730321;-75.58712273;-75.58693869;-75.58670837;-75.58654436;-75.58638932;-75.58624857;-75.58612692;-75.58602854;-75.58595679;-75.58591414;-75.58590205;-75.58591019;-75.58593114;-75.58598601;-75.58607269;-75.58618785;-75.58632707;-75.58648501;-75.58665561;-75.5868323;-75.58707505;;;;;;;;;;;;;;;;;;;;;;;;;667ecf2e5002e5c1cb2c53ef;667ecf2e5002e5c1cb2c53f0;667ecf2e5002e5c1cb2c53f1;667ecf2e5002e5c1cb2c53f2;667ecf2e5002e5c1cb2c53f3;667ecf2e5002e5c1cb2c53f4;667ecf2e5002e5c1cb2c53f5;667ecf2e5002e5c1cb2c53f6;667ecf2e5002e5c1cb2c53f7;667ecf2e5002e5c1cb2c53f8;667ecf2e5002e5c1cb2c53f9;667ecf2e5002e5c1cb2c53fa;667ecf2e5002e5c1cb2c53fb;667ecf2e5002e5c1cb2c53fc;667ecf2e5002e5c1cb2c53fd;667ecf2e5002e5c1cb2c53fe;667ecf2e5002e5c1cb2c53ff;667ecf2e5002e5c1cb2c5400;667ecf2e5002e5c1cb2c5401;667ecf2e5002e5c1cb2c5402;667ecf2e5002e5c1cb2c5403;667ecf2e5002e5c1cb2c5404;667ecf2e5002e5c1cb2c5405;667ecf2e5002e5c1cb2c5406;667ecf2e5002e5c1cb2c5407;667ecf2e5002e5c1cb2c5408;667ecf2e5002e5c1cb2c5409;667ecf2e5002e5c1cb2c540a;667ecf2e5002e5c1cb2c540b;667ecf2e5002e5c1cb2c540c;667ecf2e5002e5c1cb2c540d;667ecf2e5002e5c1cb2c540e;667ecf2e5002e5c1cb2c540f;667ecf2e5002e5c1cb2c5410;667ecf2e5002e5c1cb2c5411;667ecf2e5002e5c1cb2c5412;667ecf2e5002e5c1cb2c5413;;;;;;;;;;;;;;;;;;;;;;;;;false;2024-08-24T10:00:00Z;2024-08-24T10:00:00Z;true;null
667e51e6cb4b99a0554c5d1e;Cancha de Señorial;6.160660928;6.160566412;6.160204679;6.160293487;6.160660928;;;;;;;;;;;;;;-75.59798985;-75.59816543;-75.59796526;-75.59781082;-75.59798985;;;;;;;;;;;;;;667e51e6cb4b99a0554c5d1f;667e51e6cb4b99a0554c5d20;667e51e6cb4b99a0554c5d21;667e51e6cb4b99a0554c5d22;667e51e6cb4b99a0554c5d23;;;;;;;;;;;;;;667a4aaf0cc99ae2fa6ed6c3;6.161053;6.161207403;6.161339585;6.161444172;6.161516909;6.16155484;6.161556423;6.161521593;6.161451765;6.161357249;6.161258033;6.161132012;6.16098407;6.16081994;6.160645984;6.160468944;6.160295682;6.160132912;6.15977118;6.15962395;6.159499648;6.15940318;6.159338356;6.159307734;6.159312524;6.159352536;6.159426191;6.159514999;6.159612392;6.159733582;6.159874335;6.160029732;6.160194344;6.16036242;6.160528088;6.160685559;6.161053;;;;;;;;;;;;;;;;;;;;;;;;;-75.5971758;-75.59727146;-75.59739634;-75.59754535;-75.59771244;-75.5978908;-75.5980732;-75.5982522;-75.59842054;-75.59859612;-75.59874361;-75.59886869;-75.59896651;-75.59903329;-75.59906643;-75.59906465;-75.59902801;-75.59895795;-75.59875778;-75.59865593;-75.59852681;-75.59837552;-75.59820804;-75.59803097;-75.5978513;-75.59767614;-75.59751239;-75.59735795;-75.59722014;-75.59710297;-75.59701053;-75.59694606;-75.59691179;-75.59690894;-75.5969376;-75.59699677;-75.5971758;;;;;;;;;;;;;;;;;;;;;;;;;667ecf2e5002e5c1cb2c5421;667ecf2e5002e5c1cb2c5422;667ecf2e5002e5c1cb2c5423;667ecf2e5002e5c1cb2c5424;667ecf2e5002e5c1cb2c5425;667ecf2e5002e5c1cb2c5426;667ecf2e5002e5c1cb2c5427;667ecf2e5002e5c1cb2c5428;667ecf2e5002e5c1cb2c5429;667ecf2e5002e5c1cb2c542a;667ecf2e5002e5c1cb2c542b;667ecf2e5002e5c1cb2c542c;667ecf2e5002e5c1cb2c542d;667ecf2e5002e5c1cb2c542e;667ecf2e5002e5c1cb2c542f;667ecf2e5002e5c1cb2c5430;667ecf2e5002e5c1cb2c5431;667ecf2e5002e5c1cb2c5432;667ecf2e5002e5c1cb2c5433;667ecf2e5002e5c1cb2c5434;667ecf2e5002e5c1cb2c5435;667ecf2e5002e5c1cb2c5436;667ecf2e5002e5c1cb2c5437;667ecf2e5002e5c1cb2c5438;667ecf2e5002e5c1cb2c5439;667ecf2e5002e5c1cb2c543a;667ecf2e5002e5c1cb2c543b;667ecf2e5002e5c1cb2c543c;667ecf2e5002e5c1cb2c543d;667ecf2e5002e5c1cb2c543e;667ecf2e5002e5c1cb2c543f;667ecf2e5002e5c1cb2c5440;667ecf2e5002e5c1cb2c5441;667ecf2e5002e5c1cb2c5442;667ecf2e5002e5c1cb2c5443;667ecf2e5002e5c1cb2c5444;667ecf2e5002e5c1cb2c5445;;;;;;;;;;;;;;;;;;;;;;;;;false;2024-08-24T10:00:00Z;2024-08-24T10:00:00Z;true;null
667e51f1cb4b99a0554c5d2a;Parroquia del Sagrado Corazon de Jesus;6.159856201;6.159607865;6.159885637;6.160101083;6.159856201;;;;;;;;;;;;;;-75.59812815;-75.59797138;-75.59766841;-75.59781968;-75.59812815;;;;;;;;;;;;;;667e51f1cb4b99a0554c5d2b;667e51f1cb4b99a0554c5d2c;667e51f1cb4b99a0554c5d2d;667e51f1cb4b99a0554c5d2e;667e51f1cb4b99a0554c5d2f;;;;;;;;;;;;;;667a50110cc99ae2fa6ed6de;6.160418422;6.160313483;6.160188792;6.160049734;6.159902316;6.159752906;6.159607959;6.159473734;6.159225398;6.159114557;6.15902242;6.15895248;6.158907388;6.158888854;6.158897581;6.158933238;6.158994473;6.159078964;6.159356735;6.15946712;6.159595038;6.159735132;6.15988153;6.160028101;6.160168703;6.160297446;6.160512893;6.160624065;6.160713464;6.160777368;6.160813115;6.160819218;6.160795423;6.160742721;6.160663304;6.160418422;;;;;;;;;;;;;;;;;;;;;;;;;;-75.59857967;-75.59868681;-75.59876982;-75.59882511;-75.5988503;-75.59884429;-75.59880735;-75.59874106;-75.59858429;-75.59849813;-75.59839199;-75.5982699;-75.5981365;-75.59799683;-75.5978562;-75.59771994;-75.59759321;-75.59748082;-75.59717785;-75.59707981;-75.59700644;-75.59696079;-75.59694479;-75.59695911;-75.59700314;-75.59707505;-75.59722631;-75.59732274;-75.59743985;-75.59757278;-75.59771599;-75.59786351;-75.59800921;-75.59814702;-75.5982712;-75.59857967;;;;;;;;;;;;;;;;;;;;;;;;;;667ecf2e5002e5c1cb2c5451;667ecf2e5002e5c1cb2c5452;667ecf2e5002e5c1cb2c5453;667ecf2e5002e5c1cb2c5454;667ecf2e5002e5c1cb2c5455;667ecf2e5002e5c1cb2c5456;667ecf2e5002e5c1cb2c5457;667ecf2e5002e5c1cb2c5458;667ecf2e5002e5c1cb2c5459;667ecf2e5002e5c1cb2c545a;667ecf2e5002e5c1cb2c545b;667ecf2e5002e5c1cb2c545c;667ecf2e5002e5c1cb2c545d;667ecf2e5002e5c1cb2c545e;667ecf2e5002e5c1cb2c545f;667ecf2e5002e5c1cb2c5460;667ecf2e5002e5c1cb2c5461;667ecf2e5002e5c1cb2c5462;667ecf2e5002e5c1cb2c5463;667ecf2e5002e5c1cb2c5464;667ecf2e5002e5c1cb2c5465;667ecf2e5002e5c1cb2c5466;667ecf2e5002e5c1cb2c5467;667ecf2e5002e5c1cb2c5468;667ecf2e5002e5c1cb2c5469;667ecf2e5002e5c1cb2c546a;667ecf2e5002e5c1cb2c546b;667ecf2e5002e5c1cb2c546c;667ecf2e5002e5c1cb2c546d;667ecf2e5002e5c1cb2c546e;667ecf2e5002e5c1cb2c546f;667ecf2e5002e5c1cb2c5470;667ecf2e5002e5c1cb2c5471;667ecf2e5002e5c1cb2c5472;667ecf2e5002e5c1cb2c5473;667ecf2e5002e5c1cb2c5474;;;;;;;;;;;;;;;;;;;;;;;;;;false;2024-08-24T10:00:00Z;2024-08-24T10:00:00Z;true;null
667e51f8cb4b99a0554c5d36;Club Atletico San Loranzo La Paz;6.164598489;6.164326594;6.163971833;6.164235303;6.164598489;;;;;;;;;;;;;;-75.59427728;-75.59451786;-75.59409558;-75.59387428;-75.59427728;;;;;;;;;;;;;;667e51f8cb4b99a0554c5d37;667e51f8cb4b99a0554c5d38;667e51f8cb4b99a0554c5d39;667e51f8cb4b99a0554c5d3a;667e51f8cb4b99a0554c5d3b;;;;;;;;;;;;;;667a4aaf0cc99ae2fa6ed6c3;6.165264809;6.165370695;6.165446343;6.165488791;6.165496375;6.165468801;6.165407146;6.165313826;6.165192494;6.1649206;6.164775517;6.164612743;6.164438694;6.164260227;6.164084375;6.163918068;6.16376786;6.16363967;6.163284909;6.163184554;6.163114677;6.163077983;6.163075892;6.163108487;6.163174504;6.163271388;6.163395389;6.163658859;6.163800602;6.163958201;6.164125907;6.164297603;6.164467027;6.164627999;6.164774647;6.164901623;6.165264809;;;;;;;;;;;;;;;;;;;;;;;;;-75.59366978;-75.59381365;-75.59397567;-75.5941495;-75.59432833;-75.59450517;-75.59467308;-75.59482549;-75.59495644;-75.59519702;-75.59530165;-75.5953754;-75.59541535;-75.59541994;-75.59538898;-75.59532369;-75.59522665;-75.59510168;-75.59467939;-75.59453281;-75.5943693;-75.59419519;-75.59401723;-75.5938423;-75.59367717;-75.59352824;-75.59340128;-75.59317998;-75.59308242;-75.59301374;-75.59297644;-75.5929719;-75.59300027;-75.59306052;-75.59315045;-75.59326678;-75.59366978;;;;;;;;;;;;;;;;;;;;;;;;;667ecf2e5002e5c1cb2c5481;667ecf2e5002e5c1cb2c5482;667ecf2e5002e5c1cb2c5483;667ecf2e5002e5c1cb2c5484;667ecf2e5002e5c1cb2c5485;667ecf2e5002e5c1cb2c5486;667ecf2e5002e5c1cb2c5487;667ecf2e5002e5c1cb2c5488;667ecf2e5002e5c1cb2c5489;667ecf2e5002e5c1cb2c548a;667ecf2e5002e5c1cb2c548b;667ecf2e5002e5c1cb2c548c;667ecf2e5002e5c1cb2c548d;667ecf2e5002e5c1cb2c548e;667ecf2e5002e5c1cb2c548f;667ecf2e5002e5c1cb2c5490;667ecf2e5002e5c1cb2c5491;667ecf2e5002e5c1cb2c5492;667ecf2e5002e5c1cb2c5493;667ecf2e5002e5c1cb2c5494;667ecf2e5002e5c1cb2c5495;667ecf2e5002e5c1cb2c5496;667ecf2e5002e5c1cb2c5497;667ecf2e5002e5c1cb2c5498;667ecf2e5002e5c1cb2c5499;667ecf2e5002e5c1cb2c549a;667ecf2e5002e5c1cb2c549b;667ecf2e5002e5c1cb2c549c;667ecf2e5002e5c1cb2c549d;667ecf2e5002e5c1cb2c549e;667ecf2e5002e5c1cb2c549f;667ecf2e5002e5c1cb2c54a0;667ecf2e5002e5c1cb2c54a1;667ecf2e5002e5c1cb2c54a2;667ecf2e5002e5c1cb2c54a3;667ecf2e5002e5c1cb2c54a4;667ecf2e5002e5c1cb2c54a5;;;;;;;;;;;;;;;;;;;;;;;;;false;2024-08-24T10:00:00Z;2024-08-24T10:00:00Z;true;null
667e5205cb4b99a0554c5d42;Pista de Patinaje La Paz;6.16415873;6.163945352;6.163577495;6.16379571;6.16415873;;;;;;;;;;;;;;-75.59375991;-75.59396197;-75.5935773;-75.59336858;-75.59375991;;;;;;;;;;;;;;667e5205cb4b99a0554c5d43;667e5205cb4b99a0554c5d44;667e5205cb4b99a0554c5d45;667e5205cb4b99a0554c5d46;667e5205cb4b99a0554c5d47;;;;;;;;;;;;;;667a4aaf0cc99ae2fa6ed6c3;6.16481628;6.164923071;6.165000657;6.165046071;6.165057579;6.165034741;6.16497843;6.164890797;6.164775191;6.164561813;6.164423244;6.164266558;6.164097696;6.163923059;6.163749267;6.163582908;6.163430289;6.163297196;6.162929339;6.162819822;6.162739633;6.162691875;6.162678398;6.162699721;6.162755021;6.162842157;6.162957755;6.16317597;6.16331592;6.16347453;6.163645633;6.163822573;6.163998468;6.164166477;6.164320065;6.164453259;6.16481628;;;;;;;;;;;;;;;;;;;;;;;;;-75.59314283;-75.59328328;-75.59344195;-75.59361276;-75.5937892;-75.59396452;-75.59413202;-75.59428531;-75.59441851;-75.59462057;-75.59472824;-75.59480686;-75.59485345;-75.59486624;-75.59484476;-75.59478981;-75.59470347;-75.59458903;-75.59420436;-75.59406459;-75.59390595;-75.59373459;-75.59355715;-75.59338048;-75.59321144;-75.59305655;-75.59292182;-75.5927131;-75.59260351;-75.59252368;-75.59247671;-75.59246443;-75.59248732;-75.59254448;-75.59263369;-75.59275149;-75.59314283;;;;;;;;;;;;;;;;;;;;;;;;;667ecf2e5002e5c1cb2c54b1;667ecf2e5002e5c1cb2c54b2;667ecf2e5002e5c1cb2c54b3;667ecf2e5002e5c1cb2c54b4;667ecf2e5002e5c1cb2c54b5;667ecf2e5002e5c1cb2c54b6;667ecf2e5002e5c1cb2c54b7;667ecf2e5002e5c1cb2c54b8;667ecf2e5002e5c1cb2c54b9;667ecf2e5002e5c1cb2c54ba;667ecf2e5002e5c1cb2c54bb;667ecf2e5002e5c1cb2c54bc;667ecf2e5002e5c1cb2c54bd;667ecf2e5002e5c1cb2c54be;667ecf2e5002e5c1cb2c54bf;667ecf2e5002e5c1cb2c54c0;667ecf2e5002e5c1cb2c54c1;667ecf2e5002e5c1cb2c54c2;667ecf2e5002e5c1cb2c54c3;667ecf2e5002e5c1cb2c54c4;667ecf2e5002e5c1cb2c54c5;667ecf2e5002e5c1cb2c54c6;667ecf2e5002e5c1cb2c54c7;667ecf2e5002e5c1cb2c54c8;667ecf2e5002e5c1cb2c54c9;667ecf2e5002e5c1cb2c54ca;667ecf2e5002e5c1cb2c54cb;667ecf2e5002e5c1cb2c54cc;667ecf2e5002e5c1cb2c54cd;667ecf2e5002e5c1cb2c54ce;667ecf2e5002e5c1cb2c54cf;667ecf2e5002e5c1cb2c54d0;667ecf2e5002e5c1cb2c54d1;667ecf2e5002e5c1cb2c54d2;667ecf2e5002e5c1cb2c54d3;667ecf2e5002e5c1cb2c54d4;667ecf2e5002e5c1cb2c54d5;;;;;;;;;;;;;;;;;;;;;;;;;false;2024-08-24T10:00:00Z;2024-08-24T10:00:00Z;true;null
667e5210cb4b99a0554c5d4e;Institucion educativa la Paz;6.163598779;6.164231079;6.16405077;6.163484741;6.163148043;6.163333594;6.163598779;;;;;;;;;;;;-75.5944274;-75.59474798;-75.59494499;-75.59459696;-75.5943038;-75.59416592;-75.5944274;;;;;;;;;;;;667e5210cb4b99a0554c5d4f;667e5210cb4b99a0554c5d50;667e5210cb4b99a0554c5d51;667e5210cb4b99a0554c5d52;667e5210cb4b99a0554c5d53;667e5210cb4b99a0554c5d54;667e5210cb4b99a0554c5d55;;;;;;;;;;;;667a4a900cc99ae2fa6ed6c1;6.164128471;6.164635889;6.164791119;6.164922822;6.165025463;6.165094732;6.165127717;6.165123034;6.165080879;6.165003022;6.164892735;6.164712426;6.164580781;6.16442874;6.164262152;6.164087429;6.163911295;6.163740529;6.163581703;6.163015675;6.162896139;6.162559441;6.16243659;6.162341846;6.162278951;6.162250391;6.162257293;6.162299385;6.162375005;6.162481164;6.162613669;6.162799221;6.162954944;6.163126015;6.163305501;6.163486125;6.163660567;6.163821755;6.163963155;6.164128471;;;;;;;;;;;;;;;;;;;;;;-75.59368299;-75.59394025;-75.59404024;-75.59416995;-75.59432395;-75.59449576;-75.59467817;-75.59486352;-75.59504401;-75.59521206;-75.59536061;-75.59555763;-75.59567576;-75.59576578;-75.5958242;-75.59584879;-75.5958386;-75.59579402;-75.59571676;-75.59536872;-75.59528086;-75.5949877;-75.5948571;-75.59470464;-75.59453635;-75.59435887;-75.59417921;-75.59400448;-75.59384157;-75.59369693;-75.59357625;-75.59343838;-75.59334546;-75.5932858;-75.59326182;-75.59327448;-75.59332328;-75.59340623;-75.59351998;-75.59368299;;;;;;;;;;;;;;;;;;;;;;667ecf2e5002e5c1cb2c54e6;667ecf2e5002e5c1cb2c54e7;667ecf2e5002e5c1cb2c54e8;667ecf2e5002e5c1cb2c54e9;667ecf2e5002e5c1cb2c54ea;667ecf2e5002e5c1cb2c54eb;667ecf2e5002e5c1cb2c54ec;667ecf2e5002e5c1cb2c54ed;667ecf2e5002e5c1cb2c54ee;667ecf2e5002e5c1cb2c54ef;667ecf2e5002e5c1cb2c54f0;667ecf2e5002e5c1cb2c54f1;667ecf2e5002e5c1cb2c54f2;667ecf2e5002e5c1cb2c54f3;667ecf2e5002e5c1cb2c54f4;667ecf2e5002e5c1cb2c54f5;667ecf2e5002e5c1cb2c54f6;667ecf2e5002e5c1cb2c54f7;667ecf2e5002e5c1cb2c54f8;667ecf2e5002e5c1cb2c54f9;667ecf2e5002e5c1cb2c54fa;667ecf2e5002e5c1cb2c54fb;667ecf2e5002e5c1cb2c54fc;667ecf2e5002e5c1cb2c54fd;667ecf2e5002e5c1cb2c54fe;667ecf2e5002e5c1cb2c54ff;667ecf2e5002e5c1cb2c5500;667ecf2e5002e5c1cb2c5501;667ecf2e5002e5c1cb2c5502;667ecf2e5002e5c1cb2c5503;667ecf2e5002e5c1cb2c5504;667ecf2e5002e5c1cb2c5505;667ecf2e5002e5c1cb2c5506;667ecf2e5002e5c1cb2c5507;667ecf2e5002e5c1cb2c5508;667ecf2e5002e5c1cb2c5509;667ecf2e5002e5c1cb2c550a;667ecf2e5002e5c1cb2c550b;667ecf2e5002e5c1cb2c550c;667ecf2e5002e5c1cb2c550d;;;;;;;;;;;;;;;;;;;;;;false;2024-08-24T10:00:00Z;2024-08-24T10:00:00Z;true;null
667e521bcb4b99a0554c5d5e;SoulinePark - La Paz;6.164331429;6.164243892;6.163696434;6.163968775;6.164331429;;;;;;;;;;;;;;-75.59452089;-75.59458776;-75.59433895;-75.59409303;-75.59452089;;;;;;;;;;;;;;667e521bcb4b99a0554c5d5f;667e521bcb4b99a0554c5d60;667e521bcb4b99a0554c5d61;667e521bcb4b99a0554c5d62;667e521bcb4b99a0554c5d63;;;;;;;;;;;;;;667a4aaf0cc99ae2fa6ed6c3;6.165015804;6.165119554;6.165190809;6.165226631;6.165225543;6.165187589;6.165114336;6.165008802;6.16487534;6.164787803;6.16462266;6.164440111;6.164248545;6.164056766;6.163873585;6.163326127;6.163171741;6.163037974;6.162930082;6.162852306;6.162807702;6.162798023;6.162823649;6.162883573;6.16297544;6.163095641;6.163367982;6.16351256;6.163675246;6.163849581;6.164028648;6.164205338;6.164372639;6.164523911;6.16465315;6.165015804;;;;;;;;;;;;;;;;;;;;;;;;;;-75.59393405;-75.5940852;-75.59425432;-75.59443442;-75.59461809;-75.59479775;-75.594966;-75.59511589;-75.59524126;-75.59530812;-75.59540817;-75.59547052;-75.5954923;-75.59547251;-75.59541207;-75.59516326;-75.59507359;-75.59495506;-75.59481231;-75.59465096;-75.59447735;-75.5942983;-75.59412085;-75.59395197;-75.59379829;-75.59366587;-75.59341994;-75.59331351;-75.59323802;-75.59319646;-75.59319049;-75.59322033;-75.59328482;-75.59338138;-75.59350619;-75.59393405;;;;;;;;;;;;;;;;;;;;;;;;;;667ecf2e5002e5c1cb2c551b;667ecf2e5002e5c1cb2c551c;667ecf2e5002e5c1cb2c551d;667ecf2e5002e5c1cb2c551e;667ecf2e5002e5c1cb2c551f;667ecf2e5002e5c1cb2c5520;667ecf2e5002e5c1cb2c5521;667ecf2e5002e5c1cb2c5522;667ecf2e5002e5c1cb2c5523;667ecf2e5002e5c1cb2c5524;667ecf2e5002e5c1cb2c5525;667ecf2e5002e5c1cb2c5526;667ecf2e5002e5c1cb2c5527;667ecf2e5002e5c1cb2c5528;667ecf2e5002e5c1cb2c5529;667ecf2e5002e5c1cb2c552a;667ecf2e5002e5c1cb2c552b;667ecf2e5002e5c1cb2c552c;667ecf2e5002e5c1cb2c552d;667ecf2e5002e5c1cb2c552e;667ecf2e5002e5c1cb2c552f;667ecf2e5002e5c1cb2c5530;667ecf2e5002e5c1cb2c5531;667ecf2e5002e5c1cb2c5532;667ecf2e5002e5c1cb2c5533;667ecf2e5002e5c1cb2c5534;667ecf2e5002e5c1cb2c5535;667ecf2e5002e5c1cb2c5536;667ecf2e5002e5c1cb2c5537;667ecf2e5002e5c1cb2c5538;667ecf2e5002e5c1cb2c5539;667ecf2e5002e5c1cb2c553a;667ecf2e5002e5c1cb2c553b;667ecf2e5002e5c1cb2c553c;667ecf2e5002e5c1cb2c553d;667ecf2e5002e5c1cb2c553e;;;;;;;;;;;;;;;;;;;;;;;;;;false;2024-08-24T10:00:00Z;2024-08-24T10:00:00Z;true;null
667e5221cb4b99a0554c5d6a;I.E. La Paz;6.162345158;6.162721089;6.162808956;6.16296816;6.162368759;6.161765411;6.161998527;6.162345158;;;;;;;;;;;-75.59336205;-75.593589;-75.5935264;-75.59374638;-75.59423005;-75.59348729;-75.59336455;-75.59336205;;;;;;;;;;;667e5221cb4b99a0554c5d6b;667e5221cb4b99a0554c5d6c;667e5221cb4b99a0554c5d6d;667e5221cb4b99a0554c5d6e;667e5221cb4b99a0554c5d6f;667e5221cb4b99a0554c5d70;667e5221cb4b99a0554c5d71;667e5221cb4b99a0554c5d72;;;;;;;;;;;667a4a900cc99ae2fa6ed6c1;6.162877997;6.162954561;6.16312354;6.163280626;6.163419882;6.163536043;6.163695247;6.163782305;6.163839911;6.16386598;6.16385957;6.163820912;6.163751404;6.163653562;6.163530925;6.162931524;6.162784748;6.162622167;6.162449958;6.162274663;6.162102944;6.161941324;6.161795945;6.16167233;6.161068983;6.160971056;6.160903878;6.160870048;6.160870876;6.16090633;6.160975037;6.161074339;6.161200391;6.161348314;6.161581429;6.161780639;6.161992087;6.162338718;6.162502108;6.162660281;6.162807979;6.162877997;;;;;;;;;;;;;;;;;;;;-75.59262875;-75.59263378;-75.592679;-75.59275624;-75.5928626;-75.59299406;-75.59321404;-75.59336213;-75.59352413;-75.59369416;-75.59386609;-75.59403368;-75.59419088;-75.594332;-75.59445194;-75.5949356;-75.59503201;-75.59509794;-75.5951309;-75.59512963;-75.59509418;-75.5950259;-75.59492737;-75.59480236;-75.5940596;-75.59391138;-75.59374674;-75.59357206;-75.5933941;-75.59321974;-75.59305574;-75.59290845;-75.59278356;-75.59268591;-75.59256317;-75.59248695;-75.59246002;-75.59245753;-75.59247138;-75.59251485;-75.59258648;-75.59262875;;;;;;;;;;;;;;;;;;;;667ecf2e5002e5c1cb2c5552;667ecf2e5002e5c1cb2c5553;667ecf2e5002e5c1cb2c5554;667ecf2e5002e5c1cb2c5555;667ecf2e5002e5c1cb2c5556;667ecf2e5002e5c1cb2c5557;667ecf2e5002e5c1cb2c5558;667ecf2e5002e5c1cb2c5559;667ecf2e5002e5c1cb2c555a;667ecf2e5002e5c1cb2c555b;667ecf2e5002e5c1cb2c555c;667ecf2e5002e5c1cb2c555d;667ecf2e5002e5c1cb2c555e;667ecf2e5002e5c1cb2c555f;667ecf2e5002e5c1cb2c5560;667ecf2e5002e5c1cb2c5561;667ecf2e5002e5c1cb2c5562;667ecf2e5002e5c1cb2c5563;667ecf2e5002e5c1cb2c5564;667ecf2e5002e5c1cb2c5565;667ecf2e5002e5c1cb2c5566;667ecf2e5002e5c1cb2c5567;667ecf2e5002e5c1cb2c5568;667ecf2e5002e5c1cb2c5569;667ecf2e5002e5c1cb2c556a;667ecf2e5002e5c1cb2c556b;667ecf2e5002e5c1cb2c556c;667ecf2e5002e5c1cb2c556d;667ecf2e5002e5c1cb2c556e;667ecf2e5002e5c1cb2c556f;667ecf2e5002e5c1cb2c5570;667ecf2e5002e5c1cb2c5571;667ecf2e5002e5c1cb2c5572;667ecf2e5002e5c1cb2c5573;667ecf2e5002e5c1cb2c5574;667ecf2e5002e5c1cb2c5575;667ecf2e5002e5c1cb2c5576;667ecf2e5002e5c1cb2c5577;667ecf2e5002e5c1cb2c5578;667ecf2e5002e5c1cb2c5579;667ecf2e5002e5c1cb2c557a;667ecf2e5002e5c1cb2c557b;;;;;;;;;;;;;;;;;;;;false;2024-08-24T10:00:00Z;2024-08-24T10:00:00Z;true;null
667e522dcb4b99a0554c5d7c;Parroquia San Ignacion de antioquia;6.159950079;6.159611291;6.159763165;6.159950079;;;;;;;;;;;;;;;-75.59425063;-75.59407988;-75.59381221;-75.59425063;;;;;;;;;;;;;;;667e522dcb4b99a0554c5d7d;667e522dcb4b99a0554c5d7e;667e522dcb4b99a0554c5d7f;667e522dcb4b99a0554c5d80;;;;;;;;;;;;;;;667a50110cc99ae2fa6ed6de;6.160611307;6.160654947;6.160669535;6.160654469;6.160610371;6.160539057;6.160443468;6.160327544;6.160196061;6.16005444;6.159908518;6.159764308;6.159627756;6.159288968;6.159165849;6.159061042;6.158978856;6.15892267;6.158894794;6.158896374;6.158927344;6.158986432;6.159138306;6.15922238;6.159328364;6.159451965;6.159588175;6.159731474;6.159876058;6.160016067;6.16014583;6.160260089;6.160354215;6.160424393;6.160611307;;;;;;;;;;;;;;;;;;;;;;;;;;;-75.59396545;-75.59410565;-75.59425182;-75.59439795;-75.59453801;-75.59466622;-75.5947773;-75.59486668;-75.59493066;-75.59496661;-75.59497306;-75.59494973;-75.59489758;-75.59472683;-75.59464813;-75.59454608;-75.59442486;-75.59428946;-75.59414544;-75.59399872;-75.59385535;-75.5937212;-75.59345353;-75.59333494;-75.59323568;-75.59315978;-75.59311031;-75.59308928;-75.59309754;-75.59313476;-75.59319942;-75.59328892;-75.59339961;-75.59352702;-75.59396545;;;;;;;;;;;;;;;;;;;;;;;;;;;667ecf2e5002e5c1cb2c5585;667ecf2e5002e5c1cb2c5586;667ecf2e5002e5c1cb2c5587;667ecf2e5002e5c1cb2c5588;667ecf2e5002e5c1cb2c5589;667ecf2e5002e5c1cb2c558a;667ecf2e5002e5c1cb2c558b;667ecf2e5002e5c1cb2c558c;667ecf2e5002e5c1cb2c558d;667ecf2e5002e5c1cb2c558e;667ecf2e5002e5c1cb2c558f;667ecf2e5002e5c1cb2c5590;667ecf2e5002e5c1cb2c5591;667ecf2e5002e5c1cb2c5592;667ecf2e5002e5c1cb2c5593;667ecf2e5002e5c1cb2c5594;667ecf2e5002e5c1cb2c5595;667ecf2e5002e5c1cb2c5596;667ecf2e5002e5c1cb2c5597;667ecf2e5002e5c1cb2c5598;667ecf2e5002e5c1cb2c5599;667ecf2e5002e5c1cb2c559a;667ecf2e5002e5c1cb2c559b;667ecf2e5002e5c1cb2c559c;667ecf2e5002e5c1cb2c559d;667ecf2e5002e5c1cb2c559e;667ecf2e5002e5c1cb2c559f;667ecf2e5002e5c1cb2c55a0;667ecf2e5002e5c1cb2c55a1;667ecf2e5002e5c1cb2c55a2;667ecf2e5002e5c1cb2c55a3;667ecf2e5002e5c1cb2c55a4;667ecf2e5002e5c1cb2c55a5;667ecf2e5002e5c1cb2c55a6;667ecf2e5002e5c1cb2c55a7;;;;;;;;;;;;;;;;;;;;;;;;;;;false;2024-08-24T10:00:00Z;2024-08-24T10:00:00Z;true;null
667e5235cb4b99a0554c5d86;I.E. Marie Paussepin;6.171626158;6.17185961;6.172023049;6.171828504;6.171683942;6.171442446;6.171023178;6.170932686;6.171550783;6.171626158;;;;;;;;;-75.57674924;-75.57673285;-75.57702062;-75.57713316;-75.57697603;-75.57699164;-75.5771524;-75.57696564;-75.5767081;-75.57674924;;;;;;;;;667e5235cb4b99a0554c5d87;667e5235cb4b99a0554c5d88;667e5235cb4b99a0554c5d89;667e5235cb4b99a0554c5d8a;667e5235cb4b99a0554c5d8b;667e5235cb4b99a0554c5d8c;667e5235cb4b99a0554c5d8d;667e5235cb4b99a0554c5d8e;667e5235cb4b99a0554c5d8f;667e5235cb4b99a0554c5d90;;;;;;;;;667a4a900cc99ae2fa6ed6c1;6.171454781;6.171343512;6.171183303;6.171017618;6.170852123;6.170692478;6.170544142;6.170412187;6.170301126;6.170214757;6.170124265;6.170061221;6.1700343;6.170044617;6.170091743;6.170173726;6.170287167;6.170427365;6.170588509;6.171206605;6.171359136;6.171517721;6.171677351;6.171763459;6.171796996;6.171964796;6.172128932;6.172283686;6.172423668;6.172544002;6.172640496;6.172803936;6.172875855;6.172915122;6.172920233;6.172890993;6.172828522;6.17273521;6.172614632;6.172471403;6.172276858;6.172119606;6.171951623;6.171779102;6.171608402;6.171454781;;;;;;;;;;;;;;;;-75.57795497;-75.57799763;-75.5780425;-75.57805694;-75.57804044;-75.57799358;-75.57791795;-75.57781614;-75.57769163;-75.57754869;-75.57736193;-75.57718903;-75.57700687;-75.576823;-75.57664504;-75.57648037;-75.57633582;-75.57621737;-75.57612994;-75.5758724;-75.57582431;-75.57580415;-75.57581254;-75.57583284;-75.57583048;-75.5758345;-75.5758698;-75.57593517;-75.57602833;-75.57614602;-75.57628416;-75.57657194;-75.57673348;-75.57690601;-75.57708294;-75.57725748;-75.57742295;-75.57757301;-75.57770193;-75.57780476;-75.57791729;-75.57798903;-75.57802921;-75.57803636;-75.57801022;-75.57795497;;;;;;;;;;;;;;;;667ecf2e5002e5c1cb2c55be;667ecf2e5002e5c1cb2c55bf;667ecf2e5002e5c1cb2c55c0;667ecf2e5002e5c1cb2c55c1;667ecf2e5002e5c1cb2c55c2;667ecf2e5002e5c1cb2c55c3;667ecf2e5002e5c1cb2c55c4;667ecf2e5002e5c1cb2c55c5;667ecf2e5002e5c1cb2c55c6;667ecf2e5002e5c1cb2c55c7;667ecf2e5002e5c1cb2c55c8;667ecf2e5002e5c1cb2c55c9;667ecf2e5002e5c1cb2c55ca;667ecf2e5002e5c1cb2c55cb;667ecf2e5002e5c1cb2c55cc;667ecf2e5002e5c1cb2c55cd;667ecf2e5002e5c1cb2c55ce;667ecf2e5002e5c1cb2c55cf;667ecf2e5002e5c1cb2c55d0;667ecf2e5002e5c1cb2c55d1;667ecf2e5002e5c1cb2c55d2;667ecf2e5002e5c1cb2c55d3;667ecf2e5002e5c1cb2c55d4;667ecf2e5002e5c1cb2c55d5;667ecf2e5002e5c1cb2c55d6;667ecf2e5002e5c1cb2c55d7;667ecf2e5002e5c1cb2c55d8;667ecf2e5002e5c1cb2c55d9;667ecf2e5002e5c1cb2c55da;667ecf2e5002e5c1cb2c55db;667ecf2e5002e5c1cb2c55dc;667ecf2e5002e5c1cb2c55dd;667ecf2e5002e5c1cb2c55de;667ecf2e5002e5c1cb2c55df;667ecf2e5002e5c1cb2c55e0;667ecf2e5002e5c1cb2c55e1;667ecf2e5002e5c1cb2c55e2;667ecf2e5002e5c1cb2c55e3;667ecf2e5002e5c1cb2c55e4;667ecf2e5002e5c1cb2c55e5;667ecf2e5002e5c1cb2c55e6;667ecf2e5002e5c1cb2c55e7;667ecf2e5002e5c1cb2c55e8;667ecf2e5002e5c1cb2c55e9;667ecf2e5002e5c1cb2c55ea;667ecf2e5002e5c1cb2c55eb;;;;;;;;;;;;;;;;false;2024-08-24T10:00:00Z;2024-08-24T10:00:00Z;true;null
667e5240cb4b99a0554c5d9c;Colegio Cumbres envigado;6.169131125;6.169123393;6.168611827;6.168914621;6.168871485;6.168462851;6.168431199;6.167677939;6.167676325;6.16799741;6.168369269;6.168336653;6.168459424;6.168111519;6.168790869;6.169131125;;;-75.57031613;-75.57156321;-75.57193209;-75.57212644;-75.57227596;-75.57206734;-75.57191458;-75.57198673;-75.57143176;-75.57122863;-75.5711802;-75.570962;-75.57083234;-75.57043735;-75.56987991;-75.57031613;;;667e5240cb4b99a0554c5d9d;667e5240cb4b99a0554c5d9e;667e5240cb4b99a0554c5d9f;667e5240cb4b99a0554c5da0;667e5240cb4b99a0554c5da1;667e5240cb4b99a0554c5da2;667e5240cb4b99a0554c5da3;667e5240cb4b99a0554c5da4;667e5240cb4b99a0554c5da5;667e5240cb4b99a0554c5da6;667e5240cb4b99a0554c5da7;667e5240cb4b99a0554c5da8;667e5240cb4b99a0554c5da9;667e5240cb4b99a0554c5daa;667e5240cb4b99a0554c5dab;667e5240cb4b99a0554c5dac;;;667a4a900cc99ae2fa6ed6c1;6.168035465;6.167763198;6.167576616;6.167394396;6.167224381;6.167073891;6.166949404;6.166856278;6.166798522;6.166778623;6.166777009;6.166794847;6.166848692;6.166936344;6.167054222;6.167197512;6.167239594;6.16721874;6.167215129;6.167247767;6.167315334;6.167415099;6.167543026;6.168222375;6.16837114;6.168536427;6.168711731;6.16889015;6.16906466;6.169228393;6.169374903;6.169498423;6.169838679;6.169944242;6.170009239;6.170030428;6.170022696;6.170005712;6.169957466;6.169879666;6.16981007;6.169809555;6.169778315;6.169735178;6.169670106;6.169574657;6.169452461;6.169308167;6.169147262;6.168975868;6.168800503;6.168627839;6.168464441;6.168055808;6.168035465;;;;;;;-75.57286113;-75.57288721;-75.57288553;-75.57284515;-75.57276782;-75.57265687;-75.57251707;-75.57235444;-75.57217598;-75.57198938;-75.5714344;-75.57125247;-75.57107785;-75.5709177;-75.57077854;-75.57066606;-75.57063944;-75.57054626;-75.57036439;-75.57018548;-75.57001675;-75.56986503;-75.56973645;-75.569179;-75.56907991;-75.56901231;-75.56897886;-75.56898088;-75.56901829;-75.56908961;-75.56919205;-75.56932156;-75.56975779;-75.56992968;-75.57012086;-75.57032177;-75.57156885;-75.57173826;-75.57190147;-75.57205269;-75.57214177;-75.57221568;-75.57237852;-75.57252804;-75.57269187;-75.57283988;-75.57296643;-75.57306673;-75.57313694;-75.57317441;-75.5731777;-75.57314669;-75.57308256;-75.57287394;-75.57286113;;;;;;;667ecf2e5002e5c1cb2c560d;667ecf2e5002e5c1cb2c560e;667ecf2e5002e5c1cb2c560f;667ecf2e5002e5c1cb2c5610;667ecf2e5002e5c1cb2c5611;667ecf2e5002e5c1cb2c5612;667ecf2e5002e5c1cb2c5613;667ecf2e5002e5c1cb2c5614;667ecf2e5002e5c1cb2c5615;667ecf2e5002e5c1cb2c5616;667ecf2e5002e5c1cb2c5617;667ecf2e5002e5c1cb2c5618;667ecf2e5002e5c1cb2c5619;667ecf2e5002e5c1cb2c561a;667ecf2e5002e5c1cb2c561b;667ecf2e5002e5c1cb2c561c;667ecf2e5002e5c1cb2c561d;667ecf2e5002e5c1cb2c561e;667ecf2e5002e5c1cb2c561f;667ecf2e5002e5c1cb2c5620;667ecf2e5002e5c1cb2c5621;667ecf2e5002e5c1cb2c5622;667ecf2e5002e5c1cb2c5623;667ecf2e5002e5c1cb2c5624;667ecf2e5002e5c1cb2c5625;667ecf2e5002e5c1cb2c5626;667ecf2e5002e5c1cb2c5627;667ecf2e5002e5c1cb2c5628;667ecf2e5002e5c1cb2c5629;667ecf2e5002e5c1cb2c562a;667ecf2e5002e5c1cb2c562b;667ecf2e5002e5c1cb2c562c;667ecf2e5002e5c1cb2c562d;667ecf2e5002e5c1cb2c562e;667ecf2e5002e5c1cb2c562f;667ecf2e5002e5c1cb2c5630;667ecf2e5002e5c1cb2c5631;667ecf2e5002e5c1cb2c5632;667ecf2e5002e5c1cb2c5633;667ecf2e5002e5c1cb2c5634;667ecf2e5002e5c1cb2c5635;667ecf2e5002e5c1cb2c5636;667ecf2e5002e5c1cb2c5637;667ecf2e5002e5c1cb2c5638;667ecf2e5002e5c1cb2c5639;667ecf2e5002e5c1cb2c563a;667ecf2e5002e5c1cb2c563b;667ecf2e5002e5c1cb2c563c;667ecf2e5002e5c1cb2c563d;667ecf2e5002e5c1cb2c563e;667ecf2e5002e5c1cb2c563f;667ecf2e5002e5c1cb2c5640;667ecf2e5002e5c1cb2c5641;667ecf2e5002e5c1cb2c5642;667ecf2e5002e5c1cb2c5643;;;;;;;false;2024-08-24T10:00:00Z;2024-08-24T10:00:00Z;true;null
667e5281cb4b99a0554c6458;Parque Amaneceres;6.169087119;6.168902085;6.168977792;6.169436065;6.169087119;;;;;;;;;;;;;;-75.58346031;-75.58327241;-75.58312816;-75.58326099;-75.58346031;;;;;;;;;;;;;;667e5281cb4b99a0554c6459;667e5281cb4b99a0554c645a;667e5281cb4b99a0554c645b;667e5281cb4b99a0554c645c;667e5281cb4b99a0554c645d;;;;;;;;;;;;;;667a50320cc99ae2fa6ed6e0;6.169442411;6.169320134;6.169189762;6.169055823;6.168922972;6.168795824;6.168678796;6.168575956;6.168390922;6.168296203;6.16822837;6.168190436;6.168184083;6.168209594;6.168265836;6.168341543;6.168418723;6.168517115;6.168632986;6.168761939;6.168899082;6.169039211;6.16917701;6.169635283;6.169765704;6.169883582;6.169984432;6.170064416;6.17012049;6.170150521;6.170153366;6.170128917;6.170078104;6.170002861;6.16990605;6.169791356;6.169442411;;;;;;;;;;;;;;;;;;;;;;;;;-75.58408957;-75.58414496;-75.58417656;-75.58418328;-75.58416487;-75.58412199;-75.58405612;-75.58396955;-75.58378165;-75.58366264;-75.58352632;-75.58337873;-75.58322642;-75.58307615;-75.58293459;-75.58279034;-75.58267269;-75.58257232;-75.58249303;-75.58243785;-75.58240886;-75.58240715;-75.58243281;-75.58256564;-75.58261777;-75.58269437;-75.58279254;-75.58290853;-75.58303793;-75.58317582;-75.58331695;-75.58345595;-75.58358754;-75.58370669;-75.58380889;-75.58389024;-75.58408957;;;;;;;;;;;;;;;;;;;;;;;;;667ecf2e5002e5c1cb2c5650;667ecf2e5002e5c1cb2c5651;667ecf2e5002e5c1cb2c5652;667ecf2e5002e5c1cb2c5653;667ecf2e5002e5c1cb2c5654;667ecf2e5002e5c1cb2c5655;667ecf2e5002e5c1cb2c5656;667ecf2e5002e5c1cb2c5657;667ecf2e5002e5c1cb2c5658;667ecf2e5002e5c1cb2c5659;667ecf2e5002e5c1cb2c565a;667ecf2e5002e5c1cb2c565b;667ecf2e5002e5c1cb2c565c;667ecf2e5002e5c1cb2c565d;667ecf2e5002e5c1cb2c565e;667ecf2e5002e5c1cb2c565f;667ecf2e5002e5c1cb2c5660;667ecf2e5002e5c1cb2c5661;667ecf2e5002e5c1cb2c5662;667ecf2e5002e5c1cb2c5663;667ecf2e5002e5c1cb2c5664;667ecf2e5002e5c1cb2c5665;667ecf2e5002e5c1cb2c5666;667ecf2e5002e5c1cb2c5667;667ecf2e5002e5c1cb2c5668;667ecf2e5002e5c1cb2c5669;667ecf2e5002e5c1cb2c566a;667ecf2e5002e5c1cb2c566b;667ecf2e5002e5c1cb2c566c;667ecf2e5002e5c1cb2c566d;667ecf2e5002e5c1cb2c566e;667ecf2e5002e5c1cb2c566f;667ecf2e5002e5c1cb2c5670;667ecf2e5002e5c1cb2c5671;667ecf2e5002e5c1cb2c5672;667ecf2e5002e5c1cb2c5673;667ecf2e5002e5c1cb2c5674;;;;;;;;;;;;;;;;;;;;;;;;;false;2024-08-24T10:00:00Z;2024-08-24T10:00:00Z;true;null
667e528acb4b99a0554c6464;Parque las Margaritas;6.170320398;6.170546664;6.170437152;6.170320398;;;;;;;;;;;;;;;-75.58399739;-75.58386861;-75.58414272;-75.58399739;;;;;;;;;;;;;;;667e528acb4b99a0554c6465;667e528acb4b99a0554c6466;667e528acb4b99a0554c6467;667e528acb4b99a0554c6468;;;;;;;;;;;;;;;667a50320cc99ae2fa6ed6e0;6.169760795;6.169684513;6.169631803;6.169604617;6.169603965;6.16962987;6.169681373;6.169756563;6.169852654;6.169966083;6.170192349;6.170316867;6.170449641;6.170585901;6.170720751;6.170849347;6.170967068;6.171069684;6.17115351;6.171215532;6.171253523;6.171266118;6.171252864;6.171214238;6.171104726;6.171042407;6.170958514;6.170856038;6.17073863;6.170610475;6.170476143;6.170340421;6.170208147;6.170084036;6.169972512;6.169877549;6.169760795;;;;;;;;;;;;;;;;;;;;;;;;;-75.5844522;-75.5843359;-75.58420706;-75.58407044;-75.58393112;-75.58379425;-75.58366491;-75.5835479;-75.58344755;-75.58336758;-75.5832388;-75.58318287;-75.58315157;-75.58314604;-75.58316647;-75.58321212;-75.58328136;-75.5833717;-75.58347989;-75.58360205;-75.58373379;-75.58387037;-75.58400688;-75.58413843;-75.58441255;-75.58453394;-75.58464139;-75.58473107;-75.58479978;-75.58484506;-75.58486531;-75.5848598;-75.58482873;-75.58477321;-75.58469522;-75.58459753;-75.5844522;;;;;;;;;;;;;;;;;;;;;;;;;667ecf2e5002e5c1cb2c5681;667ecf2e5002e5c1cb2c5682;667ecf2e5002e5c1cb2c5683;667ecf2e5002e5c1cb2c5684;667ecf2e5002e5c1cb2c5685;667ecf2e5002e5c1cb2c5686;667ecf2e5002e5c1cb2c5687;667ecf2e5002e5c1cb2c5688;667ecf2e5002e5c1cb2c5689;667ecf2e5002e5c1cb2c568a;667ecf2e5002e5c1cb2c568b;667ecf2e5002e5c1cb2c568c;667ecf2e5002e5c1cb2c568d;667ecf2e5002e5c1cb2c568e;667ecf2e5002e5c1cb2c568f;667ecf2e5002e5c1cb2c5690;667ecf2e5002e5c1cb2c5691;667ecf2e5002e5c1cb2c5692;667ecf2e5002e5c1cb2c5693;667ecf2e5002e5c1cb2c5694;667ecf2e5002e5c1cb2c5695;667ecf2e5002e5c1cb2c5696;667ecf2e5002e5c1cb2c5697;667ecf2e5002e5c1cb2c5698;667ecf2e5002e5c1cb2c5699;667ecf2e5002e5c1cb2c569a;667ecf2e5002e5c1cb2c569b;667ecf2e5002e5c1cb2c569c;667ecf2e5002e5c1cb2c569d;667ecf2e5002e5c1cb2c569e;667ecf2e5002e5c1cb2c569f;667ecf2e5002e5c1cb2c56a0;667ecf2e5002e5c1cb2c56a1;667ecf2e5002e5c1cb2c56a2;667ecf2e5002e5c1cb2c56a3;667ecf2e5002e5c1cb2c56a4;667ecf2e5002e5c1cb2c56a5;;;;;;;;;;;;;;;;;;;;;;;;;false;2024-08-24T10:00:00Z;2024-08-24T10:00:00Z;true;null
667e5293cb4b99a0554c646e;Parque andalucia;6.174092003;6.173991152;6.174003927;6.173889155;6.173779672;6.173921256;6.174038411;6.174092003;;;;;;;;;;;-75.58660435;-75.58665373;-75.5867451;-75.58680542;-75.58666779;-75.58656878;-75.58649558;-75.58660435;;;;;;;;;;;667e5293cb4b99a0554c646f;667e5293cb4b99a0554c6470;667e5293cb4b99a0554c6471;667e5293cb4b99a0554c6472;667e5293cb4b99a0554c6473;667e5293cb4b99a0554c6474;667e5293cb4b99a0554c6475;667e5293cb4b99a0554c6476;;;;;;;;;;;667a50320cc99ae2fa6ed6e0;6.17465229;6.174643808;6.174563534;6.174459862;6.174337128;6.174222356;6.174091255;6.173952352;6.17381101;6.173672685;6.173542715;6.173426117;6.173327393;6.17321791;6.173138249;6.173085388;6.173061534;6.173067684;6.173103581;6.173167726;6.173257438;6.173368969;6.173510553;6.17354164;6.173658794;6.173793392;6.173938582;6.174088089;6.174235449;6.174374289;6.174498607;6.174603027;6.174683036;6.174736629;6.174786738;6.174809909;6.174805243;6.174772922;6.1747142;6.17465229;;;;;;;;;;;;;;;;;;;;;;-75.58705406;-75.58707591;-75.5871999;-75.58730489;-75.58738646;-75.58744679;-75.58749994;-75.58752628;-75.58752479;-75.58749554;-75.58743965;-75.58735928;-75.58725753;-75.5871199;-75.58699557;-75.58685754;-75.58671158;-75.58656379;-75.58642035;-75.58628725;-75.58617004;-75.58607364;-75.58597462;-75.58595406;-75.58588087;-75.58581519;-75.58577893;-75.58577366;-75.5857996;-75.58585563;-75.58593933;-75.58604708;-75.58617423;-75.58628299;-75.58641627;-75.58655685;-75.58669927;-75.58683801;-75.58696769;-75.58705406;;;;;;;;;;;;;;;;;;;;;;667ecf2e5002e5c1cb2c56b8;667ecf2e5002e5c1cb2c56b9;667ecf2e5002e5c1cb2c56ba;667ecf2e5002e5c1cb2c56bb;667ecf2e5002e5c1cb2c56bc;667ecf2e5002e5c1cb2c56bd;667ecf2e5002e5c1cb2c56be;667ecf2e5002e5c1cb2c56bf;667ecf2e5002e5c1cb2c56c0;667ecf2e5002e5c1cb2c56c1;667ecf2e5002e5c1cb2c56c2;667ecf2e5002e5c1cb2c56c3;667ecf2e5002e5c1cb2c56c4;667ecf2e5002e5c1cb2c56c5;667ecf2e5002e5c1cb2c56c6;667ecf2e5002e5c1cb2c56c7;667ecf2e5002e5c1cb2c56c8;667ecf2e5002e5c1cb2c56c9;667ecf2e5002e5c1cb2c56ca;667ecf2e5002e5c1cb2c56cb;667ecf2e5002e5c1cb2c56cc;667ecf2e5002e5c1cb2c56cd;667ecf2e5002e5c1cb2c56ce;667ecf2e5002e5c1cb2c56cf;667ecf2e5002e5c1cb2c56d0;667ecf2e5002e5c1cb2c56d1;667ecf2e5002e5c1cb2c56d2;667ecf2e5002e5c1cb2c56d3;667ecf2e5002e5c1cb2c56d4;667ecf2e5002e5c1cb2c56d5;667ecf2e5002e5c1cb2c56d6;667ecf2e5002e5c1cb2c56d7;667ecf2e5002e5c1cb2c56d8;667ecf2e5002e5c1cb2c56d9;667ecf2e5002e5c1cb2c56da;667ecf2e5002e5c1cb2c56db;667ecf2e5002e5c1cb2c56dc;667ecf2e5002e5c1cb2c56dd;667ecf2e5002e5c1cb2c56de;667ecf2e5002e5c1cb2c56df;;;;;;;;;;;;;;;;;;;;;;false;2024-08-24T10:00:00Z;2024-08-24T10:00:00Z;true;null
667e529ecb4b99a0554c6480;Parque los enamorados;6.174415677;6.174274216;6.174754915;6.17484795;6.174415677;;;;;;;;;;;;;;-75.58756644;-75.58734106;-75.58713889;-75.58739622;-75.58756644;;;;;;;;;;;;;;667e529ecb4b99a0554c6481;667e529ecb4b99a0554c6482;667e529ecb4b99a0554c6483;667e529ecb4b99a0554c6484;667e529ecb4b99a0554c6485;;;;;;;;;;;;;;667a50320cc99ae2fa6ed6e0;6.174677962;6.174541577;6.174400307;6.174259634;6.174125014;6.174001667;6.173894378;6.173807309;6.173665849;6.173603453;6.173565991;6.173554854;6.173570457;6.173612218;6.173678587;6.173767095;6.173874454;6.173996672;6.174477371;6.174616366;6.17476101;6.174905406;6.175043666;6.175170154;6.175279714;6.175367878;6.175431053;6.175524087;6.175558727;6.175566891;6.175548275;6.175503572;6.175434447;6.175343476;6.175234047;6.175110235;6.174677962;;;;;;;;;;;;;;;;;;;;;;;;;-75.5882403;-75.58827893;-75.58828993;-75.58827287;-75.58822841;-75.58815828;-75.58806519;-75.58795275;-75.58772737;-75.58760276;-75.58746843;-75.58732936;-75.58719072;-75.58705768;-75.58693517;-75.58682774;-75.5867394;-75.58667342;-75.58647125;-75.58642878;-75.58641526;-75.58643124;-75.58647608;-75.58654793;-75.58664388;-75.58676;-75.58689158;-75.58714891;-75.58728416;-75.58742358;-75.58756199;-75.58769422;-75.58781535;-75.58792087;-75.58800684;-75.58807007;-75.5882403;;;;;;;;;;;;;;;;;;;;;;;;;667ecf2e5002e5c1cb2c56eb;667ecf2e5002e5c1cb2c56ec;667ecf2e5002e5c1cb2c56ed;667ecf2e5002e5c1cb2c56ee;667ecf2e5002e5c1cb2c56ef;667ecf2e5002e5c1cb2c56f0;667ecf2e5002e5c1cb2c56f1;667ecf2e5002e5c1cb2c56f2;667ecf2e5002e5c1cb2c56f3;667ecf2e5002e5c1cb2c56f4;667ecf2e5002e5c1cb2c56f5;667ecf2e5002e5c1cb2c56f6;667ecf2e5002e5c1cb2c56f7;667ecf2e5002e5c1cb2c56f8;667ecf2e5002e5c1cb2c56f9;667ecf2e5002e5c1cb2c56fa;667ecf2e5002e5c1cb2c56fb;667ecf2e5002e5c1cb2c56fc;667ecf2e5002e5c1cb2c56fd;667ecf2e5002e5c1cb2c56fe;667ecf2e5002e5c1cb2c56ff;667ecf2e5002e5c1cb2c5700;667ecf2e5002e5c1cb2c5701;667ecf2e5002e5c1cb2c5702;667ecf2e5002e5c1cb2c5703;667ecf2e5002e5c1cb2c5704;667ecf2e5002e5c1cb2c5705;667ecf2e5002e5c1cb2c5706;667ecf2e5002e5c1cb2c5707;667ecf2e5002e5c1cb2c5708;667ecf2e5002e5c1cb2c5709;667ecf2e5002e5c1cb2c570a;667ecf2e5002e5c1cb2c570b;667ecf2e5002e5c1cb2c570c;667ecf2e5002e5c1cb2c570d;667ecf2e5002e5c1cb2c570e;667ecf2e5002e5c1cb2c570f;;;;;;;;;;;;;;;;;;;;;;;;;false;2024-08-24T10:00:00Z;2024-08-24T10:00:00Z;true;null
667e52a7cb4b99a0554c648c;Parque La Fecundidad;6.175474925;6.175336772;6.17609488;6.175474925;;;;;;;;;;;;;;;-75.58571836;-75.58531372;-75.58540585;-75.58571836;;;;;;;;;;;;;;;667e52a7cb4b99a0554c648d;667e52a7cb4b99a0554c648e;667e52a7cb4b99a0554c648f;667e52a7cb4b99a0554c6490;;;;;;;;;;;;;;;667a50320cc99ae2fa6ed6e0;6.17579727;6.175670412;6.175536563;6.17540051;6.175267118;6.175141158;6.175027135;6.174929126;6.174850638;6.174794476;6.174656323;6.174623258;6.174619262;6.174644496;6.174697932;6.174777394;6.174879645;6.175000518;6.17513509;6.175277879;6.175423067;6.176181175;6.176319085;6.176448351;6.176563989;6.176661539;6.17673724;6.176788174;6.176812377;6.176808915;6.176777922;6.176720593;6.176639139;6.1765367;6.176417225;6.17579727;;;;;;;;;;;;;;;;;;;;;;;;;;-75.58636531;-75.58641479;-75.58643935;-75.58643813;-75.58641117;-75.58635943;-75.58628476;-75.58618984;-75.58607805;-75.5859534;-75.58554876;-75.58540654;-75.58526053;-75.58511669;-75.58498088;-75.58485863;-75.58475491;-75.58467397;-75.58461908;-75.58459249;-75.58459529;-75.58468742;-75.58471823;-75.58477555;-75.58485718;-75.58495996;-75.58507993;-75.58521247;-75.58535247;-75.58549452;-75.58563316;-75.58576303;-75.58587913;-75.58597698;-75.58605281;-75.58636531;;;;;;;;;;;;;;;;;;;;;;;;;;667ecf2e5002e5c1cb2c5719;667ecf2e5002e5c1cb2c571a;667ecf2e5002e5c1cb2c571b;667ecf2e5002e5c1cb2c571c;667ecf2e5002e5c1cb2c571d;667ecf2e5002e5c1cb2c571e;667ecf2e5002e5c1cb2c571f;667ecf2e5002e5c1cb2c5720;667ecf2e5002e5c1cb2c5721;667ecf2e5002e5c1cb2c5722;667ecf2e5002e5c1cb2c5723;667ecf2e5002e5c1cb2c5724;667ecf2e5002e5c1cb2c5725;667ecf2e5002e5c1cb2c5726;667ecf2e5002e5c1cb2c5727;667ecf2e5002e5c1cb2c5728;667ecf2e5002e5c1cb2c5729;667ecf2e5002e5c1cb2c572a;667ecf2e5002e5c1cb2c572b;667ecf2e5002e5c1cb2c572c;667ecf2e5002e5c1cb2c572d;667ecf2e5002e5c1cb2c572e;667ecf2e5002e5c1cb2c572f;667ecf2e5002e5c1cb2c5730;667ecf2e5002e5c1cb2c5731;667ecf2e5002e5c1cb2c5732;667ecf2e5002e5c1cb2c5733;667ecf2e5002e5c1cb2c5734;667ecf2e5002e5c1cb2c5735;667ecf2e5002e5c1cb2c5736;667ecf2e5002e5c1cb2c5737;667ecf2e5002e5c1cb2c5738;667ecf2e5002e5c1cb2c5739;667ecf2e5002e5c1cb2c573a;667ecf2e5002e5c1cb2c573b;667ecf2e5002e5c1cb2c573c;;;;;;;;;;;;;;;;;;;;;;;;;;false;2024-08-24T10:00:00Z;2024-08-24T10:00:00Z;true;null
667e52b4cb4b99a0554c6496;Parroquia el Portal de Jesus;6.175552124;6.175366326;6.175725779;6.175887912;6.175552124;;;;;;;;;;;;;;-75.58993169;-75.58969446;-75.58943297;-75.58964377;-75.58993169;;;;;;;;;;;;;;667e52b4cb4b99a0554c6497;667e52b4cb4b99a0554c6498;667e52b4cb4b99a0554c6499;667e52b4cb4b99a0554c649a;667e52b4cb4b99a0554c649b;;;;;;;;;;;;;;667a50110cc99ae2fa6ed6de;6.176018867;6.175900042;6.175767183;6.175625648;6.175481148;6.17533951;6.17520645;6.175087333;6.174986967;6.174801168;6.174723503;6.174671846;6.174648287;6.174653779;6.1746881;6.174749861;6.174836564;6.1749447;6.175304152;6.175423346;6.175553691;6.17569038;6.175828375;6.175962587;6.176088068;6.176200191;6.176294823;6.176456956;6.176529993;6.176579819;6.176604634;6.17660354;6.176576578;6.176524721;6.176449844;6.176354655;6.176018867;;;;;;;;;;;;;;;;;;;;;;;;;-75.5904824;-75.59056511;-75.59062226;-75.59065156;-75.59065182;-75.59062303;-75.59056635;-75.59048407;-75.5903795;-75.59014227;-75.59001945;-75.58988348;-75.58973986;-75.58959441;-75.589453;-75.58932137;-75.58920482;-75.58910809;-75.5888466;-75.58877636;-75.58873032;-75.58871019;-75.58871671;-75.58874964;-75.58880776;-75.58888893;-75.58899017;-75.58920096;-75.5893173;-75.58944543;-75.58958074;-75.58971832;-75.58985321;-75.58998052;-75.59009567;-75.59019447;-75.5904824;;;;;;;;;;;;;;;;;;;;;;;;;667ecf2e5002e5c1cb2c5749;667ecf2e5002e5c1cb2c574a;667ecf2e5002e5c1cb2c574b;667ecf2e5002e5c1cb2c574c;667ecf2e5002e5c1cb2c574d;667ecf2e5002e5c1cb2c574e;667ecf2e5002e5c1cb2c574f;667ecf2e5002e5c1cb2c5750;667ecf2e5002e5c1cb2c5751;667ecf2e5002e5c1cb2c5752;667ecf2e5002e5c1cb2c5753;667ecf2e5002e5c1cb2c5754;667ecf2e5002e5c1cb2c5755;667ecf2e5002e5c1cb2c5756;667ecf2e5002e5c1cb2c5757;667ecf2e5002e5c1cb2c5758;667ecf2e5002e5c1cb2c5759;667ecf2e5002e5c1cb2c575a;667ecf2e5002e5c1cb2c575b;667ecf2e5002e5c1cb2c575c;667ecf2e5002e5c1cb2c575d;667ecf2e5002e5c1cb2c575e;667ecf2e5002e5c1cb2c575f;667ecf2e5002e5c1cb2c5760;667ecf2e5002e5c1cb2c5761;667ecf2e5002e5c1cb2c5762;667ecf2e5002e5c1cb2c5763;667ecf2e5002e5c1cb2c5764;667ecf2e5002e5c1cb2c5765;667ecf2e5002e5c1cb2c5766;667ecf2e5002e5c1cb2c5767;667ecf2e5002e5c1cb2c5768;667ecf2e5002e5c1cb2c5769;667ecf2e5002e5c1cb2c576a;667ecf2e5002e5c1cb2c576b;667ecf2e5002e5c1cb2c576c;667ecf2e5002e5c1cb2c576d;;;;;;;;;;;;;;;;;;;;;;;;;false;2024-08-24T10:00:00Z;2024-08-24T10:00:00Z;true;null
667e52c5cb4b99a0554c64a2;Parque Santa Maria de los Angeles;6.18856192;6.18779238;6.187309324;6.18856192;;;;;;;;;;;;;;;-75.58038401;-75.58069003;-75.58003928;-75.58038401;;;;;;;;;;;;;;;667e52c5cb4b99a0554c64a3;667e52c5cb4b99a0554c64a4;667e52c5cb4b99a0554c64a5;667e52c5cb4b99a0554c64a6;;;;;;;;;;;;;;;667a50320cc99ae2fa6ed6e0;6.188751793;6.188880826;6.18899812;6.189099357;6.189180811;6.189239483;6.189273214;6.189280761;6.189261847;6.189217169;6.18914837;6.189057984;6.188949338;6.18882643;6.18805689;6.187928201;6.187794799;6.187661314;6.187532376;6.187412462;6.187305733;6.187215892;6.186732836;6.186661695;6.186614038;6.186591591;6.18659517;6.186624644;6.186678945;6.186756103;6.186853322;6.186967075;6.187093238;6.187227237;6.187364212;6.187499197;6.188751793;;;;;;;;;;;;;;;;;;;;;;;;;-75.579686;-75.57973532;-75.57980852;-75.5799029;-75.580015;-75.58014067;-75.58027531;-75.58041395;-75.58055148;-75.58068285;-75.58080322;-75.58090816;-75.58099381;-75.581057;-75.58136302;-75.58140069;-75.5814137;-75.58140159;-75.58136479;-75.58130457;-75.58122303;-75.58112299;-75.58047224;-75.58035448;-75.58022528;-75.58008934;-75.57995158;-75.57981701;-75.57969049;-75.57957662;-75.57947953;-75.57940274;-75.57934902;-75.57932033;-75.57931772;-75.57934126;-75.579686;;;;;;;;;;;;;;;;;;;;;;;;;667ecf2e5002e5c1cb2c5779;667ecf2e5002e5c1cb2c577a;667ecf2e5002e5c1cb2c577b;667ecf2e5002e5c1cb2c577c;667ecf2e5002e5c1cb2c577d;667ecf2e5002e5c1cb2c577e;667ecf2e5002e5c1cb2c577f;667ecf2e5002e5c1cb2c5780;667ecf2e5002e5c1cb2c5781;667ecf2e5002e5c1cb2c5782;667ecf2e5002e5c1cb2c5783;667ecf2e5002e5c1cb2c5784;667ecf2e5002e5c1cb2c5785;667ecf2e5002e5c1cb2c5786;667ecf2e5002e5c1cb2c5787;667ecf2e5002e5c1cb2c5788;667ecf2e5002e5c1cb2c5789;667ecf2e5002e5c1cb2c578a;667ecf2e5002e5c1cb2c578b;667ecf2e5002e5c1cb2c578c;667ecf2e5002e5c1cb2c578d;667ecf2e5002e5c1cb2c578e;667ecf2e5002e5c1cb2c578f;667ecf2e5002e5c1cb2c5790;667ecf2e5002e5c1cb2c5791;667ecf2e5002e5c1cb2c5792;667ecf2e5002e5c1cb2c5793;667ecf2e5002e5c1cb2c5794;667ecf2e5002e5c1cb2c5795;667ecf2e5002e5c1cb2c5796;667ecf2e5002e5c1cb2c5797;667ecf2e5002e5c1cb2c5798;667ecf2e5002e5c1cb2c5799;667ecf2e5002e5c1cb2c579a;667ecf2e5002e5c1cb2c579b;667ecf2e5002e5c1cb2c579c;667ecf2e5002e5c1cb2c579d;;;;;;;;;;;;;;;;;;;;;;;;;false;2024-08-24T10:00:00Z;2024-08-24T10:00:00Z;true;null
667e52d7cb4b99a0554c64ac;Parroquia la Niña Maria;6.184244093;6.184346589;6.183875217;6.183725623;6.184013815;6.184244093;;;;;;;;;;;;;-75.58000928;-75.58017946;-75.58043253;-75.58010154;-75.57991106;-75.58000928;;;;;;;;;;;;;667e52d7cb4b99a0554c64ad;667e52d7cb4b99a0554c64ae;667e52d7cb4b99a0554c64af;667e52d7cb4b99a0554c64b0;667e52d7cb4b99a0554c64b1;667e52d7cb4b99a0554c64b2;;;;;;;;;;;;;667a50110cc99ae2fa6ed6de;6.184524971;6.184655901;6.18476902;6.184859435;6.184961931;6.185024489;6.185059166;6.185064537;6.18504038;6.184987688;6.184908629;6.184806455;6.184685367;6.184213995;6.184078179;6.183933921;6.183787221;6.183644182;6.183510752;6.183392481;6.18329429;6.183220262;6.183070667;6.1830242;6.183006342;6.183017821;6.183058171;6.183125744;6.183217785;6.18333054;6.183618732;6.183743714;6.183879089;6.184019648;6.184159983;6.184294694;6.184524971;;;;;;;;;;;;;;;;;;;;;;;;;-75.57934304;-75.57941589;-75.5795144;-75.57963431;-75.57980449;-75.57993707;-75.58007963;-75.58022629;-75.58037102;-75.58050788;-75.58063123;-75.580736;-75.58081788;-75.58107095;-75.5811268;-75.58115378;-75.58115076;-75.58111787;-75.58105647;-75.58096912;-75.58085944;-75.58073201;-75.58040102;-75.58026254;-75.5801175;-75.57997181;-75.5798314;-75.57970202;-75.57958893;-75.57949675;-75.57930627;-75.57924033;-75.5792002;-75.57918742;-75.57920249;-75.57924482;-75.57934304;;;;;;;;;;;;;;;;;;;;;;;;;667ecf2e5002e5c1cb2c57ad;667ecf2e5002e5c1cb2c57ae;667ecf2e5002e5c1cb2c57af;667ecf2e5002e5c1cb2c57b0;667ecf2e5002e5c1cb2c57b1;667ecf2e5002e5c1cb2c57b2;667ecf2e5002e5c1cb2c57b3;667ecf2e5002e5c1cb2c57b4;667ecf2e5002e5c1cb2c57b5;667ecf2e5002e5c1cb2c57b6;667ecf2e5002e5c1cb2c57b7;667ecf2e5002e5c1cb2c57b8;667ecf2e5002e5c1cb2c57b9;667ecf2e5002e5c1cb2c57ba;667ecf2e5002e5c1cb2c57bb;667ecf2e5002e5c1cb2c57bc;667ecf2e5002e5c1cb2c57bd;667ecf2e5002e5c1cb2c57be;667ecf2e5002e5c1cb2c57bf;667ecf2e5002e5c1cb2c57c0;667ecf2e5002e5c1cb2c57c1;667ecf2e5002e5c1cb2c57c2;667ecf2e5002e5c1cb2c57c3;667ecf2e5002e5c1cb2c57c4;667ecf2e5002e5c1cb2c57c5;667ecf2e5002e5c1cb2c57c6;667ecf2e5002e5c1cb2c57c7;667ecf2e5002e5c1cb2c57c8;667ecf2e5002e5c1cb2c57c9;667ecf2e5002e5c1cb2c57ca;667ecf2e5002e5c1cb2c57cb;667ecf2e5002e5c1cb2c57cc;667ecf2e5002e5c1cb2c57cd;667ecf2e5002e5c1cb2c57ce;667ecf2e5002e5c1cb2c57cf;667ecf2e5002e5c1cb2c57d0;667ecf2e5002e5c1cb2c57d1;;;;;;;;;;;;;;;;;;;;;;;;;false;2024-08-24T10:00:00Z;2024-08-24T10:00:00Z;true;null
667e52eecb4b99a0554c64ba;Colegio la Salle envigado;6.181518403;6.181354662;6.180777742;6.180413941;6.179560648;6.17961984;6.180265717;6.181518403;;;;;;;;;;;-75.58074947;-75.58115536;-75.58114086;-75.58100866;-75.58049277;-75.57988036;-75.5795579;-75.58074947;;;;;;;;;;;667e52eecb4b99a0554c64bb;667e52eecb4b99a0554c64bc;667e52eecb4b99a0554c64bd;667e52eecb4b99a0554c64be;667e52eecb4b99a0554c64bf;667e52eecb4b99a0554c64c0;667e52eecb4b99a0554c64c1;667e52eecb4b99a0554c64c2;;;;;;;;;;;667a4a900cc99ae2fa6ed6c1;6.182136323;6.182253714;6.18234185;6.182397224;6.182417634;6.182402267;6.182351734;6.182187992;6.182103347;6.181988341;6.181847636;6.18168694;6.181512768;6.181332185;6.180755266;6.180611581;6.180472185;6.180108384;6.179950632;6.17909734;6.178961615;6.178846943;6.178757355;6.178696001;6.178665036;6.178665548;6.178724739;6.178760565;6.178831551;6.178934793;6.179066067;6.17922;6.179865877;6.180036524;6.180216586;6.180398666;6.180575285;6.180739186;6.180883636;6.182136323;;;;;;;;;;;;;;;;;;;;;;-75.58009223;-75.58022866;-75.58038581;-75.58055743;-75.58073669;-75.58091646;-75.58108958;-75.58149548;-75.58165652;-75.58179724;-75.58191193;-75.58199594;-75.58204585;-75.58205966;-75.58204515;-75.58202986;-75.58199162;-75.58185943;-75.58178396;-75.58126807;-75.58116746;-75.58104314;-75.58089948;-75.58074152;-75.58057482;-75.58040524;-75.57979284;-75.57961344;-75.57944496;-75.5792943;-75.57916762;-75.57907011;-75.57874765;-75.5786832;-75.57865468;-75.57866326;-75.57870861;-75.57878884;-75.57890067;-75.58009223;;;;;;;;;;;;;;;;;;;;;;667ecf2e5002e5c1cb2c57e3;667ecf2e5002e5c1cb2c57e4;667ecf2e5002e5c1cb2c57e5;667ecf2e5002e5c1cb2c57e6;667ecf2e5002e5c1cb2c57e7;667ecf2e5002e5c1cb2c57e8;667ecf2e5002e5c1cb2c57e9;667ecf2e5002e5c1cb2c57ea;667ecf2e5002e5c1cb2c57eb;667ecf2e5002e5c1cb2c57ec;667ecf2e5002e5c1cb2c57ed;667ecf2e5002e5c1cb2c57ee;667ecf2e5002e5c1cb2c57ef;667ecf2e5002e5c1cb2c57f0;667ecf2e5002e5c1cb2c57f1;667ecf2e5002e5c1cb2c57f2;667ecf2e5002e5c1cb2c57f3;667ecf2e5002e5c1cb2c57f4;667ecf2e5002e5c1cb2c57f5;667ecf2e5002e5c1cb2c57f6;667ecf2e5002e5c1cb2c57f7;667ecf2e5002e5c1cb2c57f8;667ecf2e5002e5c1cb2c57f9;667ecf2e5002e5c1cb2c57fa;667ecf2e5002e5c1cb2c57fb;667ecf2e5002e5c1cb2c57fc;667ecf2e5002e5c1cb2c57fd;667ecf2e5002e5c1cb2c57fe;667ecf2e5002e5c1cb2c57ff;667ecf2e5002e5c1cb2c5800;667ecf2e5002e5c1cb2c5801;667ecf2e5002e5c1cb2c5802;667ecf2e5002e5c1cb2c5803;667ecf2e5002e5c1cb2c5804;667ecf2e5002e5c1cb2c5805;667ecf2e5002e5c1cb2c5806;667ecf2e5002e5c1cb2c5807;667ecf2e5002e5c1cb2c5808;667ecf2e5002e5c1cb2c5809;667ecf2e5002e5c1cb2c580a;;;;;;;;;;;;;;;;;;;;;;false;2024-08-24T10:00:00Z;2024-08-24T10:00:00Z;true;null
667e52f9cb4b99a0554c64cc;EIA Posgrados;6.17948957;6.17886588;6.17848007;6.178410621;6.178586757;6.179146983;6.179384443;6.17948957;;;;;;;;;;;-75.57967444;-75.57976956;-75.57981006;-75.57913803;-75.57914201;-75.57923317;-75.57935804;-75.57967444;;;;;;;;;;;667e52f9cb4b99a0554c64cd;667e52f9cb4b99a0554c64ce;667e52f9cb4b99a0554c64cf;667e52f9cb4b99a0554c64d0;667e52f9cb4b99a0554c64d1;667e52f9cb4b99a0554c64d2;667e52f9cb4b99a0554c64d3;667e52f9cb4b99a0554c64d4;;;;;;;;;;;667a4a900cc99ae2fa6ed6c1;6.180342519;6.180381432;6.180387004;6.180359027;6.180298548;6.180207826;6.180090253;6.179950225;6.179792977;6.179624386;6.179000696;6.178959227;6.178573417;6.178397077;6.178223927;6.178060626;6.177913452;6.177788065;6.177689284;6.17762091;6.177585569;6.17751612;6.177514545;6.177544728;6.177605601;6.177695006;6.177809773;6.177945836;6.178098372;6.178261974;6.178430845;6.178606982;6.178730373;6.179290599;6.179430774;6.179563639;6.179801099;6.17994527;6.180068907;6.180167484;6.180237392;6.180342519;;;;;;;;;;;;;;;;;;;;-75.57938773;-75.57955819;-75.57973299;-75.57990561;-75.58006959;-75.5802188;-75.58034765;-75.58045134;-75.58052599;-75.5805688;-75.58066392;-75.58066925;-75.58070975;-75.58071078;-75.58067717;-75.58061022;-75.58051251;-75.58038779;-75.58024086;-75.58007736;-75.57990358;-75.57923155;-75.57906126;-75.57889369;-75.57873478;-75.57859017;-75.57846497;-75.57836362;-75.57828973;-75.57824589;-75.57823368;-75.57823766;-75.57824904;-75.5783402;-75.57837481;-75.57843153;-75.5785564;-75.5786509;-75.57877129;-75.57891316;-75.57907132;-75.57938773;;;;;;;;;;;;;;;;;;;;667ecf2e5002e5c1cb2c581d;667ecf2e5002e5c1cb2c581e;667ecf2e5002e5c1cb2c581f;667ecf2e5002e5c1cb2c5820;667ecf2e5002e5c1cb2c5821;667ecf2e5002e5c1cb2c5822;667ecf2e5002e5c1cb2c5823;667ecf2e5002e5c1cb2c5824;667ecf2e5002e5c1cb2c5825;667ecf2e5002e5c1cb2c5826;667ecf2e5002e5c1cb2c5827;667ecf2e5002e5c1cb2c5828;667ecf2e5002e5c1cb2c5829;667ecf2e5002e5c1cb2c582a;667ecf2e5002e5c1cb2c582b;667ecf2e5002e5c1cb2c582c;667ecf2e5002e5c1cb2c582d;667ecf2e5002e5c1cb2c582e;667ecf2e5002e5c1cb2c582f;667ecf2e5002e5c1cb2c5830;667ecf2e5002e5c1cb2c5831;667ecf2e5002e5c1cb2c5832;667ecf2e5002e5c1cb2c5833;667ecf2e5002e5c1cb2c5834;667ecf2e5002e5c1cb2c5835;667ecf2e5002e5c1cb2c5836;667ecf2e5002e5c1cb2c5837;667ecf2e5002e5c1cb2c5838;667ecf2e5002e5c1cb2c5839;667ecf2e5002e5c1cb2c583a;667ecf2e5002e5c1cb2c583b;667ecf2e5002e5c1cb2c583c;667ecf2e5002e5c1cb2c583d;667ecf2e5002e5c1cb2c583e;667ecf2e5002e5c1cb2c583f;667ecf2e5002e5c1cb2c5840;667ecf2e5002e5c1cb2c5841;667ecf2e5002e5c1cb2c5842;667ecf2e5002e5c1cb2c5843;667ecf2e5002e5c1cb2c5844;667ecf2e5002e5c1cb2c5845;667ecf2e5002e5c1cb2c5846;;;;;;;;;;;;;;;;;;;;false;2024-08-24T10:00:00Z;2024-08-24T10:00:00Z;true;null
667e5305cb4b99a0554c64de;Parroquia Santa Barbara de la ayura;6.173120593;6.172639597;6.17254102;6.172748838;6.173120593;;;;;;;;;;;;;;-75.57916508;-75.57934107;-75.57904724;-75.57892565;-75.57916508;;;;;;;;;;;;;;667e5305cb4b99a0554c64df;667e5305cb4b99a0554c64e0;667e5305cb4b99a0554c64e1;667e5305cb4b99a0554c64e2;667e5305cb4b99a0554c64e3;;;;;;;;;;;;;;667a50110cc99ae2fa6ed6de;6.173508556;6.173622282;6.173715585;6.173784667;6.173826715;6.173840019;6.173824035;6.173779415;6.173707976;6.173612625;6.173497245;6.173366531;6.172885534;6.172746823;6.172603867;6.172462326;6.172327801;6.172205617;6.17210061;6.172016936;6.171957907;6.171859331;6.171827618;6.171823121;6.171846011;6.171895416;6.171969449;6.172065287;6.172179274;6.172387092;6.172506123;6.172633235;6.172764197;6.172894647;6.173020242;6.1731368;6.173508556;;;;;;;;;;;;;;;;;;;;;;;;;-75.57855566;-75.5786464;-75.57875825;-75.57888666;-75.57902641;-75.5791718;-75.57931692;-75.57945586;-75.57958296;-75.57969305;-75.57978164;-75.57984514;-75.58002113;-75.58005664;-75.58006383;-75.58004241;-75.57999323;-75.57991824;-75.57982041;-75.5797036;-75.57957244;-75.57927862;-75.57914092;-75.57899965;-75.5788602;-75.57872788;-75.57860775;-75.57850438;-75.57842172;-75.57830013;-75.57824443;-75.5782114;-75.57820217;-75.57821702;-75.57825547;-75.57831623;-75.57855566;;;;;;;;;;;;;;;;;;;;;;;;;667ecf2e5002e5c1cb2c5852;667ecf2e5002e5c1cb2c5853;667ecf2e5002e5c1cb2c5854;667ecf2e5002e5c1cb2c5855;667ecf2e5002e5c1cb2c5856;667ecf2e5002e5c1cb2c5857;667ecf2e5002e5c1cb2c5858;667ecf2e5002e5c1cb2c5859;667ecf2e5002e5c1cb2c585a;667ecf2e5002e5c1cb2c585b;667ecf2e5002e5c1cb2c585c;667ecf2e5002e5c1cb2c585d;667ecf2e5002e5c1cb2c585e;667ecf2e5002e5c1cb2c585f;667ecf2e5002e5c1cb2c5860;667ecf2e5002e5c1cb2c5861;667ecf2e5002e5c1cb2c5862;667ecf2e5002e5c1cb2c5863;667ecf2e5002e5c1cb2c5864;667ecf2e5002e5c1cb2c5865;667ecf2e5002e5c1cb2c5866;667ecf2e5002e5c1cb2c5867;667ecf2e5002e5c1cb2c5868;667ecf2e5002e5c1cb2c5869;667ecf2e5002e5c1cb2c586a;667ecf2e5002e5c1cb2c586b;667ecf2e5002e5c1cb2c586c;667ecf2e5002e5c1cb2c586d;667ecf2e5002e5c1cb2c586e;667ecf2e5002e5c1cb2c586f;667ecf2e5002e5c1cb2c5870;667ecf2e5002e5c1cb2c5871;667ecf2e5002e5c1cb2c5872;667ecf2e5002e5c1cb2c5873;667ecf2e5002e5c1cb2c5874;667ecf2e5002e5c1cb2c5875;667ecf2e5002e5c1cb2c5876;;;;;;;;;;;;;;;;;;;;;;;;;false;2024-08-24T10:00:00Z;2024-08-24T10:00:00Z;true;null
667e5313cb4b99a0554c64ea;Cancha La Raiz;6.174072464;6.173847613;6.173847534;6.174090967;6.174072464;;;;;;;;;;;;;;-75.57831707;-75.57829808;-75.57815018;-75.57817654;-75.57831707;;;;;;;;;;;;;;667e5313cb4b99a0554c64eb;667e5313cb4b99a0554c64ec;667e5313cb4b99a0554c64ed;667e5313cb4b99a0554c64ee;667e5313cb4b99a0554c64ef;;;;;;;;;;;;;;667a4aaf0cc99ae2fa6ed6c3;6.174963999;6.174925553;6.174856286;6.1747587;6.174636322;6.174493573;6.17433561;6.17416814;6.173997213;6.173772361;6.173608096;6.173452076;6.173309673;6.173185789;6.17308469;6.173009855;6.172963862;6.172948292;6.172948214;6.172963721;6.173009885;6.173085103;6.173186767;6.17331135;6.173454531;6.173611344;6.173776349;6.173943824;6.174187257;6.174362463;6.17452691;6.174674081;6.174798144;6.174894183;6.174958392;6.174988226;6.174982502;6.174963999;;;;;;;;;;;;;;;;;;;;;;;;-75.57843583;-75.57860336;-75.57876055;-75.57890171;-75.57902176;-75.57911634;-75.57918205;-75.5792165;-75.57921846;-75.57919947;-75.57916997;-75.57911046;-75.57902297;-75.57891053;-75.57877701;-75.578627;-75.57846567;-75.57829856;-75.57815066;-75.57798292;-75.57782097;-75.57767045;-75.57753657;-75.57742397;-75.57733655;-75.57727736;-75.57724845;-75.57725081;-75.57727718;-75.57731418;-75.57738536;-75.57748789;-75.57761772;-75.57776968;-75.57793778;-75.57811533;-75.57829531;-75.57843583;;;;;;;;;;;;;;;;;;;;;;;;667ecf2e5002e5c1cb2c5883;667ecf2e5002e5c1cb2c5884;667ecf2e5002e5c1cb2c5885;667ecf2e5002e5c1cb2c5886;667ecf2e5002e5c1cb2c5887;667ecf2e5002e5c1cb2c5888;667ecf2e5002e5c1cb2c5889;667ecf2e5002e5c1cb2c588a;667ecf2e5002e5c1cb2c588b;667ecf2e5002e5c1cb2c588c;667ecf2e5002e5c1cb2c588d;667ecf2e5002e5c1cb2c588e;667ecf2e5002e5c1cb2c588f;667ecf2e5002e5c1cb2c5890;667ecf2e5002e5c1cb2c5891;667ecf2e5002e5c1cb2c5892;667ecf2e5002e5c1cb2c5893;667ecf2e5002e5c1cb2c5894;667ecf2e5002e5c1cb2c5895;667ecf2e5002e5c1cb2c5896;667ecf2e5002e5c1cb2c5897;667ecf2e5002e5c1cb2c5898;667ecf2e5002e5c1cb2c5899;667ecf2e5002e5c1cb2c589a;667ecf2e5002e5c1cb2c589b;667ecf2e5002e5c1cb2c589c;667ecf2e5002e5c1cb2c589d;667ecf2e5002e5c1cb2c589e;667ecf2e5002e5c1cb2c589f;667ecf2e5002e5c1cb2c58a0;667ecf2e5002e5c1cb2c58a1;667ecf2e5002e5c1cb2c58a2;667ecf2e5002e5c1cb2c58a3;667ecf2e5002e5c1cb2c58a4;667ecf2e5002e5c1cb2c58a5;667ecf2e5002e5c1cb2c58a6;667ecf2e5002e5c1cb2c58a7;667ecf2e5002e5c1cb2c58a8;;;;;;;;;;;;;;;;;;;;;;;;false;2024-08-24T10:00:00Z;2024-08-24T10:00:00Z;true;null
667e534ecb4b99a0554c64f6;Inder - Sede el Alto de los Sueños;6.175256942;6.175266198;6.175067614;6.174137611;6.174313364;6.175256942;;;;;;;;;;;;;-75.57617148;-75.57643716;-75.57681657;-75.57627219;-75.57554191;-75.57617148;;;;;;;;;;;;;667e534ecb4b99a0554c64f7;667e534ecb4b99a0554c64f8;667e534ecb4b99a0554c64f9;667e534ecb4b99a0554c64fa;667e534ecb4b99a0554c64fb;667e534ecb4b99a0554c64fc;;;;;;;;;;;;;667a4aaf0cc99ae2fa6ed6c3;6.175754068;6.175886667;6.175996599;6.176079905;6.176133586;6.176155711;6.176164967;6.176156946;6.17612227;6.176061975;6.175863391;6.175763353;6.175635119;6.175483885;6.17531578;6.175137618;6.174956618;6.174780117;6.174615268;6.173685266;6.173551346;6.173437011;6.173346083;6.173281599;6.173245713;6.173239624;6.173263536;6.173439289;6.173495688;6.173582106;6.17369537;6.173831322;6.173984971;6.174150677;6.174322354;6.174493702;6.17465843;6.174810489;6.175754068;;;;;;;;;;;;;;;;;;;;;;;-75.57541767;-75.57552568;-75.57565694;-75.57580672;-75.57596962;-75.5761398;-75.57640549;-75.57656176;-75.5767143;-75.57685855;-75.57723796;-75.57738974;-75.57751829;-75.5776184;-75.57768602;-75.57771839;-75.57771422;-75.57767367;-75.57759838;-75.577054;-75.57695813;-75.57683934;-75.5767016;-75.57654952;-75.57638817;-75.57622294;-75.57605936;-75.57532909;-75.57516532;-75.57501537;-75.57488475;-75.57477826;-75.57469981;-75.57465227;-75.57463739;-75.57465572;-75.57470658;-75.57478811;-75.57541767;;;;;;;;;;;;;;;;;;;;;;;667ecf2e5002e5c1cb2c58b8;667ecf2e5002e5c1cb2c58b9;667ecf2e5002e5c1cb2c58ba;667ecf2e5002e5c1cb2c58bb;667ecf2e5002e5c1cb2c58bc;667ecf2e5002e5c1cb2c58bd;667ecf2e5002e5c1cb2c58be;667ecf2e5002e5c1cb2c58bf;667ecf2e5002e5c1cb2c58c0;667ecf2e5002e5c1cb2c58c1;667ecf2e5002e5c1cb2c58c2;667ecf2e5002e5c1cb2c58c3;667ecf2e5002e5c1cb2c58c4;667ecf2e5002e5c1cb2c58c5;667ecf2e5002e5c1cb2c58c6;667ecf2e5002e5c1cb2c58c7;667ecf2e5002e5c1cb2c58c8;667ecf2e5002e5c1cb2c58c9;667ecf2e5002e5c1cb2c58ca;667ecf2e5002e5c1cb2c58cb;667ecf2e5002e5c1cb2c58cc;667ecf2e5002e5c1cb2c58cd;667ecf2e5002e5c1cb2c58ce;667ecf2e5002e5c1cb2c58cf;667ecf2e5002e5c1cb2c58d0;667ecf2e5002e5c1cb2c58d1;667ecf2e5002e5c1cb2c58d2;667ecf2e5002e5c1cb2c58d3;667ecf2e5002e5c1cb2c58d4;667ecf2e5002e5c1cb2c58d5;667ecf2e5002e5c1cb2c58d6;667ecf2e5002e5c1cb2c58d7;667ecf2e5002e5c1cb2c58d8;667ecf2e5002e5c1cb2c58d9;667ecf2e5002e5c1cb2c58da;667ecf2e5002e5c1cb2c58db;667ecf2e5002e5c1cb2c58dc;667ecf2e5002e5c1cb2c58dd;667ecf2e5002e5c1cb2c58de;;;;;;;;;;;;;;;;;;;;;;;false;2024-08-24T10:00:00Z;2024-08-24T10:00:00Z;true;null
667e5365cb4b99a0554c6504;Inder Las Cometas;6.169823285;6.170447735;6.170602083;6.170556837;6.17055309;6.170389575;6.170117215;6.169846395;6.169832551;6.169823285;;;;;;;;;-75.57695482;-75.57686466;-75.57742723;-75.57773347;-75.57805889;-75.57789488;-75.57768129;-75.57760757;-75.57712616;-75.57695482;;;;;;;;;667e5365cb4b99a0554c6505;667e5365cb4b99a0554c6506;667e5365cb4b99a0554c6507;667e5365cb4b99a0554c6508;667e5365cb4b99a0554c6509;667e5365cb4b99a0554c650a;667e5365cb4b99a0554c650b;667e5365cb4b99a0554c650c;667e5365cb4b99a0554c650d;667e5365cb4b99a0554c650e;;;;;;;;;667a4aaf0cc99ae2fa6ed6c3;6.168925292;6.168931668;6.168968578;6.169034757;6.16912794;6.169244936;6.169381737;6.16953366;6.1696955;6.17031995;6.170505008;6.170687637;6.170860092;6.17101506;6.171145967;6.171247263;6.171314651;6.171468999;6.171499738;6.171491635;6.171455388;6.17145235;6.171433238;6.171380674;6.171296654;6.171184371;6.171048095;6.170893004;6.170724993;6.170550448;6.170376004;6.170208291;6.170053683;6.169918057;6.169793369;6.169707244;6.169611443;6.169457791;6.169317046;6.169193885;6.169092398;6.169015957;6.1689671;6.168947451;6.168933938;6.168925292;;;;;;;;;;;;;;;;-75.57700395;-75.57683668;-75.57667346;-75.57651987;-75.57638117;-75.57626212;-75.57616679;-75.57609845;-75.57605944;-75.57596928;-75.57596194;-75.57599288;-75.57606079;-75.5761628;-75.57629457;-75.57645052;-75.57662403;-75.5771866;-75.57737221;-75.5775602;-75.57780553;-75.57806937;-75.57824467;-75.57841291;-75.57856769;-75.57870314;-75.5788141;-75.57889635;-75.57894677;-75.57896345;-75.57894574;-75.57889433;-75.57881116;-75.5786994;-75.57857433;-75.57850679;-75.57848071;-75.57842332;-75.57833883;-75.57823005;-75.57810059;-75.57795476;-75.57779739;-75.57763372;-75.57716381;-75.57700395;;;;;;;;;;;;;;;;667ecf2e5002e5c1cb2c58f6;667ecf2e5002e5c1cb2c58f7;667ecf2e5002e5c1cb2c58f8;667ecf2e5002e5c1cb2c58f9;667ecf2e5002e5c1cb2c58fa;667ecf2e5002e5c1cb2c58fb;667ecf2e5002e5c1cb2c58fc;667ecf2e5002e5c1cb2c58fd;667ecf2e5002e5c1cb2c58fe;667ecf2e5002e5c1cb2c58ff;667ecf2e5002e5c1cb2c5900;667ecf2e5002e5c1cb2c5901;667ecf2e5002e5c1cb2c5902;667ecf2e5002e5c1cb2c5903;667ecf2e5002e5c1cb2c5904;667ecf2e5002e5c1cb2c5905;667ecf2e5002e5c1cb2c5906;667ecf2e5002e5c1cb2c5907;667ecf2e5002e5c1cb2c5908;667ecf2e5002e5c1cb2c5909;667ecf2e5002e5c1cb2c590a;667ecf2e5002e5c1cb2c590b;667ecf2e5002e5c1cb2c590c;667ecf2e5002e5c1cb2c590d;667ecf2e5002e5c1cb2c590e;667ecf2e5002e5c1cb2c590f;667ecf2e5002e5c1cb2c5910;667ecf2e5002e5c1cb2c5911;667ecf2e5002e5c1cb2c5912;667ecf2e5002e5c1cb2c5913;667ecf2e5002e5c1cb2c5914;667ecf2e5002e5c1cb2c5915;667ecf2e5002e5c1cb2c5916;667ecf2e5002e5c1cb2c5917;667ecf2e5002e5c1cb2c5918;667ecf2e5002e5c1cb2c5919;667ecf2e5002e5c1cb2c591a;667ecf2e5002e5c1cb2c591b;667ecf2e5002e5c1cb2c591c;667ecf2e5002e5c1cb2c591d;667ecf2e5002e5c1cb2c591e;667ecf2e5002e5c1cb2c591f;667ecf2e5002e5c1cb2c5920;667ecf2e5002e5c1cb2c5921;667ecf2e5002e5c1cb2c5922;667ecf2e5002e5c1cb2c5923;;;;;;;;;;;;;;;;false;2024-08-24T10:00:00Z;2024-08-24T10:00:00Z;true;null
667e5374cb4b99a0554c651a;Iglesia Pentecostal Unida de Colombia;6.173513251;6.173324513;6.173279404;6.173002321;6.173395422;6.173513251;;;;;;;;;;;;;-75.57868351;-75.57874101;-75.57869262;-75.57847861;-75.57832737;-75.57868351;;;;;;;;;;;;;667e5374cb4b99a0554c651b;667e5374cb4b99a0554c651c;667e5374cb4b99a0554c651d;667e5374cb4b99a0554c651e;667e5374cb4b99a0554c651f;667e5374cb4b99a0554c6520;;;;;;;;;;;;;667a50110cc99ae2fa6ed6de;6.174195899;6.174227402;6.174230507;6.174205092;6.174152167;6.174073837;6.173973216;6.173854305;6.173721833;6.173533095;6.173402673;6.173269575;6.173138357;6.173013513;6.172899315;6.172799673;6.172794689;6.172564134;6.172462892;6.17238165;6.172323421;6.172290364;6.172283706;6.172303691;6.172349581;6.172419673;6.172511368;6.172621266;6.172745294;6.173138394;6.173278338;6.173423036;6.173566613;6.173703238;6.173827363;6.173933948;6.174018664;6.174078071;6.174195899;;;;;;;;;;;;;;;;;;;;;;;-75.57845501;-75.57859579;-75.57874005;-75.57888207;-75.5790162;-75.57913709;-75.57923995;-75.57932068;-75.57937608;-75.57943359;-75.57946038;-75.57946255;-75.57944002;-75.57939356;-75.57932476;-75.57923598;-75.57923064;-75.57905256;-75.57895744;-75.57884458;-75.57871814;-75.57858282;-75.57844364;-75.57830575;-75.57817428;-75.57805408;-75.57794963;-75.57786479;-75.57780271;-75.57765148;-75.57761337;-75.57760425;-75.5776245;-75.5776733;-75.57774865;-75.57784751;-75.57796585;-75.57809887;-75.57845501;;;;;;;;;;;;;;;;;;;;;;;667ecf2e5002e5c1cb2c5931;667ecf2e5002e5c1cb2c5932;667ecf2e5002e5c1cb2c5933;667ecf2e5002e5c1cb2c5934;667ecf2e5002e5c1cb2c5935;667ecf2e5002e5c1cb2c5936;667ecf2e5002e5c1cb2c5937;667ecf2e5002e5c1cb2c5938;667ecf2e5002e5c1cb2c5939;667ecf2e5002e5c1cb2c593a;667ecf2e5002e5c1cb2c593b;667ecf2e5002e5c1cb2c593c;667ecf2e5002e5c1cb2c593d;667ecf2e5002e5c1cb2c593e;667ecf2e5002e5c1cb2c593f;667ecf2e5002e5c1cb2c5940;667ecf2e5002e5c1cb2c5941;667ecf2e5002e5c1cb2c5942;667ecf2e5002e5c1cb2c5943;667ecf2e5002e5c1cb2c5944;667ecf2e5002e5c1cb2c5945;667ecf2e5002e5c1cb2c5946;667ecf2e5002e5c1cb2c5947;667ecf2e5002e5c1cb2c5948;667ecf2e5002e5c1cb2c5949;667ecf2e5002e5c1cb2c594a;667ecf2e5002e5c1cb2c594b;667ecf2e5002e5c1cb2c594c;667ecf2e5002e5c1cb2c594d;667ecf2e5002e5c1cb2c594e;667ecf2e5002e5c1cb2c594f;667ecf2e5002e5c1cb2c5950;667ecf2e5002e5c1cb2c5951;667ecf2e5002e5c1cb2c5952;667ecf2e5002e5c1cb2c5953;667ecf2e5002e5c1cb2c5954;667ecf2e5002e5c1cb2c5955;667ecf2e5002e5c1cb2c5956;667ecf2e5002e5c1cb2c5957;;;;;;;;;;;;;;;;;;;;;;;false;2024-08-24T10:00:00Z;2024-08-24T10:00:00Z;true;null
667e5384cb4b99a0554c6528;Parroquia de San Jose;6.162002008;6.161622021;6.161305153;6.161309028;6.161212895;6.16184179;6.162002008;;;;;;;;;;;;-75.58267431;-75.58326824;-75.58309188;-75.58293009;-75.58282552;-75.58240997;-75.58267431;;;;;;;;;;;;667e5384cb4b99a0554c6529;667e5384cb4b99a0554c652a;667e5384cb4b99a0554c652b;667e5384cb4b99a0554c652c;667e5384cb4b99a0554c652d;667e5384cb4b99a0554c652e;667e5384cb4b99a0554c652f;;;;;;;;;;;;667a50110cc99ae2fa6ed6de;6.160593658;6.160539694;6.160503528;6.160493668;6.160510479;6.160553339;6.160620658;6.160709939;6.160817872;6.161446766;6.161574483;6.161712917;6.161856519;6.16199953;6.162136217;6.162261098;6.162369169;6.162456094;6.162616313;6.162675111;6.162710554;6.162721412;6.162707308;6.162668732;6.162607022;6.162227034;6.162143584;6.162041744;6.161925105;6.161797779;6.161664256;6.161529244;6.161397503;6.161273678;6.16095681;6.16084886;6.160755913;6.160681025;6.160626658;6.1605946;6.160593658;;;;;;;;;;;;;;;;;;;;;-75.58319119;-75.5830808;-75.58294628;-75.58280728;-75.58266896;-75.58253644;-75.58241465;-75.58230809;-75.58222071;-75.58180517;-75.58173814;-75.58169804;-75.58168649;-75.58170394;-75.5817497;-75.58182194;-75.58191775;-75.5820333;-75.58229764;-75.58241877;-75.58254876;-75.58268312;-75.58281716;-75.58294625;-75.5830659;-75.58365984;-75.58376669;-75.58385598;-75.58392454;-75.58396996;-75.58399063;-75.58398584;-75.58395574;-75.58390141;-75.58372504;-75.58365137;-75.58355929;-75.58345185;-75.58333257;-75.58320538;-75.58319119;;;;;;;;;;;;;;;;;;;;;667ecf2e5002e5c1cb2c5968;667ecf2e5002e5c1cb2c5969;667ecf2e5002e5c1cb2c596a;667ecf2e5002e5c1cb2c596b;667ecf2e5002e5c1cb2c596c;667ecf2e5002e5c1cb2c596d;667ecf2e5002e5c1cb2c596e;667ecf2e5002e5c1cb2c596f;667ecf2e5002e5c1cb2c5970;667ecf2e5002e5c1cb2c5971;667ecf2e5002e5c1cb2c5972;667ecf2e5002e5c1cb2c5973;667ecf2e5002e5c1cb2c5974;667ecf2e5002e5c1cb2c5975;667ecf2e5002e5c1cb2c5976;667ecf2e5002e5c1cb2c5977;667ecf2e5002e5c1cb2c5978;667ecf2e5002e5c1cb2c5979;667ecf2e5002e5c1cb2c597a;667ecf2e5002e5c1cb2c597b;667ecf2e5002e5c1cb2c597c;667ecf2e5002e5c1cb2c597d;667ecf2e5002e5c1cb2c597e;667ecf2e5002e5c1cb2c597f;667ecf2e5002e5c1cb2c5980;667ecf2e5002e5c1cb2c5981;667ecf2e5002e5c1cb2c5982;667ecf2e5002e5c1cb2c5983;667ecf2e5002e5c1cb2c5984;667ecf2e5002e5c1cb2c5985;667ecf2e5002e5c1cb2c5986;667ecf2e5002e5c1cb2c5987;667ecf2e5002e5c1cb2c5988;667ecf2e5002e5c1cb2c5989;667ecf2e5002e5c1cb2c598a;667ecf2e5002e5c1cb2c598b;667ecf2e5002e5c1cb2c598c;667ecf2e5002e5c1cb2c598d;667ecf2e5002e5c1cb2c598e;667ecf2e5002e5c1cb2c598f;667ecf2e5002e5c1cb2c5990;;;;;;;;;;;;;;;;;;;;;false;2024-08-24T10:00:00Z;2024-08-24T10:00:00Z;true;null
667e5391cb4b99a0554c6538;Parque de San Jose;6.162406691;6.162012237;6.161847053;6.162049058;6.162406691;;;;;;;;;;;;;;-75.58241375;-75.58268271;-75.58241232;-75.58225408;-75.58241375;;;;;;;;;;;;;;667e5391cb4b99a0554c6539;667e5391cb4b99a0554c653a;667e5391cb4b99a0554c653b;667e5391cb4b99a0554c653c;667e5391cb4b99a0554c653d;;;;;;;;;;;;;;667a50320cc99ae2fa6ed6e0;6.162698571;6.162819553;6.16292513;6.163011364;6.163075036;6.163113772;6.163126125;6.163111636;6.163070843;6.163005271;6.162917364;6.162810404;6.162415949;6.162288299;6.162149428;6.162004981;6.161860829;6.161722831;6.161596595;6.161487253;6.161399249;6.161234066;6.161169358;6.161134028;6.161129608;6.161156289;6.161212915;6.161297031;6.161404991;6.161606995;6.161738847;6.161885101;6.162038966;6.1621933;6.162340938;6.162698571;;;;;;;;;;;;;;;;;;;;;;;;;;-75.58175234;-75.58182112;-75.58191201;-75.58202162;-75.58214587;-75.58228011;-75.58241933;-75.58255835;-75.58269197;-75.58281521;-75.58292348;-75.58301272;-75.58328168;-75.58335096;-75.58339307;-75.58340631;-75.58339014;-75.58334522;-75.58327337;-75.58317752;-75.58306155;-75.58279115;-75.58265527;-75.58250885;-75.58235825;-75.58221;-75.58207051;-75.58194584;-75.58184139;-75.58168316;-75.58160117;-75.58154949;-75.58153052;-75.58154514;-75.58159267;-75.58175234;;;;;;;;;;;;;;;;;;;;;;;;;;667ecf2e5002e5c1cb2c599c;667ecf2e5002e5c1cb2c599d;667ecf2e5002e5c1cb2c599e;667ecf2e5002e5c1cb2c599f;667ecf2e5002e5c1cb2c59a0;667ecf2e5002e5c1cb2c59a1;667ecf2e5002e5c1cb2c59a2;667ecf2e5002e5c1cb2c59a3;667ecf2e5002e5c1cb2c59a4;667ecf2e5002e5c1cb2c59a5;667ecf2e5002e5c1cb2c59a6;667ecf2e5002e5c1cb2c59a7;667ecf2e5002e5c1cb2c59a8;667ecf2e5002e5c1cb2c59a9;667ecf2e5002e5c1cb2c59aa;667ecf2e5002e5c1cb2c59ab;667ecf2e5002e5c1cb2c59ac;667ecf2e5002e5c1cb2c59ad;667ecf2e5002e5c1cb2c59ae;667ecf2e5002e5c1cb2c59af;667ecf2e5002e5c1cb2c59b0;667ecf2e5002e5c1cb2c59b1;667ecf2e5002e5c1cb2c59b2;667ecf2e5002e5c1cb2c59b3;667ecf2e5002e5c1cb2c59b4;667ecf2e5002e5c1cb2c59b5;667ecf2e5002e5c1cb2c59b6;667ecf2e5002e5c1cb2c59b7;667ecf2e5002e5c1cb2c59b8;667ecf2e5002e5c1cb2c59b9;667ecf2e5002e5c1cb2c59ba;667ecf2e5002e5c1cb2c59bb;667ecf2e5002e5c1cb2c59bc;667ecf2e5002e5c1cb2c59bd;667ecf2e5002e5c1cb2c59be;667ecf2e5002e5c1cb2c59bf;;;;;;;;;;;;;;;;;;;;;;;;;;false;2024-08-24T10:00:00Z;2024-08-24T10:00:00Z;true;null
667e5399cb4b99a0554c6544;Cancha de microfutbol Manga Azul;6.162759893;6.162614585;6.162399609;6.162532228;6.162759893;;;;;;;;;;;;;;-75.58454236;-75.58471427;-75.58451507;-75.58435953;-75.58454236;;;;;;;;;;;;;;667e5399cb4b99a0554c6545;667e5399cb4b99a0554c6546;667e5399cb4b99a0554c6547;667e5399cb4b99a0554c6548;667e5399cb4b99a0554c6549;;;;;;;;;;;;;;667a4aaf0cc99ae2fa6ed6c3;6.163321014;6.163449569;6.163550573;6.163619992;6.163655054;6.163654356;6.163617929;6.163547225;6.163445071;6.163299762;6.163169436;6.163016695;6.16284771;6.162669307;6.162488694;6.162313166;6.162149815;6.16200524;6.161790264;6.161675298;6.161586925;6.161528389;6.16150184;6.161508251;6.161547387;6.161617813;6.161716941;6.16184956;6.161973792;6.16211854;6.162278484;6.16244775;6.16262012;6.162789261;6.162948959;6.163093348;6.163321014;;;;;;;;;;;;;;;;;;;;;;;;;-75.58383548;-75.58396183;-75.58411138;-75.58427814;-75.58445546;-75.58463624;-75.58481328;-75.5849795;-75.58512825;-75.58530016;-75.58542614;-75.58552337;-75.5855879;-75.58561715;-75.58560992;-75.5855665;-75.58548866;-75.58537954;-75.58518034;-75.58505123;-75.58490244;-75.58473942;-75.58456817;-75.58439497;-75.58422618;-75.584068;-75.58392623;-75.58377069;-75.5836505;-75.58355637;-75.58349174;-75.58345898;-75.58345931;-75.58349272;-75.58355796;-75.58365265;-75.58383548;;;;;;;;;;;;;;;;;;;;;;;;;667ecf2e5002e5c1cb2c59cc;667ecf2e5002e5c1cb2c59cd;667ecf2e5002e5c1cb2c59ce;667ecf2e5002e5c1cb2c59cf;667ecf2e5002e5c1cb2c59d0;667ecf2e5002e5c1cb2c59d1;667ecf2e5002e5c1cb2c59d2;667ecf2e5002e5c1cb2c59d3;667ecf2e5002e5c1cb2c59d4;667ecf2e5002e5c1cb2c59d5;667ecf2e5002e5c1cb2c59d6;667ecf2e5002e5c1cb2c59d7;667ecf2e5002e5c1cb2c59d8;667ecf2e5002e5c1cb2c59d9;667ecf2e5002e5c1cb2c59da;667ecf2e5002e5c1cb2c59db;667ecf2e5002e5c1cb2c59dc;667ecf2e5002e5c1cb2c59dd;667ecf2e5002e5c1cb2c59de;667ecf2e5002e5c1cb2c59df;667ecf2e5002e5c1cb2c59e0;667ecf2e5002e5c1cb2c59e1;667ecf2e5002e5c1cb2c59e2;667ecf2e5002e5c1cb2c59e3;667ecf2e5002e5c1cb2c59e4;667ecf2e5002e5c1cb2c59e5;667ecf2e5002e5c1cb2c59e6;667ecf2e5002e5c1cb2c59e7;667ecf2e5002e5c1cb2c59e8;667ecf2e5002e5c1cb2c59e9;667ecf2e5002e5c1cb2c59ea;667ecf2e5002e5c1cb2c59eb;667ecf2e5002e5c1cb2c59ec;667ecf2e5002e5c1cb2c59ed;667ecf2e5002e5c1cb2c59ee;667ecf2e5002e5c1cb2c59ef;667ecf2e5002e5c1cb2c59f0;;;;;;;;;;;;;;;;;;;;;;;;;false;2024-08-24T10:00:00Z;2024-08-24T10:00:00Z;true;null
667e53adcb4b99a0554c6550;Casa Museo Debora Arango Perez;6.174390139;6.17446264;6.173795693;6.17364553;6.174390139;;;;;;;;;;;;;;-75.58550675;-75.58583712;-75.58607763;-75.58571173;-75.58550675;;;;;;;;;;;;;;667e53adcb4b99a0554c6551;667e53adcb4b99a0554c6552;667e53adcb4b99a0554c6553;667e53adcb4b99a0554c6554;667e53adcb4b99a0554c6555;;;;;;;;;;;;;;667a50110cc99ae2fa6ed6de;6.174200216;6.174343723;6.174489127;6.174630484;6.174762009;6.174878325;6.174974674;6.175047114;6.175092683;6.175165185;6.175182053;6.175168424;6.175124876;6.175053255;6.174956597;6.174839;6.174705448;6.174038501;6.17390591;6.173769334;6.173633712;6.173503946;6.17338473;6.173280375;6.173194654;6.173130666;6.172980503;6.172940866;6.172926153;6.172936884;6.172972679;6.173032274;6.173113559;6.173213661;6.173329037;6.173455608;6.174200216;;;;;;;;;;;;;;;;;;;;;;;;;-75.58480877;-75.58478461;-75.58478998;-75.58482467;-75.58488726;-75.58497519;-75.58508486;-75.58521178;-75.58535077;-75.58568114;-75.58582917;-75.58597753;-75.58611994;-75.58625036;-75.58636327;-75.58645387;-75.58651832;-75.58675883;-75.58679275;-75.5868008;-75.58678271;-75.58673912;-75.58667161;-75.58658262;-75.58647538;-75.58635375;-75.58598784;-75.58585772;-75.58572243;-75.58558676;-75.58545551;-75.58533333;-75.58522453;-75.58513296;-75.58506186;-75.58501375;-75.58480877;;;;;;;;;;;;;;;;;;;;;;;;;667ecf2e5002e5c1cb2c59fe;667ecf2e5002e5c1cb2c59ff;667ecf2e5002e5c1cb2c5a00;667ecf2e5002e5c1cb2c5a01;667ecf2e5002e5c1cb2c5a02;667ecf2e5002e5c1cb2c5a03;667ecf2e5002e5c1cb2c5a04;667ecf2e5002e5c1cb2c5a05;667ecf2e5002e5c1cb2c5a06;667ecf2e5002e5c1cb2c5a07;667ecf2e5002e5c1cb2c5a08;667ecf2e5002e5c1cb2c5a09;667ecf2e5002e5c1cb2c5a0a;667ecf2e5002e5c1cb2c5a0b;667ecf2e5002e5c1cb2c5a0c;667ecf2e5002e5c1cb2c5a0d;667ecf2e5002e5c1cb2c5a0e;667ecf2e5002e5c1cb2c5a0f;667ecf2e5002e5c1cb2c5a10;667ecf2e5002e5c1cb2c5a11;667ecf2e5002e5c1cb2c5a12;667ecf2e5002e5c1cb2c5a13;667ecf2e5002e5c1cb2c5a14;667ecf2e5002e5c1cb2c5a15;667ecf2e5002e5c1cb2c5a16;667ecf2e5002e5c1cb2c5a17;667ecf2e5002e5c1cb2c5a18;667ecf2e5002e5c1cb2c5a19;667ecf2e5002e5c1cb2c5a1a;667ecf2e5002e5c1cb2c5a1b;667ecf2e5002e5c1cb2c5a1c;667ecf2e5002e5c1cb2c5a1d;667ecf2e5002e5c1cb2c5a1e;667ecf2e5002e5c1cb2c5a1f;667ecf2e5002e5c1cb2c5a20;667ecf2e5002e5c1cb2c5a21;667ecf2e5002e5c1cb2c5a22;;;;;;;;;;;;;;;;;;;;;;;;;false;2024-08-24T10:00:00Z;2024-08-24T10:00:00Z;true;null
667e53bacb4b99a0554c655c;Parroquia San Marcos;6.175922569;6.175986255;6.175705631;6.175612255;6.175922569;;;;;;;;;;;;;;-75.5859228;-75.586387;-75.58645006;-75.58596411;-75.5859228;;;;;;;;;;;;;;667e53bacb4b99a0554c655d;667e53bacb4b99a0554c655e;667e53bacb4b99a0554c655f;667e53bacb4b99a0554c6560;667e53bacb4b99a0554c6561;;;;;;;;;;;;;;667a50110cc99ae2fa6ed6de;6.175828177;6.175968638;6.176107341;6.176238994;6.176358571;6.176461512;6.176543887;6.176602553;6.176635271;6.176698957;6.176704852;6.176685953;6.176642914;6.176577218;6.176491133;6.176387629;6.176270277;6.176143125;6.175862501;6.175719907;6.175576745;6.175438719;6.17531133;6.175199654;6.175108141;6.17504044;6.174999247;6.174905871;6.174892858;6.174909612;6.17495544;6.175028445;6.175125607;6.175242905;6.175375486;6.175517864;6.175828177;;;;;;;;;;;;;;;;;;;;;;;;;-75.5852054;-75.58520063;-75.58522342;-75.58527289;-75.58534717;-75.58544341;-75.58555794;-75.5856864;-75.58582388;-75.58628808;-75.58642236;-75.58655543;-75.58668268;-75.58679974;-75.58690255;-75.58698758;-75.58705188;-75.58709325;-75.58715631;-75.58717358;-75.58716201;-75.58712207;-75.58705536;-75.58696452;-75.58685318;-75.58672577;-75.58658738;-75.58610143;-75.58595481;-75.58580858;-75.58566878;-75.5855412;-75.58543112;-75.58534309;-75.58528076;-75.58524671;-75.5852054;;;;;;;;;;;;;;;;;;;;;;;;;667ecf2e5002e5c1cb2c5a30;667ecf2e5002e5c1cb2c5a31;667ecf2e5002e5c1cb2c5a32;667ecf2e5002e5c1cb2c5a33;667ecf2e5002e5c1cb2c5a34;667ecf2e5002e5c1cb2c5a35;667ecf2e5002e5c1cb2c5a36;667ecf2e5002e5c1cb2c5a37;667ecf2e5002e5c1cb2c5a38;667ecf2e5002e5c1cb2c5a39;667ecf2e5002e5c1cb2c5a3a;667ecf2e5002e5c1cb2c5a3b;667ecf2e5002e5c1cb2c5a3c;667ecf2e5002e5c1cb2c5a3d;667ecf2e5002e5c1cb2c5a3e;667ecf2e5002e5c1cb2c5a3f;667ecf2e5002e5c1cb2c5a40;667ecf2e5002e5c1cb2c5a41;667ecf2e5002e5c1cb2c5a42;667ecf2e5002e5c1cb2c5a43;667ecf2e5002e5c1cb2c5a44;667ecf2e5002e5c1cb2c5a45;667ecf2e5002e5c1cb2c5a46;667ecf2e5002e5c1cb2c5a47;667ecf2e5002e5c1cb2c5a48;667ecf2e5002e5c1cb2c5a49;667ecf2e5002e5c1cb2c5a4a;667ecf2e5002e5c1cb2c5a4b;667ecf2e5002e5c1cb2c5a4c;667ecf2e5002e5c1cb2c5a4d;667ecf2e5002e5c1cb2c5a4e;667ecf2e5002e5c1cb2c5a4f;667ecf2e5002e5c1cb2c5a50;667ecf2e5002e5c1cb2c5a51;667ecf2e5002e5c1cb2c5a52;667ecf2e5002e5c1cb2c5a53;667ecf2e5002e5c1cb2c5a54;;;;;;;;;;;;;;;;;;;;;;;;;false;2024-08-24T10:00:00Z;2024-08-24T10:00:00Z;true;null
667e53c6cb4b99a0554c6568;I.E. San Marcos;6.176352897;6.176394237;6.176306503;6.176489775;6.176294205;6.176514646;6.175806642;6.175721348;6.175964277;6.17570944;6.175986757;6.175953467;6.175928688;6.176017106;6.176024809;6.176308907;6.176352897;;-75.58642433;-75.58662807;-75.58669778;-75.58736154;-75.58746819;-75.58829851;-75.58819378;-75.58788721;-75.58782299;-75.58644509;-75.58638867;-75.58610677;-75.58592987;-75.58593045;-75.5860993;-75.58607464;-75.58642433;;667e53c6cb4b99a0554c6569;667e53c6cb4b99a0554c656a;667e53c6cb4b99a0554c656b;667e53c6cb4b99a0554c656c;667e53c6cb4b99a0554c656d;667e53c6cb4b99a0554c656e;667e53c6cb4b99a0554c656f;667e53c6cb4b99a0554c6570;667e53c6cb4b99a0554c6571;667e53c6cb4b99a0554c6572;667e53c6cb4b99a0554c6573;667e53c6cb4b99a0554c6574;667e53c6cb4b99a0554c6575;667e53c6cb4b99a0554c6576;667e53c6cb4b99a0554c6577;667e53c6cb4b99a0554c6578;667e53c6cb4b99a0554c6579;;667a4a900cc99ae2fa6ed6c1;6.177299262;6.17738352;6.177412172;6.177405832;6.177364745;6.177290515;6.177186035;6.177055379;6.17690364;6.176736736;6.176561173;6.176383795;6.175675792;6.175508424;6.175352014;6.175212309;6.175094444;6.175002749;6.174940593;6.174855299;6.174824524;6.17482891;6.174868285;6.174941106;6.174970538;6.174825288;6.174810169;6.174828926;6.174880851;6.17496399;6.175035122;6.175055497;6.17511216;6.175198461;6.175311268;6.175446486;6.175599208;6.175763888;6.175934551;6.176022969;6.176192531;6.176355791;6.176506887;6.176548155;6.176571805;6.176730594;6.176873986;6.176996745;6.177094388;6.17716335;6.177201113;6.177240842;6.177275394;6.177293421;6.177281116;6.177271801;6.177356299;6.177386307;6.177383324;6.177347459;6.177299262;-75.58774776;-75.58806513;-75.58824141;-75.5884199;-75.58859367;-75.58875593;-75.58890035;-75.58902131;-75.58911409;-75.58917507;-75.58920187;-75.58919346;-75.58908873;-75.58904717;-75.58897426;-75.58887266;-75.58874612;-75.58859929;-75.58843755;-75.58813098;-75.58795456;-75.58777551;-75.58760083;-75.58743738;-75.58739588;-75.58661052;-75.58643562;-75.58626107;-75.58609345;-75.58593908;-75.58585254;-75.5857134;-75.58555076;-75.58540188;-75.58527216;-75.58516632;-75.58508819;-75.58504062;-75.58502532;-75.5850259;-75.58504325;-75.58509248;-75.5851718;-75.58520474;-75.58520958;-75.58527568;-75.58537094;-75.5854919;-75.58563414;-75.58579246;-75.58596109;-75.5862769;-75.58644719;-75.58661234;-75.58677802;-75.58681345;-75.58711948;-75.58729036;-75.58746386;-75.58763359;-75.58774776;667ecf2e5002e5c1cb2c5a78;667ecf2e5002e5c1cb2c5a79;667ecf2e5002e5c1cb2c5a7a;667ecf2e5002e5c1cb2c5a7b;667ecf2e5002e5c1cb2c5a7c;667ecf2e5002e5c1cb2c5a7d;667ecf2e5002e5c1cb2c5a7e;667ecf2e5002e5c1cb2c5a7f;667ecf2e5002e5c1cb2c5a80;667ecf2e5002e5c1cb2c5a81;667ecf2e5002e5c1cb2c5a82;667ecf2e5002e5c1cb2c5a83;667ecf2e5002e5c1cb2c5a84;667ecf2e5002e5c1cb2c5a85;667ecf2e5002e5c1cb2c5a86;667ecf2e5002e5c1cb2c5a87;667ecf2e5002e5c1cb2c5a88;667ecf2e5002e5c1cb2c5a89;667ecf2e5002e5c1cb2c5a8a;667ecf2e5002e5c1cb2c5a8b;667ecf2e5002e5c1cb2c5a8c;667ecf2e5002e5c1cb2c5a8d;667ecf2e5002e5c1cb2c5a8e;667ecf2e5002e5c1cb2c5a8f;667ecf2e5002e5c1cb2c5a90;667ecf2e5002e5c1cb2c5a91;667ecf2e5002e5c1cb2c5a92;667ecf2e5002e5c1cb2c5a93;667ecf2e5002e5c1cb2c5a94;667ecf2e5002e5c1cb2c5a95;667ecf2e5002e5c1cb2c5a96;667ecf2e5002e5c1cb2c5a97;667ecf2e5002e5c1cb2c5a98;667ecf2e5002e5c1cb2c5a99;667ecf2e5002e5c1cb2c5a9a;667ecf2e5002e5c1cb2c5a9b;667ecf2e5002e5c1cb2c5a9c;667ecf2e5002e5c1cb2c5a9d;667ecf2e5002e5c1cb2c5a9e;667ecf2e5002e5c1cb2c5a9f;667ecf2e5002e5c1cb2c5aa0;667ecf2e5002e5c1cb2c5aa1;667ecf2e5002e5c1cb2c5aa2;667ecf2e5002e5c1cb2c5aa3;667ecf2e5002e5c1cb2c5aa4;667ecf2e5002e5c1cb2c5aa5;667ecf2e5002e5c1cb2c5aa6;667ecf2e5002e5c1cb2c5aa7;667ecf2e5002e5c1cb2c5aa8;667ecf2e5002e5c1cb2c5aa9;667ecf2e5002e5c1cb2c5aaa;667ecf2e5002e5c1cb2c5aab;667ecf2e5002e5c1cb2c5aac;667ecf2e5002e5c1cb2c5aad;667ecf2e5002e5c1cb2c5aae;667ecf2e5002e5c1cb2c5aaf;667ecf2e5002e5c1cb2c5ab0;667ecf2e5002e5c1cb2c5ab1;667ecf2e5002e5c1cb2c5ab2;667ecf2e5002e5c1cb2c5ab3;667ecf2e5002e5c1cb2c5ab4;false;2024-08-24T10:00:00Z;2024-08-24T10:00:00Z;true;null
667e53cecb4b99a0554c658c;Colegio Teresiano de Envigado;6.18278358;6.181993578;6.181692096;6.181458026;6.181071841;6.180851954;6.181164195;6.181328456;6.18278358;;;;;;;;;;-75.58439591;-75.58505095;-75.58530767;-75.58508056;-75.58511382;-75.58290293;-75.58273615;-75.58258118;-75.58439591;;;;;;;;;;667e53cecb4b99a0554c658d;667e53cecb4b99a0554c658e;667e53cecb4b99a0554c658f;667e53cecb4b99a0554c6590;667e53cecb4b99a0554c6591;667e53cecb4b99a0554c6592;667e53cecb4b99a0554c6593;667e53cecb4b99a0554c6594;667e53cecb4b99a0554c6595;;;;;;;;;;667a4a900cc99ae2fa6ed6c1;6.181139466;6.180973872;6.180802883;6.180642043;6.180497422;6.180374476;6.180277846;6.180211178;6.180176987;6.1799571;6.179956891;6.179991327;6.180059074;6.18015751;6.180282825;6.180430169;6.180636455;6.180713214;6.18086015;6.181026829;6.181206223;6.18139077;6.18157269;6.181744314;6.181898407;6.182028472;6.183483597;6.183579732;6.183645686;6.183678958;6.183678286;6.183643696;6.183576499;6.183479243;6.183355615;6.182570158;6.182273171;6.182117333;6.181942814;6.18175728;6.181568883;6.181385899;6.181216367;6.181139466;;;;;;;;;;;;;;;;;;-75.58601499;-75.58601301;-75.58597699;-75.5859084;-75.58580983;-75.58568499;-75.5855386;-75.58537618;-75.58520386;-75.58299297;-75.58281501;-75.58264044;-75.58247604;-75.58232816;-75.58220253;-75.58210401;-75.58199382;-75.5819214;-75.58180892;-75.58172899;-75.58168499;-75.58167877;-75.58171059;-75.58177912;-75.58188146;-75.58201329;-75.58382803;-75.58397524;-75.58413839;-75.58431131;-75.58448743;-75.58466009;-75.58482273;-75.58496919;-75.58509391;-75.58574518;-75.58599807;-75.58610473;-75.58617638;-75.58620987;-75.58620372;-75.5861582;-75.58607532;-75.58601499;;;;;;;;;;;;;;;;;;667ecf2e5002e5c1cb2c5ac9;667ecf2e5002e5c1cb2c5aca;667ecf2e5002e5c1cb2c5acb;667ecf2e5002e5c1cb2c5acc;667ecf2e5002e5c1cb2c5acd;667ecf2e5002e5c1cb2c5ace;667ecf2e5002e5c1cb2c5acf;667ecf2e5002e5c1cb2c5ad0;667ecf2e5002e5c1cb2c5ad1;667ecf2e5002e5c1cb2c5ad2;667ecf2e5002e5c1cb2c5ad3;667ecf2e5002e5c1cb2c5ad4;667ecf2e5002e5c1cb2c5ad5;667ecf2e5002e5c1cb2c5ad6;667ecf2e5002e5c1cb2c5ad7;667ecf2e5002e5c1cb2c5ad8;667ecf2e5002e5c1cb2c5ad9;667ecf2e5002e5c1cb2c5ada;667ecf2e5002e5c1cb2c5adb;667ecf2e5002e5c1cb2c5adc;667ecf2e5002e5c1cb2c5add;667ecf2e5002e5c1cb2c5ade;667ecf2e5002e5c1cb2c5adf;667ecf2e5002e5c1cb2c5ae0;667ecf2e5002e5c1cb2c5ae1;667ecf2e5002e5c1cb2c5ae2;667ecf2e5002e5c1cb2c5ae3;667ecf2e5002e5c1cb2c5ae4;667ecf2e5002e5c1cb2c5ae5;667ecf2e5002e5c1cb2c5ae6;667ecf2e5002e5c1cb2c5ae7;667ecf2e5002e5c1cb2c5ae8;667ecf2e5002e5c1cb2c5ae9;667ecf2e5002e5c1cb2c5aea;667ecf2e5002e5c1cb2c5aeb;667ecf2e5002e5c1cb2c5aec;667ecf2e5002e5c1cb2c5aed;667ecf2e5002e5c1cb2c5aee;667ecf2e5002e5c1cb2c5aef;667ecf2e5002e5c1cb2c5af0;667ecf2e5002e5c1cb2c5af1;667ecf2e5002e5c1cb2c5af2;667ecf2e5002e5c1cb2c5af3;667ecf2e5002e5c1cb2c5af4;;;;;;;;;;;;;;;;;;false;2024-08-24T10:00:00Z;2024-08-24T10:00:00Z;true;null
667e53d8cb4b99a0554c65a0;Clinica Especialista de envigado;6.175148333;6.175184373;6.175400242;6.175370937;6.175148333;;;;;;;;;;;;;;-75.58474226;-75.58464014;-75.58470962;-75.58481623;-75.58474226;;;;;;;;;;;;;;667e53d8cb4b99a0554c65a1;667e53d8cb4b99a0554c65a2;667e53d8cb4b99a0554c65a3;667e53d8cb4b99a0554c65a4;667e53d8cb4b99a0554c65a5;;;;;;;;;;;;;;667a50a30cc99ae2fa6ed6e3;6.174922659;6.174791996;6.174675413;6.174577516;6.174502173;6.174452361;6.174430049;6.174436118;6.174470328;6.174506368;6.174564908;6.174646315;6.174747582;6.174864973;6.174994154;6.175130356;6.175268552;6.175403641;6.175619511;6.175745834;6.175859541;6.17595648;6.176033113;6.176086643;6.176115114;6.176117488;6.176093678;6.176064373;6.176011637;6.175932716;6.175830835;6.175710157;6.175575615;6.175432707;6.175287275;6.175145263;6.174922659;;;;;;;;;;;;;;;;;;;;;;;;;-75.58542939;-75.58537092;-75.58528761;-75.58518275;-75.58506049;-75.58492565;-75.58478356;-75.58463985;-75.58450018;-75.58439806;-75.58427211;-75.58415975;-75.58406511;-75.58399171;-75.58394224;-75.58391853;-75.58392146;-75.58395091;-75.58402039;-75.58407492;-75.58415262;-75.58425065;-75.58436544;-75.58449279;-75.58462806;-75.5847663;-75.58490248;-75.58500909;-75.58514543;-75.58526832;-75.58537273;-75.5854544;-75.58550998;-75.58553721;-75.58553497;-75.58550336;-75.58542939;;;;;;;;;;;;;;;;;;;;;;;;;667ecf2e5002e5c1cb2c5b00;667ecf2e5002e5c1cb2c5b01;667ecf2e5002e5c1cb2c5b02;667ecf2e5002e5c1cb2c5b03;667ecf2e5002e5c1cb2c5b04;667ecf2e5002e5c1cb2c5b05;667ecf2e5002e5c1cb2c5b06;667ecf2e5002e5c1cb2c5b07;667ecf2e5002e5c1cb2c5b08;667ecf2e5002e5c1cb2c5b09;667ecf2e5002e5c1cb2c5b0a;667ecf2e5002e5c1cb2c5b0b;667ecf2e5002e5c1cb2c5b0c;667ecf2e5002e5c1cb2c5b0d;667ecf2e5002e5c1cb2c5b0e;667ecf2e5002e5c1cb2c5b0f;667ecf2e5002e5c1cb2c5b10;667ecf2e5002e5c1cb2c5b11;667ecf2e5002e5c1cb2c5b12;667ecf2e5002e5c1cb2c5b13;667ecf2e5002e5c1cb2c5b14;667ecf2e5002e5c1cb2c5b15;667ecf2e5002e5c1cb2c5b16;667ecf2e5002e5c1cb2c5b17;667ecf2e5002e5c1cb2c5b18;667ecf2e5002e5c1cb2c5b19;667ecf2e5002e5c1cb2c5b1a;667ecf2e5002e5c1cb2c5b1b;667ecf2e5002e5c1cb2c5b1c;667ecf2e5002e5c1cb2c5b1d;667ecf2e5002e5c1cb2c5b1e;667ecf2e5002e5c1cb2c5b1f;667ecf2e5002e5c1cb2c5b20;667ecf2e5002e5c1cb2c5b21;667ecf2e5002e5c1cb2c5b22;667ecf2e5002e5c1cb2c5b23;667ecf2e5002e5c1cb2c5b24;;;;;;;;;;;;;;;;;;;;;;;;;false;2024-08-24T10:00:00Z;2024-08-24T10:00:00Z;true;null
667e53e1cb4b99a0554c65ac;Clinica Nova;6.176599477;6.176825721;6.176956679;6.176715704;6.176599477;;;;;;;;;;;;;;-75.58990093;-75.58972527;-75.58989914;-75.59007248;-75.58990093;;;;;;;;;;;;;;667e53e1cb4b99a0554c65ad;667e53e1cb4b99a0554c65ae;667e53e1cb4b99a0554c65af;667e53e1cb4b99a0554c65b0;667e53e1cb4b99a0554c65b1;;;;;;;;;;;;;;667a50a30cc99ae2fa6ed6e3;6.176004948;6.17593943;6.175897406;6.175880374;6.175888939;6.175922796;6.175980741;6.17606071;6.176159858;6.176386101;6.176506384;6.176639081;6.176779032;6.176920798;6.177058868;6.177187875;6.177302805;6.17739919;6.177530149;6.177604965;6.17765399;6.177675273;6.177667968;6.177632365;6.17756988;6.177483001;6.177375182;6.177134207;6.177010141;6.176874433;6.176732449;6.176589803;6.176452135;6.176324889;6.176213095;6.176121176;6.176004948;;;;;;;;;;;;;;;;;;;;;;;;;-75.59030846;-75.59018888;-75.59005906;-75.5899236;-75.58978734;-75.58965513;-75.58953166;-75.58942134;-75.58932809;-75.58915243;-75.5890768;-75.58902639;-75.58900314;-75.58900796;-75.58904067;-75.58909998;-75.5891836;-75.58928828;-75.58946215;-75.58958532;-75.58972098;-75.58986372;-75.59000788;-75.5901477;-75.59027764;-75.59039252;-75.59048777;-75.59066111;-75.59073276;-75.5907783;-75.59079594;-75.59078497;-75.59074583;-75.59068006;-75.59059027;-75.59048;-75.59030846;;;;;;;;;;;;;;;;;;;;;;;;;667ecf2e5002e5c1cb2c5b31;667ecf2e5002e5c1cb2c5b32;667ecf2e5002e5c1cb2c5b33;667ecf2e5002e5c1cb2c5b34;667ecf2e5002e5c1cb2c5b35;667ecf2e5002e5c1cb2c5b36;667ecf2e5002e5c1cb2c5b37;667ecf2e5002e5c1cb2c5b38;667ecf2e5002e5c1cb2c5b39;667ecf2e5002e5c1cb2c5b3a;667ecf2e5002e5c1cb2c5b3b;667ecf2e5002e5c1cb2c5b3c;667ecf2e5002e5c1cb2c5b3d;667ecf2e5002e5c1cb2c5b3e;667ecf2e5002e5c1cb2c5b3f;667ecf2e5002e5c1cb2c5b40;667ecf2e5002e5c1cb2c5b41;667ecf2e5002e5c1cb2c5b42;667ecf2e5002e5c1cb2c5b43;667ecf2e5002e5c1cb2c5b44;667ecf2e5002e5c1cb2c5b45;667ecf2e5002e5c1cb2c5b46;667ecf2e5002e5c1cb2c5b47;667ecf2e5002e5c1cb2c5b48;667ecf2e5002e5c1cb2c5b49;667ecf2e5002e5c1cb2c5b4a;667ecf2e5002e5c1cb2c5b4b;667ecf2e5002e5c1cb2c5b4c;667ecf2e5002e5c1cb2c5b4d;667ecf2e5002e5c1cb2c5b4e;667ecf2e5002e5c1cb2c5b4f;667ecf2e5002e5c1cb2c5b50;667ecf2e5002e5c1cb2c5b51;667ecf2e5002e5c1cb2c5b52;667ecf2e5002e5c1cb2c5b53;667ecf2e5002e5c1cb2c5b54;667ecf2e5002e5c1cb2c5b55;;;;;;;;;;;;;;;;;;;;;;;;;false;2024-08-24T10:00:00Z;2024-08-24T10:00:00Z;true;null
667e53eccb4b99a0554c65b8;Clinica las americas Sede sur;6.178131451;6.178474781;6.178971607;6.178622385;6.178131451;;;;;;;;;;;;;;-75.58323033;-75.58297041;-75.58361258;-75.5838932;-75.58323033;;;;;;;;;;;;;;667e53eccb4b99a0554c65b9;667e53eccb4b99a0554c65ba;667e53eccb4b99a0554c65bb;667e53eccb4b99a0554c65bc;667e53eccb4b99a0554c65bd;;;;;;;;;;;;;;667a50a30cc99ae2fa6ed6e3;6.177554489;6.177481915;6.177434146;6.177413007;6.177419304;6.177452798;6.177512209;6.177595268;6.177698804;6.178042133;6.178161286;6.178292242;6.178430069;6.17856958;6.178705522;6.178832777;6.178946554;6.17904257;6.179539397;6.179614173;6.179664653;6.17968893;6.179686084;6.179656225;6.17960048;6.179520958;6.179420665;6.179071442;6.17895045;6.178816303;6.178674381;6.178530375;6.178390057;6.178259055;6.178142621;6.178045423;6.177554489;;;;;;;;;;;;;;;;;;;;;;;;;-75.58366264;-75.58354152;-75.58340852;-75.58326871;-75.58312743;-75.58299009;-75.58286191;-75.58274781;-75.58265214;-75.58239222;-75.58231907;-75.58227043;-75.58224815;-75.58225306;-75.58228498;-75.5823427;-75.58242406;-75.58252598;-75.58316815;-75.58328707;-75.58341831;-75.58355689;-75.58369757;-75.58383504;-75.5839641;-75.58407987;-75.58417797;-75.58445859;-75.58453724;-75.58459007;-75.58461496;-75.58461091;-75.58457809;-75.5845178;-75.58443247;-75.58432551;-75.58366264;;;;;;;;;;;;;;;;;;;;;;;;;667ecf2f5002e5c1cb2c5b63;667ecf2f5002e5c1cb2c5b64;667ecf2f5002e5c1cb2c5b65;667ecf2f5002e5c1cb2c5b66;667ecf2f5002e5c1cb2c5b67;667ecf2f5002e5c1cb2c5b68;667ecf2f5002e5c1cb2c5b69;667ecf2f5002e5c1cb2c5b6a;667ecf2f5002e5c1cb2c5b6b;667ecf2f5002e5c1cb2c5b6c;667ecf2f5002e5c1cb2c5b6d;667ecf2f5002e5c1cb2c5b6e;667ecf2f5002e5c1cb2c5b6f;667ecf2f5002e5c1cb2c5b70;667ecf2f5002e5c1cb2c5b71;667ecf2f5002e5c1cb2c5b72;667ecf2f5002e5c1cb2c5b73;667ecf2f5002e5c1cb2c5b74;667ecf2f5002e5c1cb2c5b75;667ecf2f5002e5c1cb2c5b76;667ecf2f5002e5c1cb2c5b77;667ecf2f5002e5c1cb2c5b78;667ecf2f5002e5c1cb2c5b79;667ecf2f5002e5c1cb2c5b7a;667ecf2f5002e5c1cb2c5b7b;667ecf2f5002e5c1cb2c5b7c;667ecf2f5002e5c1cb2c5b7d;667ecf2f5002e5c1cb2c5b7e;667ecf2f5002e5c1cb2c5b7f;667ecf2f5002e5c1cb2c5b80;667ecf2f5002e5c1cb2c5b81;667ecf2f5002e5c1cb2c5b82;667ecf2f5002e5c1cb2c5b83;667ecf2f5002e5c1cb2c5b84;667ecf2f5002e5c1cb2c5b85;667ecf2f5002e5c1cb2c5b86;667ecf2f5002e5c1cb2c5b87;;;;;;;;;;;;;;;;;;;;;;;;;false;2024-08-24T10:00:00Z;2024-08-24T10:00:00Z;true;null
667e53f5cb4b99a0554c65c4;Clinica Sanitas;6.190178458;6.189940685;6.18982261;6.19006111;6.190178458;;;;;;;;;;;;;;-75.57762896;-75.57769773;-75.5773013;-75.57725338;-75.57762896;;;;;;;;;;;;;;667e53f5cb4b99a0554c65c5;667e53f5cb4b99a0554c65c6;667e53f5cb4b99a0554c65c7;667e53f5cb4b99a0554c65c8;667e53f5cb4b99a0554c65c9;;;;;;;;;;;;;;667a50a30cc99ae2fa6ed6e3;6.190864817;6.190893946;6.190894716;6.190867097;6.190812184;6.190732153;6.190630176;6.190510296;6.190377263;6.19013949;6.190001772;6.18986174;6.189724699;6.189595842;6.18948005;6.189381712;6.189304552;6.189251495;6.18913342;6.18910563;6.189108775;6.189142719;6.189205996;6.189295878;6.189408485;6.18953896;6.189681673;6.189920174;6.19006967;6.190218793;6.19036105;6.190490244;6.19060075;6.190687754;6.190747469;6.190864817;;;;;;;;;;;;;;;;;;;;;;;;;;-75.57741199;-75.57755306;-75.57769713;-75.5778385;-75.57797156;-75.57809105;-75.57819222;-75.57827107;-75.57832446;-75.57839323;-75.57841879;-75.57841703;-75.57838802;-75.57833286;-75.57825363;-75.57815334;-75.57803578;-75.57790542;-75.577509;-75.5773613;-75.57721102;-75.57706463;-75.57692845;-75.57680836;-75.57670954;-75.57663625;-75.57659165;-75.57654373;-75.57652976;-75.5765473;-75.57659559;-75.57667253;-75.57677477;-75.57689785;-75.57703641;-75.57741199;;;;;;;;;;;;;;;;;;;;;;;;;;667ecf2f5002e5c1cb2c5b95;667ecf2f5002e5c1cb2c5b96;667ecf2f5002e5c1cb2c5b97;667ecf2f5002e5c1cb2c5b98;667ecf2f5002e5c1cb2c5b99;667ecf2f5002e5c1cb2c5b9a;667ecf2f5002e5c1cb2c5b9b;667ecf2f5002e5c1cb2c5b9c;667ecf2f5002e5c1cb2c5b9d;667ecf2f5002e5c1cb2c5b9e;667ecf2f5002e5c1cb2c5b9f;667ecf2f5002e5c1cb2c5ba0;667ecf2f5002e5c1cb2c5ba1;667ecf2f5002e5c1cb2c5ba2;667ecf2f5002e5c1cb2c5ba3;667ecf2f5002e5c1cb2c5ba4;667ecf2f5002e5c1cb2c5ba5;667ecf2f5002e5c1cb2c5ba6;667ecf2f5002e5c1cb2c5ba7;667ecf2f5002e5c1cb2c5ba8;667ecf2f5002e5c1cb2c5ba9;667ecf2f5002e5c1cb2c5baa;667ecf2f5002e5c1cb2c5bab;667ecf2f5002e5c1cb2c5bac;667ecf2f5002e5c1cb2c5bad;667ecf2f5002e5c1cb2c5bae;667ecf2f5002e5c1cb2c5baf;667ecf2f5002e5c1cb2c5bb0;667ecf2f5002e5c1cb2c5bb1;667ecf2f5002e5c1cb2c5bb2;667ecf2f5002e5c1cb2c5bb3;667ecf2f5002e5c1cb2c5bb4;667ecf2f5002e5c1cb2c5bb5;667ecf2f5002e5c1cb2c5bb6;667ecf2f5002e5c1cb2c5bb7;667ecf2f5002e5c1cb2c5bb8;;;;;;;;;;;;;;;;;;;;;;;;;;false;2024-08-24T10:00:00Z;2024-08-24T10:00:00Z;true;null
667e53ffcb4b99a0554c65d0;Parque bosques de la frontera Etapa 2;6.18574102;6.185051889;6.184949075;6.185474122;6.186141321;6.186040191;6.18574102;;;;;;;;;;;;-75.57842793;-75.57748672;-75.57717319;-75.577051;-75.57681464;-75.57829619;-75.57842793;;;;;;;;;;;;667e53ffcb4b99a0554c65d1;667e53ffcb4b99a0554c65d2;667e53ffcb4b99a0554c65d3;667e53ffcb4b99a0554c65d4;667e53ffcb4b99a0554c65d5;667e53ffcb4b99a0554c65d6;667e53ffcb4b99a0554c65d7;;;;;;;;;;;;667a50320cc99ae2fa6ed6e0;6.186029552;6.185898017;6.185760673;6.185622601;6.185488912;6.185364551;6.185254123;6.185161713;6.184472582;6.18441264;6.184368641;6.184265827;6.184234035;6.184232994;6.18426275;6.184322022;6.184408261;6.18451776;6.184645808;6.184786898;6.185272909;6.185902316;6.186040328;6.186182278;6.186322631;6.186455914;6.186576929;6.186680956;6.186763939;6.186822642;6.186854776;6.186859087;6.186757957;6.186737254;6.186693626;6.186628508;6.186544043;6.186443007;6.186328723;6.186029552;;;;;;;;;;;;;;;;;;;;;;-75.57909085;-75.57913416;-75.57915133;-75.57914173;-75.57910571;-75.57904462;-75.5789607;-75.57885707;-75.57791586;-75.57781877;-75.57771341;-75.57739988;-75.57725325;-75.57710318;-75.57695612;-75.57681839;-75.57669593;-75.57659399;-75.57651696;-75.57646815;-75.57635504;-75.57613206;-75.57609813;-75.57609214;-75.57611432;-75.57616382;-75.57623869;-75.57633602;-75.57645202;-75.57658216;-75.57672136;-75.5768642;-75.57834576;-75.57847533;-75.57859902;-75.57871274;-75.57881276;-75.5788958;-75.57895911;-75.57909085;;;;;;;;;;;;;;;;;;;;;;667ecf2f5002e5c1cb2c5bc8;667ecf2f5002e5c1cb2c5bc9;667ecf2f5002e5c1cb2c5bca;667ecf2f5002e5c1cb2c5bcb;667ecf2f5002e5c1cb2c5bcc;667ecf2f5002e5c1cb2c5bcd;667ecf2f5002e5c1cb2c5bce;667ecf2f5002e5c1cb2c5bcf;667ecf2f5002e5c1cb2c5bd0;667ecf2f5002e5c1cb2c5bd1;667ecf2f5002e5c1cb2c5bd2;667ecf2f5002e5c1cb2c5bd3;667ecf2f5002e5c1cb2c5bd4;667ecf2f5002e5c1cb2c5bd5;667ecf2f5002e5c1cb2c5bd6;667ecf2f5002e5c1cb2c5bd7;667ecf2f5002e5c1cb2c5bd8;667ecf2f5002e5c1cb2c5bd9;667ecf2f5002e5c1cb2c5bda;667ecf2f5002e5c1cb2c5bdb;667ecf2f5002e5c1cb2c5bdc;667ecf2f5002e5c1cb2c5bdd;667ecf2f5002e5c1cb2c5bde;667ecf2f5002e5c1cb2c5bdf;667ecf2f5002e5c1cb2c5be0;667ecf2f5002e5c1cb2c5be1;667ecf2f5002e5c1cb2c5be2;667ecf2f5002e5c1cb2c5be3;667ecf2f5002e5c1cb2c5be4;667ecf2f5002e5c1cb2c5be5;667ecf2f5002e5c1cb2c5be6;667ecf2f5002e5c1cb2c5be7;667ecf2f5002e5c1cb2c5be8;667ecf2f5002e5c1cb2c5be9;667ecf2f5002e5c1cb2c5bea;667ecf2f5002e5c1cb2c5beb;667ecf2f5002e5c1cb2c5bec;667ecf2f5002e5c1cb2c5bed;667ecf2f5002e5c1cb2c5bee;667ecf2f5002e5c1cb2c5bef;;;;;;;;;;;;;;;;;;;;;;false;2024-08-24T10:00:00Z;2024-08-24T10:00:00Z;true;null
667e540ecb4b99a0554c65e0;Centro Educativo Prados del Nogal;6.180392475;6.180611325;6.180822812;6.180587777;6.180392475;;;;;;;;;;;;;;-75.58597749;-75.58566936;-75.58583469;-75.58611831;-75.58597749;;;;;;;;;;;;;;667e540ecb4b99a0554c65e1;667e540ecb4b99a0554c65e2;667e540ecb4b99a0554c65e3;667e540ecb4b99a0554c65e4;667e540ecb4b99a0554c65e5;;;;;;;;;;;;;;667a4a900cc99ae2fa6ed6c1;6.179868534;6.179736126;6.17962889;6.179550939;6.179505262;6.179493611;6.179516434;6.179572853;6.179660707;6.179879557;6.179998921;6.18014304;6.18030609;6.180481477;6.180662114;6.180840698;6.18101001;6.181163205;6.181374692;6.181505126;6.181608189;6.181679747;6.18171693;6.181718246;6.181683642;6.181614506;6.181513612;6.181278576;6.181159321;6.181020088;6.180865744;6.180701685;6.180533644;6.180367496;6.180209047;6.180063835;6.179868534;;;;;;;;;;;;;;;;;;;;;;;;;-75.5867127;-75.58659589;-75.58645537;-75.58629651;-75.58612543;-75.58594867;-75.58577301;-75.5856052;-75.58545166;-75.58514353;-75.58500692;-75.58489709;-75.58481848;-75.58477426;-75.58476623;-75.5847947;-75.58485853;-75.58495513;-75.58512047;-75.58524541;-75.585394;-75.58556026;-75.58573753;-75.5859187;-75.5860965;-75.5862638;-75.58641388;-75.5866975;-75.58681671;-75.58691151;-75.58697859;-75.5870156;-75.58702124;-75.58699533;-75.58693876;-75.58685351;-75.5867127;;;;;;;;;;;;;;;;;;;;;;;;;667ecf2f5002e5c1cb2c5bfc;667ecf2f5002e5c1cb2c5bfd;667ecf2f5002e5c1cb2c5bfe;667ecf2f5002e5c1cb2c5bff;667ecf2f5002e5c1cb2c5c00;667ecf2f5002e5c1cb2c5c01;667ecf2f5002e5c1cb2c5c02;667ecf2f5002e5c1cb2c5c03;667ecf2f5002e5c1cb2c5c04;667ecf2f5002e5c1cb2c5c05;667ecf2f5002e5c1cb2c5c06;667ecf2f5002e5c1cb2c5c07;667ecf2f5002e5c1cb2c5c08;667ecf2f5002e5c1cb2c5c09;667ecf2f5002e5c1cb2c5c0a;667ecf2f5002e5c1cb2c5c0b;667ecf2f5002e5c1cb2c5c0c;667ecf2f5002e5c1cb2c5c0d;667ecf2f5002e5c1cb2c5c0e;667ecf2f5002e5c1cb2c5c0f;667ecf2f5002e5c1cb2c5c10;667ecf2f5002e5c1cb2c5c11;667ecf2f5002e5c1cb2c5c12;667ecf2f5002e5c1cb2c5c13;667ecf2f5002e5c1cb2c5c14;667ecf2f5002e5c1cb2c5c15;667ecf2f5002e5c1cb2c5c16;667ecf2f5002e5c1cb2c5c17;667ecf2f5002e5c1cb2c5c18;667ecf2f5002e5c1cb2c5c19;667ecf2f5002e5c1cb2c5c1a;667ecf2f5002e5c1cb2c5c1b;667ecf2f5002e5c1cb2c5c1c;667ecf2f5002e5c1cb2c5c1d;667ecf2f5002e5c1cb2c5c1e;667ecf2f5002e5c1cb2c5c1f;667ecf2f5002e5c1cb2c5c20;;;;;;;;;;;;;;;;;;;;;;;;;false;2024-08-24T10:00:00Z;2024-08-24T10:00:00Z;true;null
667e541acb4b99a0554c65ec;Centro Educativo Pequeños Sabios;6.174003446;6.173941815;6.17411535;6.174186377;6.174003446;;;;;;;;;;;;;;-75.58780806;-75.58769709;-75.58759019;-75.58770023;-75.58780806;;;;;;;;;;;;;;667e541acb4b99a0554c65ed;667e541acb4b99a0554c65ee;667e541acb4b99a0554c65ef;667e541acb4b99a0554c65f0;667e541acb4b99a0554c65f1;;;;;;;;;;;;;;667a4a900cc99ae2fa6ed6c1;6.174458152;6.17429585;6.174122015;6.173943503;6.173767355;6.17360052;6.173449577;6.173320481;6.173218323;6.173156692;6.173087612;6.17304971;6.173044369;6.173071785;6.173130956;6.173219723;6.173334846;6.173472124;6.173645658;6.173801527;6.173969056;6.174142021;6.174313995;6.174478588;6.174629685;6.17476167;6.174869642;6.174940669;6.175023605;6.175072473;6.175085283;6.175061514;6.175002133;6.174909556;6.174787552;6.174641084;6.174458152;;;;;;;;;;;;;;;;;;;;;;;;;-75.58858848;-75.58866348;-75.58870473;-75.58871061;-75.5886809;-75.58861676;-75.58852071;-75.58839657;-75.5882492;-75.58813823;-75.58798;-75.58781144;-75.58763871;-75.58746811;-75.58730587;-75.5871579;-75.58702962;-75.58692569;-75.58681879;-75.58674248;-75.58669767;-75.58668602;-75.58670796;-75.58676269;-75.58684816;-75.5869612;-75.58709762;-75.58720765;-75.58736994;-75.58754567;-75.58772769;-75.58790859;-75.58808101;-75.58823794;-75.58837298;-75.58848065;-75.58858848;;;;;;;;;;;;;;;;;;;;;;;;;667ecf2f5002e5c1cb2c5c2c;667ecf2f5002e5c1cb2c5c2d;667ecf2f5002e5c1cb2c5c2e;667ecf2f5002e5c1cb2c5c2f;667ecf2f5002e5c1cb2c5c30;667ecf2f5002e5c1cb2c5c31;667ecf2f5002e5c1cb2c5c32;667ecf2f5002e5c1cb2c5c33;667ecf2f5002e5c1cb2c5c34;667ecf2f5002e5c1cb2c5c35;667ecf2f5002e5c1cb2c5c36;667ecf2f5002e5c1cb2c5c37;667ecf2f5002e5c1cb2c5c38;667ecf2f5002e5c1cb2c5c39;667ecf2f5002e5c1cb2c5c3a;667ecf2f5002e5c1cb2c5c3b;667ecf2f5002e5c1cb2c5c3c;667ecf2f5002e5c1cb2c5c3d;667ecf2f5002e5c1cb2c5c3e;667ecf2f5002e5c1cb2c5c3f;667ecf2f5002e5c1cb2c5c40;667ecf2f5002e5c1cb2c5c41;667ecf2f5002e5c1cb2c5c42;667ecf2f5002e5c1cb2c5c43;667ecf2f5002e5c1cb2c5c44;667ecf2f5002e5c1cb2c5c45;667ecf2f5002e5c1cb2c5c46;667ecf2f5002e5c1cb2c5c47;667ecf2f5002e5c1cb2c5c48;667ecf2f5002e5c1cb2c5c49;667ecf2f5002e5c1cb2c5c4a;667ecf2f5002e5c1cb2c5c4b;667ecf2f5002e5c1cb2c5c4c;667ecf2f5002e5c1cb2c5c4d;667ecf2f5002e5c1cb2c5c4e;667ecf2f5002e5c1cb2c5c4f;667ecf2f5002e5c1cb2c5c50;;;;;;;;;;;;;;;;;;;;;;;;;false;2024-08-24T10:00:00Z;2024-08-24T10:00:00Z;true;null
667e543acb4b99a0554c65f8;Centro Educativo Marcadores (CEM);6.16891452;6.168722402;6.168800415;6.168987802;6.16891452;;;;;;;;;;;;;;-75.58249158;-75.58239813;-75.58224207;-75.58233776;-75.58249158;;;;;;;;;;;;;;667e543acb4b99a0554c65f9;667e543acb4b99a0554c65fa;667e543acb4b99a0554c65fb;667e543acb4b99a0554c65fc;667e543acb4b99a0554c65fd;;;;;;;;;;;;;;667a4a900cc99ae2fa6ed6c1;6.169725537;6.169633894;6.169514481;6.169371905;6.169211673;6.169039969;6.168863422;6.168688848;6.168522986;6.168330868;6.16817906;6.168048543;6.167944432;6.167870806;6.16783055;6.167825241;6.167855089;6.167918922;6.167996935;6.168091457;6.168213359;6.168357934;6.168519599;6.168692108;6.168868801;6.169042853;6.169207541;6.169394929;6.169541517;6.169667441;6.169768002;6.169839447;6.16987911;6.16988551;6.16985841;6.169798819;6.169725537;;;;;;;;;;;;;;;;;;;;;;;;;-75.58288247;-75.58303443;-75.58316543;-75.58327042;-75.58334534;-75.5833873;-75.58339468;-75.5833672;-75.58330592;-75.58321247;-75.58311894;-75.58299716;-75.58285192;-75.58268889;-75.58251446;-75.58233548;-75.58215896;-75.58199181;-75.58183574;-75.58168553;-75.58155682;-75.58145457;-75.58138274;-75.58134409;-75.58134013;-75.581371;-75.58143551;-75.5815312;-75.58162499;-75.58174538;-75.58188787;-75.58204715;-75.58221728;-75.5823919;-75.58256451;-75.58272865;-75.58288247;;;;;;;;;;;;;;;;;;;;;;;;;667ecf2f5002e5c1cb2c5c5d;667ecf2f5002e5c1cb2c5c5e;667ecf2f5002e5c1cb2c5c5f;667ecf2f5002e5c1cb2c5c60;667ecf2f5002e5c1cb2c5c61;667ecf2f5002e5c1cb2c5c62;667ecf2f5002e5c1cb2c5c63;667ecf2f5002e5c1cb2c5c64;667ecf2f5002e5c1cb2c5c65;667ecf2f5002e5c1cb2c5c66;667ecf2f5002e5c1cb2c5c67;667ecf2f5002e5c1cb2c5c68;667ecf2f5002e5c1cb2c5c69;667ecf2f5002e5c1cb2c5c6a;667ecf2f5002e5c1cb2c5c6b;667ecf2f5002e5c1cb2c5c6c;667ecf2f5002e5c1cb2c5c6d;667ecf2f5002e5c1cb2c5c6e;667ecf2f5002e5c1cb2c5c6f;667ecf2f5002e5c1cb2c5c70;667ecf2f5002e5c1cb2c5c71;667ecf2f5002e5c1cb2c5c72;667ecf2f5002e5c1cb2c5c73;667ecf2f5002e5c1cb2c5c74;667ecf2f5002e5c1cb2c5c75;667ecf2f5002e5c1cb2c5c76;667ecf2f5002e5c1cb2c5c77;667ecf2f5002e5c1cb2c5c78;667ecf2f5002e5c1cb2c5c79;667ecf2f5002e5c1cb2c5c7a;667ecf2f5002e5c1cb2c5c7b;667ecf2f5002e5c1cb2c5c7c;667ecf2f5002e5c1cb2c5c7d;667ecf2f5002e5c1cb2c5c7e;667ecf2f5002e5c1cb2c5c7f;667ecf2f5002e5c1cb2c5c80;667ecf2f5002e5c1cb2c5c81;;;;;;;;;;;;;;;;;;;;;;;;;false;2024-08-24T10:00:00Z;2024-08-24T10:00:00Z;true;null
667e5442cb4b99a0554c6604;I.E. Diario de Bedout;6.168090504;6.167622614;6.167485468;6.167801288;6.168090504;;;;;;;;;;;;;;-75.57837654;-75.57866666;-75.57827916;-75.57813268;-75.57837654;;;;;;;;;;;;;;667e5442cb4b99a0554c6605;667e5442cb4b99a0554c6606;667e5442cb4b99a0554c6607;667e5442cb4b99a0554c6608;667e5442cb4b99a0554c6609;;;;;;;;;;;;;;667a4a900cc99ae2fa6ed6c1;6.168668254;6.168787533;6.168881948;6.168948132;6.168983724;6.168987455;6.168959191;6.16889994;6.168811816;6.168697963;6.168562441;6.168094551;6.167934812;6.167762884;6.167585479;6.167409524;6.167241889;6.167089118;6.166957177;6.166851217;6.166775375;6.166638229;6.166597195;6.166586505;6.166606524;6.166656568;6.166734929;6.166838928;6.166965013;6.167108877;6.167424697;6.167584217;6.167751409;6.167920365;6.168085111;6.168239825;6.168379038;6.168668254;;;;;;;;;;;;;;;;;;;;;;;;-75.57768334;-75.57780496;-75.57794698;-75.57810431;-75.57827136;-75.57844216;-75.57861062;-75.57877073;-75.57891678;-75.57904355;-75.57914654;-75.57943666;-75.57951496;-75.57956015;-75.57957045;-75.57954546;-75.57948616;-75.57939486;-75.57927514;-75.57913166;-75.57897002;-75.57858251;-75.5784205;-75.57825366;-75.5780877;-75.57792827;-75.57778083;-75.57765041;-75.57754147;-75.57745773;-75.57731125;-75.57725487;-75.57722951;-75.57723608;-75.57727435;-75.57734295;-75.57743947;-75.57768334;;;;;;;;;;;;;;;;;;;;;;;;667ecf2f5002e5c1cb2c5c8f;667ecf2f5002e5c1cb2c5c90;667ecf2f5002e5c1cb2c5c91;667ecf2f5002e5c1cb2c5c92;667ecf2f5002e5c1cb2c5c93;667ecf2f5002e5c1cb2c5c94;667ecf2f5002e5c1cb2c5c95;667ecf2f5002e5c1cb2c5c96;667ecf2f5002e5c1cb2c5c97;667ecf2f5002e5c1cb2c5c98;667ecf2f5002e5c1cb2c5c99;667ecf2f5002e5c1cb2c5c9a;667ecf2f5002e5c1cb2c5c9b;667ecf2f5002e5c1cb2c5c9c;667ecf2f5002e5c1cb2c5c9d;667ecf2f5002e5c1cb2c5c9e;667ecf2f5002e5c1cb2c5c9f;667ecf2f5002e5c1cb2c5ca0;667ecf2f5002e5c1cb2c5ca1;667ecf2f5002e5c1cb2c5ca2;667ecf2f5002e5c1cb2c5ca3;667ecf2f5002e5c1cb2c5ca4;667ecf2f5002e5c1cb2c5ca5;667ecf2f5002e5c1cb2c5ca6;667ecf2f5002e5c1cb2c5ca7;667ecf2f5002e5c1cb2c5ca8;667ecf2f5002e5c1cb2c5ca9;667ecf2f5002e5c1cb2c5caa;667ecf2f5002e5c1cb2c5cab;667ecf2f5002e5c1cb2c5cac;667ecf2f5002e5c1cb2c5cad;667ecf2f5002e5c1cb2c5cae;667ecf2f5002e5c1cb2c5caf;667ecf2f5002e5c1cb2c5cb0;667ecf2f5002e5c1cb2c5cb1;667ecf2f5002e5c1cb2c5cb2;667ecf2f5002e5c1cb2c5cb3;667ecf2f5002e5c1cb2c5cb4;;;;;;;;;;;;;;;;;;;;;;;;false;2024-08-24T10:00:00Z;2024-08-24T10:00:00Z;true;null
667e5450cb4b99a0554c6610;Cancha la Merced;6.164891311;6.164674047;6.164907178;6.165125779;6.164891311;;;;;;;;;;;;;;-75.58926855;-75.58909094;-75.58878402;-75.58895448;-75.58926855;;;;;;;;;;;;;;667e5450cb4b99a0554c6611;667e5450cb4b99a0554c6612;667e5450cb4b99a0554c6613;667e5450cb4b99a0554c6614;667e5450cb4b99a0554c6615;;;;;;;;;;;;;;667a4aaf0cc99ae2fa6ed6c3;6.165610458;6.165488069;6.165341616;6.165177005;6.165000874;6.164820324;6.164642637;6.164474978;6.164324107;6.164106844;6.163983751;6.163886184;6.163817749;6.163780978;6.163777229;6.163806642;6.163868129;6.163959417;6.164192547;6.16431339;6.164457257;6.16461857;6.164791075;6.164968081;6.165142726;6.165308237;6.165458197;6.165676798;6.165803733;6.165905121;6.165977142;6.166017083;6.166023437;6.165995967;6.165935707;6.165844927;6.165610458;;;;;;;;;;;;;;;;;;;;;;;;;-75.58981169;-75.58994526;-75.59005154;-75.59012624;-75.59016636;-75.59017028;-75.59013783;-75.59007033;-75.5899705;-75.5897929;-75.58967072;-75.58952711;-75.58936737;-75.58919741;-75.58902351;-75.5888521;-75.58868953;-75.5885418;-75.58823487;-75.58810467;-75.5880008;-75.58792731;-75.58788704;-75.58788154;-75.58791104;-75.58797439;-75.58806914;-75.5882396;-75.58836015;-75.58850309;-75.58866304;-75.58883397;-75.58900944;-75.58918285;-75.58934764;-75.58949762;-75.58981169;;;;;;;;;;;;;;;;;;;;;;;;;667ecf2f5002e5c1cb2c5cc2;667ecf2f5002e5c1cb2c5cc3;667ecf2f5002e5c1cb2c5cc4;667ecf2f5002e5c1cb2c5cc5;667ecf2f5002e5c1cb2c5cc6;667ecf2f5002e5c1cb2c5cc7;667ecf2f5002e5c1cb2c5cc8;667ecf2f5002e5c1cb2c5cc9;667ecf2f5002e5c1cb2c5cca;667ecf2f5002e5c1cb2c5ccb;667ecf2f5002e5c1cb2c5ccc;667ecf2f5002e5c1cb2c5ccd;667ecf2f5002e5c1cb2c5cce;667ecf2f5002e5c1cb2c5ccf;667ecf2f5002e5c1cb2c5cd0;667ecf2f5002e5c1cb2c5cd1;667ecf2f5002e5c1cb2c5cd2;667ecf2f5002e5c1cb2c5cd3;667ecf2f5002e5c1cb2c5cd4;667ecf2f5002e5c1cb2c5cd5;667ecf2f5002e5c1cb2c5cd6;667ecf2f5002e5c1cb2c5cd7;667ecf2f5002e5c1cb2c5cd8;667ecf2f5002e5c1cb2c5cd9;667ecf2f5002e5c1cb2c5cda;667ecf2f5002e5c1cb2c5cdb;667ecf2f5002e5c1cb2c5cdc;667ecf2f5002e5c1cb2c5cdd;667ecf2f5002e5c1cb2c5cde;667ecf2f5002e5c1cb2c5cdf;667ecf2f5002e5c1cb2c5ce0;667ecf2f5002e5c1cb2c5ce1;667ecf2f5002e5c1cb2c5ce2;667ecf2f5002e5c1cb2c5ce3;667ecf2f5002e5c1cb2c5ce4;667ecf2f5002e5c1cb2c5ce5;667ecf2f5002e5c1cb2c5ce6;;;;;;;;;;;;;;;;;;;;;;;;;false;2024-08-24T10:00:00Z;2024-08-24T10:00:00Z;true;null
667e5461cb4b99a0554c661c;Parroquia San Rafael;6.164709792;6.16446102;6.164168261;6.164427096;6.164709792;;;;;;;;;;;;;;-75.58859755;-75.58891209;-75.58867736;-75.58838211;-75.58859755;;;;;;;;;;;;;;667e5461cb4b99a0554c661d;667e5461cb4b99a0554c661e;667e5461cb4b99a0554c661f;667e5461cb4b99a0554c6620;667e5461cb4b99a0554c6621;;;;;;;;;;;;;;667a50110cc99ae2fa6ed6de;6.165144282;6.165249212;6.165332788;6.1653917;6.165423617;6.165427274;6.165402527;6.165350356;6.165272826;6.165024054;6.164925786;6.164809635;6.16468007;6.164542076;6.164400963;6.164262162;6.164131012;6.16401256;6.163719801;6.163615793;6.163534374;6.163478874;6.163451562;6.163453555;6.163484771;6.163543933;6.163628623;6.163887458;6.163985367;6.164098689;6.16422347;6.164355357;6.164489747;6.164621951;6.164747355;6.164861585;6.165144282;;;;;;;;;;;;;;;;;;;;;;;;;-75.58802077;-75.58811871;-75.5882356;-75.58836683;-75.58850718;-75.58865112;-75.58879293;-75.58892701;-75.58904805;-75.58936259;-75.58946447;-75.5895451;-75.58960137;-75.58963112;-75.5896332;-75.58960754;-75.58955511;-75.58947794;-75.58924322;-75.5891409;-75.58901964;-75.58888438;-75.58874066;-75.58859434;-75.58845143;-75.58831775;-75.58819877;-75.58790351;-75.58781092;-75.58773825;-75.58768805;-75.58766207;-75.58766121;-75.58768551;-75.58773411;-75.58780533;-75.58802077;;;;;;;;;;;;;;;;;;;;;;;;;667ecf2f5002e5c1cb2c5cf2;667ecf2f5002e5c1cb2c5cf3;667ecf2f5002e5c1cb2c5cf4;667ecf2f5002e5c1cb2c5cf5;667ecf2f5002e5c1cb2c5cf6;667ecf2f5002e5c1cb2c5cf7;667ecf2f5002e5c1cb2c5cf8;667ecf2f5002e5c1cb2c5cf9;667ecf2f5002e5c1cb2c5cfa;667ecf2f5002e5c1cb2c5cfb;667ecf2f5002e5c1cb2c5cfc;667ecf2f5002e5c1cb2c5cfd;667ecf2f5002e5c1cb2c5cfe;667ecf2f5002e5c1cb2c5cff;667ecf2f5002e5c1cb2c5d00;667ecf2f5002e5c1cb2c5d01;667ecf2f5002e5c1cb2c5d02;667ecf2f5002e5c1cb2c5d03;667ecf2f5002e5c1cb2c5d04;667ecf2f5002e5c1cb2c5d05;667ecf2f5002e5c1cb2c5d06;667ecf2f5002e5c1cb2c5d07;667ecf2f5002e5c1cb2c5d08;667ecf2f5002e5c1cb2c5d09;667ecf2f5002e5c1cb2c5d0a;667ecf2f5002e5c1cb2c5d0b;667ecf2f5002e5c1cb2c5d0c;667ecf2f5002e5c1cb2c5d0d;667ecf2f5002e5c1cb2c5d0e;667ecf2f5002e5c1cb2c5d0f;667ecf2f5002e5c1cb2c5d10;667ecf2f5002e5c1cb2c5d11;667ecf2f5002e5c1cb2c5d12;667ecf2f5002e5c1cb2c5d13;667ecf2f5002e5c1cb2c5d14;667ecf2f5002e5c1cb2c5d15;667ecf2f5002e5c1cb2c5d16;;;;;;;;;;;;;;;;;;;;;;;;;false;2024-08-24T10:00:00Z;2024-08-24T10:00:00Z;true;null
667e546bcb4b99a0554c6628;Salon Reino Testigos de Jehova;6.164621863;6.164709575;6.164645279;6.164556477;6.164621863;;;;;;;;;;;;;;-75.58812654;-75.58820737;-75.58828599;-75.58820351;-75.58812654;;;;;;;;;;;;;;667e546bcb4b99a0554c6629;667e546bcb4b99a0554c662a;667e546bcb4b99a0554c662b;667e546bcb4b99a0554c662c;667e546bcb4b99a0554c662d;;;;;;;;;;;;;;667a50110cc99ae2fa6ed6de;6.164074881;6.164179019;6.164300931;6.164435724;6.164577988;6.164722013;6.164862018;6.164992384;6.165107879;6.165195591;6.165286894;6.165357487;6.165404839;6.16542725;6.165423917;6.165394959;6.165341416;6.165265207;6.165200911;6.165097074;6.16497459;6.164838515;6.164694465;6.164548385;6.164406304;6.164274085;6.164157187;6.164068385;6.163976691;6.1639062;6.163859492;6.163838275;6.163843324;6.163874455;6.163930529;6.164009495;6.164074881;;;;;;;;;;;;;;;;;;;;;;;;;-75.58765646;-75.58755623;-75.58747888;-75.58742754;-75.58740424;-75.58740994;-75.5874444;-75.58750624;-75.58759298;-75.58767381;-75.58777555;-75.58789278;-75.58802129;-75.58815648;-75.5882935;-75.58842742;-75.58855345;-75.58866707;-75.58874569;-75.58884915;-75.58892937;-75.58898304;-75.58900793;-75.58900304;-75.58896854;-75.58890588;-75.58881763;-75.58873515;-75.58863197;-75.58851313;-75.58838296;-75.58824622;-75.58810793;-75.58797313;-75.58784675;-75.58773343;-75.58765646;;;;;;;;;;;;;;;;;;;;;;;;;667ecf2f5002e5c1cb2c5d23;667ecf2f5002e5c1cb2c5d24;667ecf2f5002e5c1cb2c5d25;667ecf2f5002e5c1cb2c5d26;667ecf2f5002e5c1cb2c5d27;667ecf2f5002e5c1cb2c5d28;667ecf2f5002e5c1cb2c5d29;667ecf2f5002e5c1cb2c5d2a;667ecf2f5002e5c1cb2c5d2b;667ecf2f5002e5c1cb2c5d2c;667ecf2f5002e5c1cb2c5d2d;667ecf2f5002e5c1cb2c5d2e;667ecf2f5002e5c1cb2c5d2f;667ecf2f5002e5c1cb2c5d30;667ecf2f5002e5c1cb2c5d31;667ecf2f5002e5c1cb2c5d32;667ecf2f5002e5c1cb2c5d33;667ecf2f5002e5c1cb2c5d34;667ecf2f5002e5c1cb2c5d35;667ecf2f5002e5c1cb2c5d36;667ecf2f5002e5c1cb2c5d37;667ecf2f5002e5c1cb2c5d38;667ecf2f5002e5c1cb2c5d39;667ecf2f5002e5c1cb2c5d3a;667ecf2f5002e5c1cb2c5d3b;667ecf2f5002e5c1cb2c5d3c;667ecf2f5002e5c1cb2c5d3d;667ecf2f5002e5c1cb2c5d3e;667ecf2f5002e5c1cb2c5d3f;667ecf2f5002e5c1cb2c5d40;667ecf2f5002e5c1cb2c5d41;667ecf2f5002e5c1cb2c5d42;667ecf2f5002e5c1cb2c5d43;667ecf2f5002e5c1cb2c5d44;667ecf2f5002e5c1cb2c5d45;667ecf2f5002e5c1cb2c5d46;667ecf2f5002e5c1cb2c5d47;;;;;;;;;;;;;;;;;;;;;;;;;false;2024-08-24T10:00:00Z;2024-08-24T10:00:00Z;true;null
667e5475cb4b99a0554c6634;Parque Recretaivo Envigado INDER;6.168265334;6.168383097;6.168755273;6.168310824;6.168137876;6.16805212;6.167336977;6.167394649;6.16721806;6.167921935;6.168265334;;;;;;;;-75.58915971;-75.58912238;-75.58963985;-75.58986284;-75.58993663;-75.58963735;-75.58917427;-75.58907127;-75.58892724;-75.58851281;-75.58915971;;;;;;;;667e5475cb4b99a0554c6635;667e5475cb4b99a0554c6636;667e5475cb4b99a0554c6637;667e5475cb4b99a0554c6638;667e5475cb4b99a0554c6639;667e5475cb4b99a0554c663a;667e5475cb4b99a0554c663b;667e5475cb4b99a0554c663c;667e5475cb4b99a0554c663d;667e5475cb4b99a0554c663e;667e5475cb4b99a0554c663f;;;;;;;;667a4aaf0cc99ae2fa6ed6c3;6.167285231;6.166850165;6.166716791;6.166605496;6.166520243;6.166479376;6.166430268;6.166361677;6.166324908;6.166321327;6.166351068;6.166413024;6.166504895;6.166623265;6.166763737;6.167467612;6.167631921;6.167807936;6.167988552;6.168166479;6.168334536;6.168485939;6.168614576;6.168715256;6.168859235;6.168986986;6.16911175;6.169483927;6.169571388;6.169628636;6.169653552;6.169645212;6.169603926;6.169531223;6.169429793;6.169303391;6.169156698;6.168712248;6.168662002;6.168489054;6.168328195;6.168160634;6.167992272;6.167829037;6.167676678;6.167540558;6.167425473;6.167335474;6.167285231;;;;;;;;;;;;;-75.59021656;-75.58993484;-75.58982932;-75.58970049;-75.58955292;-75.58943576;-75.58936354;-75.5892034;-75.589033;-75.58885867;-75.58868689;-75.58852404;-75.58837617;-75.58824878;-75.5881466;-75.58773217;-75.58765658;-75.58761555;-75.58761074;-75.58764234;-75.58770907;-75.58780825;-75.58793586;-75.58808677;-75.58835799;-75.58845209;-75.5885922;-75.58910968;-75.58925985;-75.5894241;-75.58959633;-75.58977017;-75.58993919;-75.59009712;-75.59023813;-75.59035699;-75.5904493;-75.59067229;-75.59069558;-75.59076937;-75.5908207;-75.5908409;-75.59082925;-75.59078617;-75.59071318;-75.59061284;-75.5904887;-75.59034511;-75.59021656;;;;;;;;;;;;;667ecf2f5002e5c1cb2c5d5f;667ecf2f5002e5c1cb2c5d60;667ecf2f5002e5c1cb2c5d61;667ecf2f5002e5c1cb2c5d62;667ecf2f5002e5c1cb2c5d63;667ecf2f5002e5c1cb2c5d64;667ecf2f5002e5c1cb2c5d65;667ecf2f5002e5c1cb2c5d66;667ecf2f5002e5c1cb2c5d67;667ecf2f5002e5c1cb2c5d68;667ecf2f5002e5c1cb2c5d69;667ecf2f5002e5c1cb2c5d6a;667ecf2f5002e5c1cb2c5d6b;667ecf2f5002e5c1cb2c5d6c;667ecf2f5002e5c1cb2c5d6d;667ecf2f5002e5c1cb2c5d6e;667ecf2f5002e5c1cb2c5d6f;667ecf2f5002e5c1cb2c5d70;667ecf2f5002e5c1cb2c5d71;667ecf2f5002e5c1cb2c5d72;667ecf2f5002e5c1cb2c5d73;667ecf2f5002e5c1cb2c5d74;667ecf2f5002e5c1cb2c5d75;667ecf2f5002e5c1cb2c5d76;667ecf2f5002e5c1cb2c5d77;667ecf2f5002e5c1cb2c5d78;667ecf2f5002e5c1cb2c5d79;667ecf2f5002e5c1cb2c5d7a;667ecf2f5002e5c1cb2c5d7b;667ecf2f5002e5c1cb2c5d7c;667ecf2f5002e5c1cb2c5d7d;667ecf2f5002e5c1cb2c5d7e;667ecf2f5002e5c1cb2c5d7f;667ecf2f5002e5c1cb2c5d80;667ecf2f5002e5c1cb2c5d81;667ecf2f5002e5c1cb2c5d82;667ecf2f5002e5c1cb2c5d83;667ecf2f5002e5c1cb2c5d84;667ecf2f5002e5c1cb2c5d85;667ecf2f5002e5c1cb2c5d86;667ecf2f5002e5c1cb2c5d87;667ecf2f5002e5c1cb2c5d88;667ecf2f5002e5c1cb2c5d89;667ecf2f5002e5c1cb2c5d8a;667ecf2f5002e5c1cb2c5d8b;667ecf2f5002e5c1cb2c5d8c;667ecf2f5002e5c1cb2c5d8d;667ecf2f5002e5c1cb2c5d8e;667ecf2f5002e5c1cb2c5d8f;;;;;;;;;;;;;false;2024-08-24T10:00:00Z;2024-08-24T10:00:00Z;true;null
667e5482cb4b99a0554c664c;Cementerio Central de Envigado;6.16756053;6.16776041;6.167964604;6.168164879;6.168251652;6.167484343;6.16743997;6.166992504;6.167339842;6.16756053;;;;;;;;;-75.59166558;-75.59188829;-75.5919105;-75.59203814;-75.59261351;-75.59291324;-75.59241349;-75.59218742;-75.59156823;-75.59166558;;;;;;;;;667e5482cb4b99a0554c664d;667e5482cb4b99a0554c664e;667e5482cb4b99a0554c664f;667e5482cb4b99a0554c6650;667e5482cb4b99a0554c6651;667e5482cb4b99a0554c6652;667e5482cb4b99a0554c6653;667e5482cb4b99a0554c6654;667e5482cb4b99a0554c6655;667e5482cb4b99a0554c6656;;;;;;;;;667a50320cc99ae2fa6ed6e0;6.168119731;6.16820199;6.168349674;6.168549949;6.168670163;6.168767354;6.168837091;6.168876198;6.168962971;6.16897046;6.168951261;6.168906087;6.168836616;6.168745425;6.168635902;6.168512113;6.167744804;6.167602262;6.167454743;6.167308474;6.167169627;6.167044062;6.166937077;6.166853189;6.166795938;6.166767739;6.166759005;6.166669569;6.166546937;6.166442491;6.166360495;6.166304295;6.166276185;6.166277313;6.166307631;6.166365904;6.166713242;6.166800735;6.166911929;6.167041935;6.167185038;6.167334947;6.167485071;6.167628811;6.167849498;6.167981423;6.168094576;6.168119731;;;;;;;;;;;;;;-75.59120871;-75.59122738;-75.59129923;-75.59142687;-75.591523;-75.59164261;-75.59178023;-75.59192961;-75.59250498;-75.59264422;-75.59278231;-75.59291413;-75.5930348;-75.59313982;-75.5932253;-75.59328807;-75.5935878;-75.5936271;-75.59363628;-75.59361494;-75.59356398;-75.59348556;-75.59338299;-75.5932606;-75.59312354;-75.59297761;-75.59287926;-75.59283407;-75.59275559;-75.59265391;-75.5925332;-75.59239837;-75.59225493;-75.59210874;-75.59196576;-75.59183182;-75.59121263;-75.59108903;-75.59098649;-75.59090953;-75.59086153;-75.5908446;-75.59085948;-75.59090552;-75.59100287;-75.59107869;-75.59118068;-75.59120871;;;;;;;;;;;;;;667ecf2f5002e5c1cb2c5da6;667ecf2f5002e5c1cb2c5da7;667ecf2f5002e5c1cb2c5da8;667ecf2f5002e5c1cb2c5da9;667ecf2f5002e5c1cb2c5daa;667ecf2f5002e5c1cb2c5dab;667ecf2f5002e5c1cb2c5dac;667ecf2f5002e5c1cb2c5dad;667ecf2f5002e5c1cb2c5dae;667ecf2f5002e5c1cb2c5daf;667ecf2f5002e5c1cb2c5db0;667ecf2f5002e5c1cb2c5db1;667ecf2f5002e5c1cb2c5db2;667ecf2f5002e5c1cb2c5db3;667ecf2f5002e5c1cb2c5db4;667ecf2f5002e5c1cb2c5db5;667ecf2f5002e5c1cb2c5db6;667ecf2f5002e5c1cb2c5db7;667ecf2f5002e5c1cb2c5db8;667ecf2f5002e5c1cb2c5db9;667ecf2f5002e5c1cb2c5dba;667ecf2f5002e5c1cb2c5dbb;667ecf2f5002e5c1cb2c5dbc;667ecf2f5002e5c1cb2c5dbd;667ecf2f5002e5c1cb2c5dbe;667ecf2f5002e5c1cb2c5dbf;667ecf2f5002e5c1cb2c5dc0;667ecf2f5002e5c1cb2c5dc1;667ecf2f5002e5c1cb2c5dc2;667ecf2f5002e5c1cb2c5dc3;667ecf2f5002e5c1cb2c5dc4;667ecf2f5002e5c1cb2c5dc5;667ecf2f5002e5c1cb2c5dc6;667ecf2f5002e5c1cb2c5dc7;667ecf2f5002e5c1cb2c5dc8;667ecf2f5002e5c1cb2c5dc9;667ecf2f5002e5c1cb2c5dca;667ecf2f5002e5c1cb2c5dcb;667ecf2f5002e5c1cb2c5dcc;667ecf2f5002e5c1cb2c5dcd;667ecf2f5002e5c1cb2c5dce;667ecf2f5002e5c1cb2c5dcf;667ecf2f5002e5c1cb2c5dd0;667ecf2f5002e5c1cb2c5dd1;667ecf2f5002e5c1cb2c5dd2;667ecf2f5002e5c1cb2c5dd3;667ecf2f5002e5c1cb2c5dd4;667ecf2f5002e5c1cb2c5dd5;;;;;;;;;;;;;;false;2024-08-24T10:00:00Z;2024-08-24T10:00:00Z;true;null
667e548ecb4b99a0554c6662;Centro de Traslado por proteccion e inspeccion Espacio publico;6.167590654;6.16756461;6.167334877;6.167377208;6.167590654;;;;;;;;;;;;;;-75.59158595;-75.591664;-75.59156502;-75.59147103;-75.59158595;;;;;;;;;;;;;;667e548ecb4b99a0554c6663;667e548ecb4b99a0554c6664;667e548ecb4b99a0554c6665;667e548ecb4b99a0554c6666;667e548ecb4b99a0554c6667;;;;;;;;;;;;;;667a50320cc99ae2fa6ed6e0;6.167930186;6.16804968;6.168150793;6.168229475;6.168282578;6.168307973;6.168304645;6.168272725;6.168246681;6.168185269;6.168097494;6.167987084;6.167858729;6.16771788;6.167570521;6.167422911;6.167281319;6.167051586;6.166926482;6.166817486;6.166728896;6.166664207;6.166625969;6.166615692;6.16663378;6.16667952;6.166721851;6.166795842;6.16689409;6.167012495;6.167146117;6.16728938;6.167436308;6.167580771;6.16771674;6.167930186;;;;;;;;;;;;;;;;;;;;;;;;;;-75.59094795;-75.59102872;-75.59113181;-75.59125307;-75.59138767;-75.59153021;-75.59167498;-75.59181618;-75.59189424;-75.59202999;-75.59215019;-75.59224975;-75.59232442;-75.59237104;-75.59238762;-75.59237347;-75.59232919;-75.59223021;-75.59216078;-75.59206786;-75.5919551;-75.59182696;-75.59168849;-75.59154515;-75.59140259;-75.59126644;-75.59117244;-75.59104473;-75.5909348;-75.59084725;-75.59078573;-75.59075279;-75.59074983;-75.59077695;-75.59083303;-75.59094795;;;;;;;;;;;;;;;;;;;;;;;;;;667ecf2f5002e5c1cb2c5de3;667ecf2f5002e5c1cb2c5de4;667ecf2f5002e5c1cb2c5de5;667ecf2f5002e5c1cb2c5de6;667ecf2f5002e5c1cb2c5de7;667ecf2f5002e5c1cb2c5de8;667ecf2f5002e5c1cb2c5de9;667ecf2f5002e5c1cb2c5dea;667ecf2f5002e5c1cb2c5deb;667ecf2f5002e5c1cb2c5dec;667ecf2f5002e5c1cb2c5ded;667ecf2f5002e5c1cb2c5dee;667ecf2f5002e5c1cb2c5def;667ecf2f5002e5c1cb2c5df0;667ecf2f5002e5c1cb2c5df1;667ecf2f5002e5c1cb2c5df2;667ecf2f5002e5c1cb2c5df3;667ecf2f5002e5c1cb2c5df4;667ecf2f5002e5c1cb2c5df5;667ecf2f5002e5c1cb2c5df6;667ecf2f5002e5c1cb2c5df7;667ecf2f5002e5c1cb2c5df8;667ecf2f5002e5c1cb2c5df9;667ecf2f5002e5c1cb2c5dfa;667ecf2f5002e5c1cb2c5dfb;667ecf2f5002e5c1cb2c5dfc;667ecf2f5002e5c1cb2c5dfd;667ecf2f5002e5c1cb2c5dfe;667ecf2f5002e5c1cb2c5dff;667ecf2f5002e5c1cb2c5e00;667ecf2f5002e5c1cb2c5e01;667ecf2f5002e5c1cb2c5e02;667ecf2f5002e5c1cb2c5e03;667ecf2f5002e5c1cb2c5e04;667ecf2f5002e5c1cb2c5e05;667ecf2f5002e5c1cb2c5e06;;;;;;;;;;;;;;;;;;;;;;;;;;false;2024-08-24T10:00:00Z;2024-08-24T10:00:00Z;true;null
667e549acb4b99a0554c666e;Refugio Bernarda Uribe de Restrepo;6.169908125;6.168962172;6.168727496;6.168573382;6.16915798;6.169116271;6.169346228;6.169908125;;;;;;;;;;;-75.5928624;-75.59383456;-75.59327258;-75.59262928;-75.59246738;-75.59230566;-75.5922596;-75.5928624;;;;;;;;;;;667e549acb4b99a0554c666f;667e549acb4b99a0554c6670;667e549acb4b99a0554c6671;667e549acb4b99a0554c6672;667e549acb4b99a0554c6673;667e549acb4b99a0554c6674;667e549acb4b99a0554c6675;667e549acb4b99a0554c6676;;;;;;;;;;;667a50320cc99ae2fa6ed6e0;6.170432974;6.17051684;6.170578572;6.170615925;6.17062754;6.170612996;6.17057282;6.170508475;6.1704223;6.169476346;6.169367945;6.169243859;6.169108884;6.168968237;6.168827356;6.168691687;6.168566473;6.168456556;6.168366184;6.16829885;6.168064175;6.168028059;6.167873946;6.167854627;6.167861811;6.167895233;6.16795366;6.168034938;6.168136071;6.168253329;6.168382388;6.168530451;6.16859663;6.168707918;6.168836059;6.168975766;6.169205723;6.169350743;6.169495577;6.169634288;6.169761189;6.169871077;6.170432974;;;;;;;;;;;;;;;;;;;-75.59236744;-75.59247665;-75.59259988;-75.59273266;-75.59287016;-75.59300737;-75.59313932;-75.59326119;-75.59336856;-75.59434072;-75.59443212;-75.59450043;-75.594543;-75.59455818;-75.59454538;-75.59450511;-75.59443892;-75.59434937;-75.59423991;-75.59411479;-75.59355281;-75.5934421;-75.5927988;-75.59266121;-75.59252244;-75.59238761;-75.5922617;-75.59214933;-75.59205466;-75.59198118;-75.5919316;-75.5918906;-75.59180518;-75.59170987;-75.59163915;-75.59159595;-75.59154989;-75.59153597;-75.59155172;-75.59159649;-75.59166845;-75.59176465;-75.59236744;;;;;;;;;;;;;;;;;;;667ecf2f5002e5c1cb2c5e1a;667ecf2f5002e5c1cb2c5e1b;667ecf2f5002e5c1cb2c5e1c;667ecf2f5002e5c1cb2c5e1d;667ecf2f5002e5c1cb2c5e1e;667ecf2f5002e5c1cb2c5e1f;667ecf2f5002e5c1cb2c5e20;667ecf2f5002e5c1cb2c5e21;667ecf2f5002e5c1cb2c5e22;667ecf2f5002e5c1cb2c5e23;667ecf2f5002e5c1cb2c5e24;667ecf2f5002e5c1cb2c5e25;667ecf2f5002e5c1cb2c5e26;667ecf2f5002e5c1cb2c5e27;667ecf2f5002e5c1cb2c5e28;667ecf2f5002e5c1cb2c5e29;667ecf2f5002e5c1cb2c5e2a;667ecf2f5002e5c1cb2c5e2b;667ecf2f5002e5c1cb2c5e2c;667ecf2f5002e5c1cb2c5e2d;667ecf2f5002e5c1cb2c5e2e;667ecf2f5002e5c1cb2c5e2f;667ecf2f5002e5c1cb2c5e30;667ecf2f5002e5c1cb2c5e31;667ecf2f5002e5c1cb2c5e32;667ecf2f5002e5c1cb2c5e33;667ecf2f5002e5c1cb2c5e34;667ecf2f5002e5c1cb2c5e35;667ecf2f5002e5c1cb2c5e36;667ecf2f5002e5c1cb2c5e37;667ecf2f5002e5c1cb2c5e38;667ecf2f5002e5c1cb2c5e39;667ecf2f5002e5c1cb2c5e3a;667ecf2f5002e5c1cb2c5e3b;667ecf2f5002e5c1cb2c5e3c;667ecf2f5002e5c1cb2c5e3d;667ecf2f5002e5c1cb2c5e3e;667ecf2f5002e5c1cb2c5e3f;667ecf2f5002e5c1cb2c5e40;667ecf2f5002e5c1cb2c5e41;667ecf2f5002e5c1cb2c5e42;667ecf2f5002e5c1cb2c5e43;667ecf2f5002e5c1cb2c5e44;;;;;;;;;;;;;;;;;;;false;2024-08-24T10:00:00Z;2024-08-24T10:00:00Z;true;null
667e54a3cb4b99a0554c6680;Casa de la cultura Miguel Uribe Restrepo;6.173417193;6.173065669;6.17282482;6.173170274;6.173417193;;;;;;;;;;;;;;-75.58895272;-75.58917084;-75.58879848;-75.58857074;-75.58895272;;;;;;;;;;;;;;667e54a3cb4b99a0554c6681;667e54a3cb4b99a0554c6682;667e54a3cb4b99a0554c6683;667e54a3cb4b99a0554c6684;667e54a3cb4b99a0554c6685;;;;;;;;;;;;;;667a50320cc99ae2fa6ed6e0;6.174020363;6.174086073;6.174125298;6.174136484;6.174119188;6.174074095;6.174002991;6.17390869;6.173794928;6.173443404;6.173318714;6.173184594;6.173046043;6.172908222;6.17277627;6.172655101;6.172549233;6.17246261;6.172221762;6.172156919;6.172117633;6.172105407;6.172120709;6.172162954;6.172230525;6.172320836;6.172430432;6.172775886;6.172901161;6.173036826;6.173177643;6.173318176;6.173452999;6.173576906;6.173685113;6.173773443;6.174020363;;;;;;;;;;;;;;;;;;;;;;;;;-75.58855825;-75.58868619;-75.58882468;-75.58896824;-75.58911118;-75.58924785;-75.58937284;-75.58948119;-75.58956861;-75.58978673;-75.58984825;-75.58988453;-75.58989422;-75.58987695;-75.58983336;-75.58976509;-75.58967467;-75.58956547;-75.58919312;-75.58906748;-75.58893155;-75.58879053;-75.58864982;-75.58851479;-75.58839062;-75.58828205;-75.58819325;-75.58796551;-75.58789962;-75.58785965;-75.58784713;-75.58786255;-75.58790531;-75.58797376;-75.58806526;-75.58817628;-75.58855825;;;;;;;;;;;;;;;;;;;;;;;;;667ecf2f5002e5c1cb2c5e50;667ecf2f5002e5c1cb2c5e51;667ecf2f5002e5c1cb2c5e52;667ecf2f5002e5c1cb2c5e53;667ecf2f5002e5c1cb2c5e54;667ecf2f5002e5c1cb2c5e55;667ecf2f5002e5c1cb2c5e56;667ecf2f5002e5c1cb2c5e57;667ecf2f5002e5c1cb2c5e58;667ecf2f5002e5c1cb2c5e59;667ecf2f5002e5c1cb2c5e5a;667ecf2f5002e5c1cb2c5e5b;667ecf2f5002e5c1cb2c5e5c;667ecf2f5002e5c1cb2c5e5d;667ecf2f5002e5c1cb2c5e5e;667ecf2f5002e5c1cb2c5e5f;667ecf2f5002e5c1cb2c5e60;667ecf2f5002e5c1cb2c5e61;667ecf2f5002e5c1cb2c5e62;667ecf2f5002e5c1cb2c5e63;667ecf2f5002e5c1cb2c5e64;667ecf2f5002e5c1cb2c5e65;667ecf2f5002e5c1cb2c5e66;667ecf2f5002e5c1cb2c5e67;667ecf2f5002e5c1cb2c5e68;667ecf2f5002e5c1cb2c5e69;667ecf2f5002e5c1cb2c5e6a;667ecf2f5002e5c1cb2c5e6b;667ecf2f5002e5c1cb2c5e6c;667ecf2f5002e5c1cb2c5e6d;667ecf2f5002e5c1cb2c5e6e;667ecf2f5002e5c1cb2c5e6f;667ecf2f5002e5c1cb2c5e70;667ecf2f5002e5c1cb2c5e71;667ecf2f5002e5c1cb2c5e72;667ecf2f5002e5c1cb2c5e73;667ecf2f5002e5c1cb2c5e74;;;;;;;;;;;;;;;;;;;;;;;;;false;2024-08-24T10:00:00Z;2024-08-24T10:00:00Z;true;null
667e54b6cb4b99a0554c668c;Universidad Cooperativa de Colombia Facultad de Odontologia;6.17291778;6.172728567;6.172609806;6.172437089;6.172327108;6.172498015;6.172689559;6.17291778;;;;;;;;;;;-75.59167294;-75.59182206;-75.59161209;-75.59171596;-75.59155092;-75.59140673;-75.5912829;-75.59167294;;;;;;;;;;;667e54b6cb4b99a0554c668d;667e54b6cb4b99a0554c668e;667e54b6cb4b99a0554c668f;667e54b6cb4b99a0554c6690;667e54b6cb4b99a0554c6691;667e54b6cb4b99a0554c6692;667e54b6cb4b99a0554c6693;667e54b6cb4b99a0554c6694;;;;;;;;;;;667a4a900cc99ae2fa6ed6c1;6.172281709;6.172240202;6.172078108;6.17192892;6.171798002;6.171690059;6.17158008;6.171492428;6.171441121;6.171428392;6.171454795;6.171519182;6.171618748;6.171749158;6.171920064;6.172011759;6.172203303;6.172364353;6.172538532;6.172718808;6.172897903;6.173068587;6.17322397;6.173357778;6.17346461;6.173692832;6.173769588;6.173810518;6.173813901;6.173779594;6.17370904;6.173605207;6.173472462;6.173283247;6.173138845;6.172979535;6.172811105;6.172639676;6.172471477;6.17231262;6.172281709;;;;;;;;;;;;;;;;;;;;;-75.59260386;-75.59259858;-75.59254533;-75.59246227;-75.59235237;-75.5922196;-75.59205457;-75.59188767;-75.5917061;-75.59151778;-75.59133091;-75.59115361;-75.59099361;-75.59085788;-75.59071369;-75.59064579;-75.59052196;-75.59043955;-75.59039118;-75.59037881;-75.59040294;-75.5904626;-75.59055537;-75.59067751;-75.59082409;-75.59121413;-75.59138281;-75.59156369;-75.59174917;-75.59193144;-75.59210284;-75.59225616;-75.59238495;-75.59253408;-75.59262701;-75.59269069;-75.59272281;-75.5927222;-75.59268888;-75.59262406;-75.59260386;;;;;;;;;;;;;;;;;;;;;667ecf2f5002e5c1cb2c5e87;667ecf2f5002e5c1cb2c5e88;667ecf2f5002e5c1cb2c5e89;667ecf2f5002e5c1cb2c5e8a;667ecf2f5002e5c1cb2c5e8b;667ecf2f5002e5c1cb2c5e8c;667ecf2f5002e5c1cb2c5e8d;667ecf2f5002e5c1cb2c5e8e;667ecf2f5002e5c1cb2c5e8f;667ecf2f5002e5c1cb2c5e90;667ecf2f5002e5c1cb2c5e91;667ecf2f5002e5c1cb2c5e92;667ecf2f5002e5c1cb2c5e93;667ecf2f5002e5c1cb2c5e94;667ecf2f5002e5c1cb2c5e95;667ecf2f5002e5c1cb2c5e96;667ecf2f5002e5c1cb2c5e97;667ecf2f5002e5c1cb2c5e98;667ecf2f5002e5c1cb2c5e99;667ecf2f5002e5c1cb2c5e9a;667ecf2f5002e5c1cb2c5e9b;667ecf2f5002e5c1cb2c5e9c;667ecf2f5002e5c1cb2c5e9d;667ecf2f5002e5c1cb2c5e9e;667ecf2f5002e5c1cb2c5e9f;667ecf2f5002e5c1cb2c5ea0;667ecf2f5002e5c1cb2c5ea1;667ecf2f5002e5c1cb2c5ea2;667ecf2f5002e5c1cb2c5ea3;667ecf2f5002e5c1cb2c5ea4;667ecf2f5002e5c1cb2c5ea5;667ecf2f5002e5c1cb2c5ea6;667ecf2f5002e5c1cb2c5ea7;667ecf2f5002e5c1cb2c5ea8;667ecf2f5002e5c1cb2c5ea9;667ecf2f5002e5c1cb2c5eaa;667ecf2f5002e5c1cb2c5eab;667ecf2f5002e5c1cb2c5eac;667ecf2f5002e5c1cb2c5ead;667ecf2f5002e5c1cb2c5eae;667ecf2f5002e5c1cb2c5eaf;;;;;;;;;;;;;;;;;;;;;false;2024-08-24T10:00:00Z;2024-08-24T10:00:00Z;true;null
667e54c2cb4b99a0554c669e;Parroquia La Santa Cruz de alcala;6.170505721;6.170327299;6.170068237;6.170231636;6.170505721;;;;;;;;;;;;;;-75.59356154;-75.5937375;-75.59348949;-75.59332567;-75.59356154;;;;;;;;;;;;;;667e54c2cb4b99a0554c669f;667e54c2cb4b99a0554c66a0;667e54c2cb4b99a0554c66a1;667e54c2cb4b99a0554c66a2;667e54c2cb4b99a0554c66a3;;;;;;;;;;;;;;667a50110cc99ae2fa6ed6de;6.170973446;6.171075943;6.171154026;6.171204351;6.171224764;6.17121439;6.171173673;6.171104357;6.17100941;6.170830988;6.170723683;6.170601807;6.170469839;6.17033263;6.170195226;6.170062677;6.169939857;6.169831279;6.169572218;6.16947872;6.16940864;6.169364762;6.169348829;6.169361474;6.169402195;6.169469373;6.169560342;6.16972374;6.169826993;6.169944271;6.170071507;6.170204293;6.170338027;6.170468074;6.170589926;6.170699361;6.170973446;;;;;;;;;;;;;;;;;;;;;;;;;-75.59301169;-75.59312028;-75.59324777;-75.59338869;-75.59353701;-75.59368639;-75.59383042;-75.59396293;-75.59407826;-75.59425422;-75.59434141;-75.5944064;-75.5944468;-75.59446113;-75.59444885;-75.59441042;-75.59434725;-75.59426167;-75.59401366;-75.5939043;-75.59377847;-75.59364116;-75.59349782;-75.59335416;-75.59321586;-75.59308844;-75.59297695;-75.59281314;-75.59272733;-75.59266226;-75.59262018;-75.59260255;-75.59260998;-75.59264222;-75.59269814;-75.59277582;-75.59301169;;;;;;;;;;;;;;;;;;;;;;;;;667ecf2f5002e5c1cb2c5ebb;667ecf2f5002e5c1cb2c5ebc;667ecf2f5002e5c1cb2c5ebd;667ecf2f5002e5c1cb2c5ebe;667ecf2f5002e5c1cb2c5ebf;667ecf2f5002e5c1cb2c5ec0;667ecf2f5002e5c1cb2c5ec1;667ecf2f5002e5c1cb2c5ec2;667ecf2f5002e5c1cb2c5ec3;667ecf2f5002e5c1cb2c5ec4;667ecf2f5002e5c1cb2c5ec5;667ecf2f5002e5c1cb2c5ec6;667ecf2f5002e5c1cb2c5ec7;667ecf2f5002e5c1cb2c5ec8;667ecf2f5002e5c1cb2c5ec9;667ecf2f5002e5c1cb2c5eca;667ecf2f5002e5c1cb2c5ecb;667ecf2f5002e5c1cb2c5ecc;667ecf2f5002e5c1cb2c5ecd;667ecf2f5002e5c1cb2c5ece;667ecf2f5002e5c1cb2c5ecf;667ecf2f5002e5c1cb2c5ed0;667ecf2f5002e5c1cb2c5ed1;667ecf2f5002e5c1cb2c5ed2;667ecf2f5002e5c1cb2c5ed3;667ecf2f5002e5c1cb2c5ed4;667ecf2f5002e5c1cb2c5ed5;667ecf2f5002e5c1cb2c5ed6;667ecf2f5002e5c1cb2c5ed7;667ecf2f5002e5c1cb2c5ed8;667ecf2f5002e5c1cb2c5ed9;667ecf2f5002e5c1cb2c5eda;667ecf2f5002e5c1cb2c5edb;667ecf2f5002e5c1cb2c5edc;667ecf2f5002e5c1cb2c5edd;667ecf2f5002e5c1cb2c5ede;667ecf2f5002e5c1cb2c5edf;;;;;;;;;;;;;;;;;;;;;;;;;false;2024-08-24T10:00:00Z;2024-08-24T10:00:00Z;true;null
667e54cecb4b99a0554c66aa;Parroquia nuestra señora de la Lomas;6.166707901;6.166476004;6.166453259;6.166936867;6.166707901;;;;;;;;;;;;;;-75.57718969;-75.5770739;-75.57687467;-75.57680785;-75.57718969;;;;;;;;;;;;;;667e54cecb4b99a0554c66ab;667e54cecb4b99a0554c66ac;667e54cecb4b99a0554c66ad;667e54cecb4b99a0554c66ae;667e54cecb4b99a0554c66af;;;;;;;;;;;;;;667a50110cc99ae2fa6ed6de;6.167323978;6.167244586;6.167146658;6.167033577;6.166909248;6.166777966;6.166644264;6.166512759;6.166387994;6.166156098;6.166034939;6.165931213;6.165849019;6.165791607;6.165761245;6.165738499;6.16573606;6.165760412;6.165810645;6.165884883;6.165980353;6.166093488;6.166220062;6.166355347;6.166838955;6.166985776;6.167130557;6.167267263;6.167390193;6.167494222;6.167575012;6.167629196;6.167654514;6.16764991;6.167615577;6.167552945;6.167323978;;;;;;;;;;;;;;;;;;;;;;;;;-75.57756342;-75.57767163;-75.57776319;-75.57783495;-75.57788442;-75.57790989;-75.5779105;-75.57788621;-75.57783786;-75.57772207;-75.57764561;-75.57754655;-75.57742881;-75.57729704;-75.57715645;-75.57695722;-75.57681738;-75.57667968;-75.57654926;-75.576431;-75.57632931;-75.576248;-75.57619009;-75.57615776;-75.57609094;-75.57608588;-75.57611092;-75.57616502;-75.57624592;-75.57635026;-75.57647367;-75.57661101;-75.57675656;-75.57690425;-75.57704792;-75.57718158;-75.57756342;;;;;;;;;;;;;;;;;;;;;;;;;667ecf2f5002e5c1cb2c5eec;667ecf2f5002e5c1cb2c5eed;667ecf2f5002e5c1cb2c5eee;667ecf2f5002e5c1cb2c5eef;667ecf2f5002e5c1cb2c5ef0;667ecf2f5002e5c1cb2c5ef1;667ecf2f5002e5c1cb2c5ef2;667ecf2f5002e5c1cb2c5ef3;667ecf2f5002e5c1cb2c5ef4;667ecf2f5002e5c1cb2c5ef5;667ecf2f5002e5c1cb2c5ef6;667ecf2f5002e5c1cb2c5ef7;667ecf2f5002e5c1cb2c5ef8;667ecf2f5002e5c1cb2c5ef9;667ecf2f5002e5c1cb2c5efa;667ecf2f5002e5c1cb2c5efb;667ecf2f5002e5c1cb2c5efc;667ecf2f5002e5c1cb2c5efd;667ecf2f5002e5c1cb2c5efe;667ecf2f5002e5c1cb2c5eff;667ecf2f5002e5c1cb2c5f00;667ecf2f5002e5c1cb2c5f01;667ecf2f5002e5c1cb2c5f02;667ecf2f5002e5c1cb2c5f03;667ecf2f5002e5c1cb2c5f04;667ecf2f5002e5c1cb2c5f05;667ecf2f5002e5c1cb2c5f06;667ecf2f5002e5c1cb2c5f07;667ecf2f5002e5c1cb2c5f08;667ecf2f5002e5c1cb2c5f09;667ecf2f5002e5c1cb2c5f0a;667ecf2f5002e5c1cb2c5f0b;667ecf2f5002e5c1cb2c5f0c;667ecf2f5002e5c1cb2c5f0d;667ecf2f5002e5c1cb2c5f0e;667ecf2f5002e5c1cb2c5f0f;667ecf2f5002e5c1cb2c5f10;;;;;;;;;;;;;;;;;;;;;;;;;false;2024-08-24T10:00:00Z;2024-08-24T10:00:00Z;true;null
667e54dacb4b99a0554c66b6;Parque la Heliodora;6.160818101;6.161086414;6.161392083;6.161537124;6.161643541;6.162784278;6.161866586;6.160467148;6.15970819;6.160437164;6.160818101;;;;;;;;-75.58765396;-75.58778685;-75.58806721;-75.58839063;-75.588492;-75.58886985;-75.58943964;-75.58866358;-75.58790551;-75.58723331;-75.58765396;;;;;;;;667e54dacb4b99a0554c66b7;667e54dacb4b99a0554c66b8;667e54dacb4b99a0554c66b9;667e54dacb4b99a0554c66ba;667e54dacb4b99a0554c66bb;667e54dacb4b99a0554c66bc;667e54dacb4b99a0554c66bd;667e54dacb4b99a0554c66be;667e54dacb4b99a0554c66bf;667e54dacb4b99a0554c66c0;667e54dacb4b99a0554c66c1;;;;;;;;667a50320cc99ae2fa6ed6e0;6.162097629;6.163009323;6.163133828;6.163245858;6.163341413;6.163417085;6.163470171;6.163498777;6.163501883;6.163479377;6.163432063;6.163361629;6.16327059;6.163162193;6.162244501;6.162107639;6.161960047;6.161808293;6.161659135;6.161519212;6.160119776;6.159960189;6.159201232;6.159109036;6.159041254;6.15900065;6.158988877;6.159006415;6.15905255;6.159125401;6.159222;6.159950973;6.160064024;6.160191473;6.160328404;6.160469531;6.160609409;6.16074264;6.160864084;6.160969054;6.16125821;6.161404243;6.161571192;6.161876861;6.161974442;6.162047906;6.162097629;;;;;;;;;;;;;;;-75.58788054;-75.58818253;-75.58823737;-75.58831478;-75.588412;-75.58852556;-75.58865141;-75.58878506;-75.58892173;-75.58905655;-75.58918471;-75.58930163;-75.58940314;-75.58948562;-75.5900554;-75.59012145;-75.59015714;-75.5901609;-75.59013254;-75.59007334;-75.58929728;-75.58917704;-75.58841897;-75.5883061;-75.58817691;-75.58803666;-75.58789107;-75.58774606;-75.58760755;-75.58748119;-75.58737211;-75.58669991;-75.5866146;-75.58655317;-75.58651799;-75.5865104;-75.58653072;-75.58657814;-75.58665084;-75.58674602;-75.58706533;-75.58713765;-75.58725215;-75.58753252;-75.58764229;-75.58776967;-75.58788054;;;;;;;;;;;;;;;667ecf2f5002e5c1cb2c5f2a;667ecf2f5002e5c1cb2c5f2b;667ecf2f5002e5c1cb2c5f2c;667ecf2f5002e5c1cb2c5f2d;667ecf2f5002e5c1cb2c5f2e;667ecf2f5002e5c1cb2c5f2f;667ecf2f5002e5c1cb2c5f30;667ecf2f5002e5c1cb2c5f31;667ecf2f5002e5c1cb2c5f32;667ecf2f5002e5c1cb2c5f33;667ecf2f5002e5c1cb2c5f34;667ecf2f5002e5c1cb2c5f35;667ecf2f5002e5c1cb2c5f36;667ecf2f5002e5c1cb2c5f37;667ecf2f5002e5c1cb2c5f38;667ecf2f5002e5c1cb2c5f39;667ecf2f5002e5c1cb2c5f3a;667ecf2f5002e5c1cb2c5f3b;667ecf2f5002e5c1cb2c5f3c;667ecf2f5002e5c1cb2c5f3d;667ecf2f5002e5c1cb2c5f3e;667ecf2f5002e5c1cb2c5f3f;667ecf2f5002e5c1cb2c5f40;667ecf2f5002e5c1cb2c5f41;667ecf2f5002e5c1cb2c5f42;667ecf2f5002e5c1cb2c5f43;667ecf2f5002e5c1cb2c5f44;667ecf2f5002e5c1cb2c5f45;667ecf2f5002e5c1cb2c5f46;667ecf2f5002e5c1cb2c5f47;667ecf2f5002e5c1cb2c5f48;667ecf2f5002e5c1cb2c5f49;667ecf2f5002e5c1cb2c5f4a;667ecf2f5002e5c1cb2c5f4b;667ecf2f5002e5c1cb2c5f4c;667ecf2f5002e5c1cb2c5f4d;667ecf2f5002e5c1cb2c5f4e;667ecf2f5002e5c1cb2c5f4f;667ecf2f5002e5c1cb2c5f50;667ecf2f5002e5c1cb2c5f51;667ecf2f5002e5c1cb2c5f52;667ecf2f5002e5c1cb2c5f53;667ecf2f5002e5c1cb2c5f54;667ecf2f5002e5c1cb2c5f55;667ecf2f5002e5c1cb2c5f56;667ecf2f5002e5c1cb2c5f57;667ecf2f5002e5c1cb2c5f58;;;;;;;;;;;;;;;false;2024-08-24T10:00:00Z;2024-08-24T10:00:00Z;true;null
667e54e5cb4b99a0554c66ce;Genesis Centro Infantil;6.151496871;6.151617214;6.151326712;6.151331141;6.150722133;6.150403019;6.15086134;6.151279004;6.151348339;6.15142433;6.151683309;6.151496871;;;;;;;-75.56414598;-75.56449118;-75.56456131;-75.56477277;-75.5649963;-75.56431892;-75.56345631;-75.56342757;-75.56374621;-75.5639798;-75.56408545;-75.56414598;;;;;;;667e54e5cb4b99a0554c66cf;667e54e5cb4b99a0554c66d0;667e54e5cb4b99a0554c66d1;667e54e5cb4b99a0554c66d2;667e54e5cb4b99a0554c66d3;667e54e5cb4b99a0554c66d4;667e54e5cb4b99a0554c66d5;667e54e5cb4b99a0554c66d6;667e54e5cb4b99a0554c66d7;667e54e5cb4b99a0554c66d8;667e54e5cb4b99a0554c66d9;667e54e5cb4b99a0554c66da;;;;;;;667a4a900cc99ae2fa6ed6c1;6.152086677;6.152073428;6.151953237;6.151806488;6.151639446;6.151030438;6.150869972;6.150704472;6.150539574;6.150380891;6.150233826;6.150103386;6.149994012;6.149909427;6.149590314;6.14953297;6.14950585;6.149509897;6.14954497;6.14960985;6.15006817;6.150169533;6.150299124;6.150451654;6.150620901;6.150799959;6.151217622;6.151400108;6.151577601;6.151742786;6.151888854;6.152009783;6.15210059;6.152157531;6.152178605;6.15218289;6.152323815;6.152438263;6.152521503;6.152570095;6.152582029;6.152556813;6.152510682;6.152516002;6.152494809;6.152443398;6.152363537;6.152257977;6.152130353;6.152086677;;;;;;;;;;;;-75.56525883;-75.56528344;-75.56542597;-75.56554062;-75.56562248;-75.56584602;-75.56588852;-75.56590066;-75.565882;-75.56583318;-75.56575588;-75.56565271;-75.5655272;-75.56538361;-75.56470623;-75.56454781;-75.56438145;-75.56421291;-75.56404805;-75.5638926;-75.56302999;-75.56287837;-75.56275032;-75.56265109;-75.56258471;-75.56255389;-75.56252515;-75.56253128;-75.56257435;-75.5626526;-75.56276279;-75.56290038;-75.5630597;-75.56323419;-75.56333104;-75.56333332;-75.5634505;-75.56359392;-75.56375766;-75.56393496;-75.56411847;-75.56430062;-75.56443095;-75.5645223;-75.56468879;-75.56484848;-75.56499586;-75.56512586;-75.56523401;-75.56525883;;;;;;;;;;;;667ecf2f5002e5c1cb2c5f74;667ecf2f5002e5c1cb2c5f75;667ecf2f5002e5c1cb2c5f76;667ecf2f5002e5c1cb2c5f77;667ecf2f5002e5c1cb2c5f78;667ecf2f5002e5c1cb2c5f79;667ecf2f5002e5c1cb2c5f7a;667ecf2f5002e5c1cb2c5f7b;667ecf2f5002e5c1cb2c5f7c;667ecf2f5002e5c1cb2c5f7d;667ecf2f5002e5c1cb2c5f7e;667ecf2f5002e5c1cb2c5f7f;667ecf2f5002e5c1cb2c5f80;667ecf2f5002e5c1cb2c5f81;667ecf2f5002e5c1cb2c5f82;667ecf2f5002e5c1cb2c5f83;667ecf2f5002e5c1cb2c5f84;667ecf2f5002e5c1cb2c5f85;667ecf2f5002e5c1cb2c5f86;667ecf2f5002e5c1cb2c5f87;667ecf2f5002e5c1cb2c5f88;667ecf2f5002e5c1cb2c5f89;667ecf2f5002e5c1cb2c5f8a;667ecf2f5002e5c1cb2c5f8b;667ecf2f5002e5c1cb2c5f8c;667ecf2f5002e5c1cb2c5f8d;667ecf2f5002e5c1cb2c5f8e;667ecf2f5002e5c1cb2c5f8f;667ecf2f5002e5c1cb2c5f90;667ecf2f5002e5c1cb2c5f91;667ecf2f5002e5c1cb2c5f92;667ecf2f5002e5c1cb2c5f93;667ecf2f5002e5c1cb2c5f94;667ecf2f5002e5c1cb2c5f95;667ecf2f5002e5c1cb2c5f96;667ecf2f5002e5c1cb2c5f97;667ecf2f5002e5c1cb2c5f98;667ecf2f5002e5c1cb2c5f99;667ecf2f5002e5c1cb2c5f9a;667ecf2f5002e5c1cb2c5f9b;667ecf2f5002e5c1cb2c5f9c;667ecf2f5002e5c1cb2c5f9d;667ecf2f5002e5c1cb2c5f9e;667ecf2f5002e5c1cb2c5f9f;667ecf2f5002e5c1cb2c5fa0;667ecf2f5002e5c1cb2c5fa1;667ecf2f5002e5c1cb2c5fa2;667ecf2f5002e5c1cb2c5fa3;667ecf2f5002e5c1cb2c5fa4;667ecf2f5002e5c1cb2c5fa5;;;;;;;;;;;;false;2024-08-24T10:00:00Z;2024-08-24T10:00:00Z;true;null
667e54edcb4b99a0554c66e8;Colegio Francisco Palermo de San Jose;6.149244134;6.148426459;6.14830845;6.148230645;6.149045183;6.149244134;;;;;;;;;;;;;-75.56101106;-75.561189;-75.56068457;-75.56039935;-75.56020609;-75.56101106;;;;;;;;;;;;;667e54edcb4b99a0554c66e9;667e54edcb4b99a0554c66ea;667e54edcb4b99a0554c66eb;667e54edcb4b99a0554c66ec;667e54edcb4b99a0554c66ed;667e54edcb4b99a0554c66ee;;;;;;;;;;;;;667a4a900cc99ae2fa6ed6c1;6.150116894;6.150142605;6.150132436;6.150086794;6.1500075;6.149897721;6.149761842;6.149605288;6.149434312;6.148616637;6.148443527;6.148269776;6.14810191;6.147946232;6.14780859;6.147694152;6.147607216;6.147551047;6.147436816;6.147363374;6.147333337;6.14733938;6.147381263;6.147457299;6.147564432;6.147698354;6.14785368;6.148024164;6.148838703;6.149012086;6.149186722;6.149356;6.149513516;6.149653306;6.14977008;6.14985942;6.149917942;6.150116894;;;;;;;;;;;;;;;;;;;;;;;;-75.56079285;-75.56097175;-75.56115222;-75.56132705;-75.56148926;-75.56163237;-75.56175068;-75.56183944;-75.56189513;-75.56207306;-75.56209336;-75.56207968;-75.56203256;-75.56195376;-75.56184624;-75.56171403;-75.56156211;-75.56139617;-75.5609079;-75.56063867;-75.56045982;-75.56027855;-75.56010212;-75.55993765;-75.55979175;-75.55967028;-75.55957812;-75.55951899;-75.55932573;-75.55930218;-75.55931283;-75.5593573;-75.55943389;-75.55953971;-75.55967075;-75.55982204;-75.55998788;-75.56079285;;;;;;;;;;;;;;;;;;;;;;;;667ecf2f5002e5c1cb2c5fb3;667ecf2f5002e5c1cb2c5fb4;667ecf2f5002e5c1cb2c5fb5;667ecf2f5002e5c1cb2c5fb6;667ecf2f5002e5c1cb2c5fb7;667ecf2f5002e5c1cb2c5fb8;667ecf2f5002e5c1cb2c5fb9;667ecf2f5002e5c1cb2c5fba;667ecf2f5002e5c1cb2c5fbb;667ecf2f5002e5c1cb2c5fbc;667ecf2f5002e5c1cb2c5fbd;667ecf2f5002e5c1cb2c5fbe;667ecf2f5002e5c1cb2c5fbf;667ecf2f5002e5c1cb2c5fc0;667ecf2f5002e5c1cb2c5fc1;667ecf2f5002e5c1cb2c5fc2;667ecf2f5002e5c1cb2c5fc3;667ecf2f5002e5c1cb2c5fc4;667ecf2f5002e5c1cb2c5fc5;667ecf2f5002e5c1cb2c5fc6;667ecf2f5002e5c1cb2c5fc7;667ecf2f5002e5c1cb2c5fc8;667ecf2f5002e5c1cb2c5fc9;667ecf2f5002e5c1cb2c5fca;667ecf2f5002e5c1cb2c5fcb;667ecf2f5002e5c1cb2c5fcc;667ecf2f5002e5c1cb2c5fcd;667ecf2f5002e5c1cb2c5fce;667ecf2f5002e5c1cb2c5fcf;667ecf2f5002e5c1cb2c5fd0;667ecf2f5002e5c1cb2c5fd1;667ecf2f5002e5c1cb2c5fd2;667ecf2f5002e5c1cb2c5fd3;667ecf2f5002e5c1cb2c5fd4;667ecf2f5002e5c1cb2c5fd5;667ecf2f5002e5c1cb2c5fd6;667ecf2f5002e5c1cb2c5fd7;667ecf2f5002e5c1cb2c5fd8;;;;;;;;;;;;;;;;;;;;;;;;false;2024-08-24T10:00:00Z;2024-08-24T10:00:00Z;true;null
667e54f5cb4b99a0554c66f6;Clinica de Veterinaria y Zootecnia CES;6.144042699;6.1434081;6.143254466;6.143051634;6.143546158;6.143888484;6.143989383;6.143972608;6.144015937;6.144346798;6.144830737;6.145004537;6.145083678;6.144042699;;;;;-75.56198339;-75.5614637;-75.56140724;-75.56040468;-75.56016954;-75.56018556;-75.56037185;-75.56058951;-75.5610415;-75.56141352;-75.56139847;-75.56152147;-75.56199968;-75.56198339;;;;;667e54f5cb4b99a0554c66f7;667e54f5cb4b99a0554c66f8;667e54f5cb4b99a0554c66f9;667e54f5cb4b99a0554c66fa;667e54f5cb4b99a0554c66fb;667e54f5cb4b99a0554c66fc;667e54f5cb4b99a0554c66fd;667e54f5cb4b99a0554c66fe;667e54f5cb4b99a0554c66ff;667e54f5cb4b99a0554c6700;667e54f5cb4b99a0554c6701;667e54f5cb4b99a0554c6702;667e54f5cb4b99a0554c6703;667e54f5cb4b99a0554c6704;;;;;667a4a900cc99ae2fa6ed6c1;6.144028707;6.143830538;6.143642839;6.143474871;6.142957478;6.142945807;6.142781125;6.142636064;6.142516634;6.142427787;6.142373205;6.142170373;6.142152366;6.14216672;6.14221292;6.142289303;6.142393119;6.142520634;6.142667258;6.143161782;6.143369641;6.143587964;6.143930289;6.144112371;6.144285069;6.144441142;6.144574051;6.144678222;6.144779121;6.144846722;6.144882795;6.144886014;6.144881491;6.144995094;6.145179699;6.145348279;6.145522079;6.145656745;6.145765882;6.145845219;6.145891651;6.145970793;6.145982603;6.145960483;6.145905267;6.145819041;6.145705058;6.145567621;6.145411917;6.145243824;6.145069686;6.144028707;;;;;;;;;;-75.56288779;-75.56286237;-75.56279358;-75.5626848;-75.5622611;-75.56225681;-75.56217633;-75.56206397;-75.56192439;-75.56176337;-75.56158759;-75.56058504;-75.56041441;-75.56024343;-75.56007825;-75.55992482;-75.55978866;-75.55967467;-75.55958695;-75.5593518;-75.55928262;-75.559266;-75.55928202;-75.55930952;-75.55937374;-75.55947199;-75.55960015;-75.55975285;-75.55993914;-75.56009871;-75.56026833;-75.56044175;-75.56050043;-75.56050918;-75.56056482;-75.56065874;-75.56078175;-75.5608987;-75.56104003;-75.56120021;-75.56137296;-75.56185116;-75.56202649;-75.56220081;-75.56236753;-75.56252038;-75.56265356;-75.56276207;-75.5628418;-75.56288974;-75.56290409;-75.56288779;;;;;;;;;;667ecf2f5002e5c1cb2c5ff7;667ecf2f5002e5c1cb2c5ff8;667ecf2f5002e5c1cb2c5ff9;667ecf2f5002e5c1cb2c5ffa;667ecf2f5002e5c1cb2c5ffb;667ecf2f5002e5c1cb2c5ffc;667ecf2f5002e5c1cb2c5ffd;667ecf2f5002e5c1cb2c5ffe;667ecf2f5002e5c1cb2c5fff;667ecf2f5002e5c1cb2c6000;667ecf2f5002e5c1cb2c6001;667ecf2f5002e5c1cb2c6002;667ecf2f5002e5c1cb2c6003;667ecf2f5002e5c1cb2c6004;667ecf2f5002e5c1cb2c6005;667ecf2f5002e5c1cb2c6006;667ecf2f5002e5c1cb2c6007;667ecf2f5002e5c1cb2c6008;667ecf2f5002e5c1cb2c6009;667ecf2f5002e5c1cb2c600a;667ecf2f5002e5c1cb2c600b;667ecf2f5002e5c1cb2c600c;667ecf2f5002e5c1cb2c600d;667ecf2f5002e5c1cb2c600e;667ecf2f5002e5c1cb2c600f;667ecf2f5002e5c1cb2c6010;667ecf2f5002e5c1cb2c6011;667ecf2f5002e5c1cb2c6012;667ecf2f5002e5c1cb2c6013;667ecf2f5002e5c1cb2c6014;667ecf2f5002e5c1cb2c6015;667ecf2f5002e5c1cb2c6016;667ecf2f5002e5c1cb2c6017;667ecf2f5002e5c1cb2c6018;667ecf2f5002e5c1cb2c6019;667ecf2f5002e5c1cb2c601a;667ecf2f5002e5c1cb2c601b;667ecf2f5002e5c1cb2c601c;667ecf2f5002e5c1cb2c601d;667ecf2f5002e5c1cb2c601e;667ecf2f5002e5c1cb2c601f;667ecf2f5002e5c1cb2c6020;667ecf2f5002e5c1cb2c6021;667ecf2f5002e5c1cb2c6022;667ecf2f5002e5c1cb2c6023;667ecf2f5002e5c1cb2c6024;667ecf2f5002e5c1cb2c6025;667ecf2f5002e5c1cb2c6026;667ecf2f5002e5c1cb2c6027;667ecf2f5002e5c1cb2c6028;667ecf2f5002e5c1cb2c6029;667ecf2f5002e5c1cb2c602a;;;;;;;;;;false;2024-08-24T10:00:00Z;2024-08-24T10:00:00Z;true;null
667e5501cb4b99a0554c6714;Dentro de Investigacion Canina Solla - CES;6.142791289;6.143308596;6.143809042;6.143401627;6.142791289;;;;;;;;;;;;;;-75.56289711;-75.56268918;-75.56349457;-75.56384024;-75.56289711;;;;;;;;;;;;;;667e5501cb4b99a0554c6715;667e5501cb4b99a0554c6716;667e5501cb4b99a0554c6717;667e5501cb4b99a0554c6718;667e5501cb4b99a0554c6719;;;;;;;;;;;;;;667a4a900cc99ae2fa6ed6c1;6.142037562;6.14195632;6.141907181;6.141892036;6.141911466;6.141964725;6.142049764;6.142163314;6.14230101;6.142457556;6.142974862;6.143146466;6.143324463;6.143501834;6.143671585;6.14382702;6.14396201;6.144071231;6.144571678;6.144652449;6.144698211;6.144707067;6.144678647;6.144614132;6.144516199;6.144388914;6.143981498;6.143842586;6.143688088;6.143523465;6.143354535;6.143187269;6.14302758;6.142881113;6.142753044;6.142647899;6.142037562;;;;;;;;;;;;;;;;;;;;;;;;;-75.56339052;-75.56323311;-75.56306277;-75.56288606;-75.56270978;-75.5625407;-75.56238533;-75.56224963;-75.56213883;-75.56205718;-75.56184925;-75.56179949;-75.56178481;-75.56180579;-75.56186162;-75.56195008;-75.56206769;-75.56220981;-75.5630152;-75.56318061;-75.56335905;-75.56354312;-75.56372517;-75.56389765;-75.5640534;-75.56418595;-75.56453162;-75.56462856;-75.56469764;-75.56473642;-75.56474351;-75.56471868;-75.56466281;-75.56457785;-75.56446683;-75.56433366;-75.56339052;;;;;;;;;;;;;;;;;;;;;;;;;667ecf2f5002e5c1cb2c6036;667ecf2f5002e5c1cb2c6037;667ecf2f5002e5c1cb2c6038;667ecf2f5002e5c1cb2c6039;667ecf2f5002e5c1cb2c603a;667ecf2f5002e5c1cb2c603b;667ecf2f5002e5c1cb2c603c;667ecf2f5002e5c1cb2c603d;667ecf2f5002e5c1cb2c603e;667ecf2f5002e5c1cb2c603f;667ecf2f5002e5c1cb2c6040;667ecf2f5002e5c1cb2c6041;667ecf2f5002e5c1cb2c6042;667ecf2f5002e5c1cb2c6043;667ecf2f5002e5c1cb2c6044;667ecf2f5002e5c1cb2c6045;667ecf2f5002e5c1cb2c6046;667ecf2f5002e5c1cb2c6047;667ecf2f5002e5c1cb2c6048;667ecf2f5002e5c1cb2c6049;667ecf2f5002e5c1cb2c604a;667ecf2f5002e5c1cb2c604b;667ecf2f5002e5c1cb2c604c;667ecf2f5002e5c1cb2c604d;667ecf2f5002e5c1cb2c604e;667ecf2f5002e5c1cb2c604f;667ecf2f5002e5c1cb2c6050;667ecf2f5002e5c1cb2c6051;667ecf2f5002e5c1cb2c6052;667ecf2f5002e5c1cb2c6053;667ecf2f5002e5c1cb2c6054;667ecf2f5002e5c1cb2c6055;667ecf2f5002e5c1cb2c6056;667ecf2f5002e5c1cb2c6057;667ecf2f5002e5c1cb2c6058;667ecf2f5002e5c1cb2c6059;667ecf2f5002e5c1cb2c605a;;;;;;;;;;;;;;;;;;;;;;;;;false;2024-08-24T10:00:00Z;2024-08-24T10:00:00Z;true;null
667e550acb4b99a0554c6720;Parroquia Santiago de Apostol;6.149195366;6.149270324;6.149475298;6.149338343;6.149195366;;;;;;;;;;;;;;-75.57726822;-75.57704022;-75.5771275;-75.57742182;-75.57726822;;;;;;;;;;;;;;667e550acb4b99a0554c6721;667e550acb4b99a0554c6722;667e550acb4b99a0554c6723;667e550acb4b99a0554c6724;667e550acb4b99a0554c6725;;;;;;;;;;;;;;667a50110cc99ae2fa6ed6de;6.148670154;6.148577578;6.148513282;6.148480209;6.148479871;6.148512285;6.148587243;6.148648065;6.148735324;6.148845314;6.148973362;6.149114028;6.149261333;6.149409021;6.149550816;6.149755791;6.14988242;6.149992656;6.150082059;6.150147029;6.15018495;6.150194296;6.150174689;6.150126919;6.149989963;6.149918461;6.149824938;6.149712944;6.14958673;6.149451089;6.149311167;6.149172277;6.149039691;6.148918441;6.14881313;6.148670154;;;;;;;;;;;;;;;;;;;;;;;;;;-75.57776276;-75.57763907;-75.57749841;-75.5773472;-75.57719238;-75.57704104;-75.57681304;-75.576677;-75.5765564;-75.57645636;-75.57638112;-75.57633388;-75.57631665;-75.57633017;-75.57637386;-75.57646114;-75.57653088;-75.57662465;-75.57673866;-75.57686833;-75.57700844;-75.57715335;-75.57729721;-75.57743424;-75.57772856;-75.57784982;-75.57795483;-75.57803962;-75.57810095;-75.5781365;-75.57814493;-75.5781259;-75.57808015;-75.57800941;-75.57791637;-75.57776276;;;;;;;;;;;;;;;;;;;;;;;;;;667ecf2f5002e5c1cb2c6067;667ecf2f5002e5c1cb2c6068;667ecf2f5002e5c1cb2c6069;667ecf2f5002e5c1cb2c606a;667ecf2f5002e5c1cb2c606b;667ecf2f5002e5c1cb2c606c;667ecf2f5002e5c1cb2c606d;667ecf2f5002e5c1cb2c606e;667ecf2f5002e5c1cb2c606f;667ecf2f5002e5c1cb2c6070;667ecf2f5002e5c1cb2c6071;667ecf2f5002e5c1cb2c6072;667ecf2f5002e5c1cb2c6073;667ecf2f5002e5c1cb2c6074;667ecf2f5002e5c1cb2c6075;667ecf2f5002e5c1cb2c6076;667ecf2f5002e5c1cb2c6077;667ecf2f5002e5c1cb2c6078;667ecf2f5002e5c1cb2c6079;667ecf2f5002e5c1cb2c607a;667ecf2f5002e5c1cb2c607b;667ecf2f5002e5c1cb2c607c;667ecf2f5002e5c1cb2c607d;667ecf2f5002e5c1cb2c607e;667ecf2f5002e5c1cb2c607f;667ecf2f5002e5c1cb2c6080;667ecf2f5002e5c1cb2c6081;667ecf2f5002e5c1cb2c6082;667ecf2f5002e5c1cb2c6083;667ecf2f5002e5c1cb2c6084;667ecf2f5002e5c1cb2c6085;667ecf2f5002e5c1cb2c6086;667ecf2f5002e5c1cb2c6087;667ecf2f5002e5c1cb2c6088;667ecf2f5002e5c1cb2c6089;667ecf2f5002e5c1cb2c608a;;;;;;;;;;;;;;;;;;;;;;;;;;false;2024-08-24T10:00:00Z;2024-08-24T10:00:00Z;true;null
667e5513cb4b99a0554c672c;Cancha del Centro de Ecnuentro Ciudadano;6.14960854;6.149465437;6.149502787;6.149939991;6.149853351;6.14960854;;;;;;;;;;;;;-75.5780318;-75.57775905;-75.57774756;-75.57799083;-75.5781695;-75.5780318;;;;;;;;;;;;;667e5513cb4b99a0554c672d;667e5513cb4b99a0554c672e;667e5513cb4b99a0554c672f;667e5513cb4b99a0554c6730;667e5513cb4b99a0554c6731;667e5513cb4b99a0554c6732;;;;;;;;;;;;;667a4aaf0cc99ae2fa6ed6c3;6.149169583;6.149028025;6.148907752;6.148813172;6.148670069;6.148603688;6.148570136;6.148570692;6.148605333;6.148672742;6.148770349;6.148894437;6.149040277;6.149202314;6.149239664;6.149416258;6.149596321;6.149772634;6.149938129;6.150375334;6.150516054;6.15063606;6.150731039;6.150797574;6.150833273;6.150836853;6.150808185;6.150748299;6.150661658;6.15056538;6.150439754;6.15028996;6.15012217;6.149943301;6.149760725;6.149581966;6.149414393;6.149169583;;;;;;;;;;;;;;;;;;;;;;;;-75.57882126;-75.57872264;-75.57859869;-75.57845395;-75.5781812;-75.57801777;-75.57784448;-75.57766793;-75.57749486;-75.57733185;-75.57718511;-75.57706024;-75.57696199;-75.57689411;-75.57688262;-75.57684723;-75.57684794;-75.57688471;-75.57695608;-75.57719935;-75.57729623;-75.57741809;-75.57756054;-75.57771847;-75.57788619;-75.57805767;-75.57822674;-75.57838734;-75.57856601;-75.57872204;-75.57885529;-75.57896028;-75.57903267;-75.57906949;-75.57906922;-75.57903186;-75.57895896;-75.57882126;;;;;;;;;;;;;;;;;;;;;;;;667ecf2f5002e5c1cb2c609a;667ecf2f5002e5c1cb2c609b;667ecf2f5002e5c1cb2c609c;667ecf2f5002e5c1cb2c609d;667ecf2f5002e5c1cb2c609e;667ecf2f5002e5c1cb2c609f;667ecf2f5002e5c1cb2c60a0;667ecf2f5002e5c1cb2c60a1;667ecf2f5002e5c1cb2c60a2;667ecf2f5002e5c1cb2c60a3;667ecf2f5002e5c1cb2c60a4;667ecf2f5002e5c1cb2c60a5;667ecf2f5002e5c1cb2c60a6;667ecf2f5002e5c1cb2c60a7;667ecf2f5002e5c1cb2c60a8;667ecf2f5002e5c1cb2c60a9;667ecf2f5002e5c1cb2c60aa;667ecf2f5002e5c1cb2c60ab;667ecf2f5002e5c1cb2c60ac;667ecf2f5002e5c1cb2c60ad;667ecf2f5002e5c1cb2c60ae;667ecf2f5002e5c1cb2c60af;667ecf2f5002e5c1cb2c60b0;667ecf2f5002e5c1cb2c60b1;667ecf2f5002e5c1cb2c60b2;667ecf2f5002e5c1cb2c60b3;667ecf2f5002e5c1cb2c60b4;667ecf2f5002e5c1cb2c60b5;667ecf2f5002e5c1cb2c60b6;667ecf2f5002e5c1cb2c60b7;667ecf2f5002e5c1cb2c60b8;667ecf2f5002e5c1cb2c60b9;667ecf2f5002e5c1cb2c60ba;667ecf2f5002e5c1cb2c60bb;667ecf2f5002e5c1cb2c60bc;667ecf2f5002e5c1cb2c60bd;667ecf2f5002e5c1cb2c60be;667ecf2f5002e5c1cb2c60bf;;;;;;;;;;;;;;;;;;;;;;;;false;2024-08-24T10:00:00Z;2024-08-24T10:00:00Z;true;null
667e551ccb4b99a0554c673a;Institucion Educativa El Salado;6.153106417;6.153190681;6.152961025;6.152593622;6.152455017;6.153115559;6.153298423;6.153244279;6.153326173;6.153444243;6.153106417;;;;;;;;-75.57817754;-75.57801899;-75.57778715;-75.57776617;-75.57726124;-75.57728809;-75.57741235;-75.57759904;-75.57775666;-75.57862658;-75.57817754;;;;;;;;667e551ccb4b99a0554c673b;667e551ccb4b99a0554c673c;667e551ccb4b99a0554c673d;667e551ccb4b99a0554c673e;667e551ccb4b99a0554c673f;667e551ccb4b99a0554c6740;667e551ccb4b99a0554c6741;667e551ccb4b99a0554c6742;667e551ccb4b99a0554c6743;667e551ccb4b99a0554c6744;667e551ccb4b99a0554c6745;;;;;;;;667a4a900cc99ae2fa6ed6c1;6.152389274;6.152331138;6.152185035;6.152028789;6.151896762;6.151794618;6.151726735;6.151588131;6.151558669;6.151560814;6.15159449;6.151658509;6.151750614;6.151867558;6.152005216;6.152158734;6.1523227;6.152491332;6.153151874;6.153316189;6.153473687;6.153619017;6.15380188;6.153946209;6.154062054;6.154144323;6.154189399;6.154195298;6.154189543;6.154217229;6.154335299;6.15434157;6.154311254;6.154245587;6.154147246;6.154020242;6.153869752;6.153701913;6.153523568;6.153341989;6.153164579;6.152998571;6.152850736;6.152727099;6.152389274;;;;;;;;;;;;;;;;;-75.57872335;-75.57862859;-75.57857195;-75.57847003;-75.57833793;-75.57818132;-75.57800689;-75.57750197;-75.57733472;-75.57716488;-75.57699844;-75.57684127;-75.5766989;-75.57657636;-75.57647798;-75.57640721;-75.57636655;-75.57635745;-75.5763843;-75.57640635;-75.57645837;-75.57653858;-75.57666284;-75.57678491;-75.57693458;-75.57710525;-75.57728942;-75.577479;-75.57751103;-75.57763432;-75.57850423;-75.57868677;-75.57886685;-75.57903714;-75.57919069;-75.57932123;-75.57942345;-75.57949319;-75.57952758;-75.57952524;-75.57948626;-75.57941223;-75.57930616;-75.57917238;-75.57872335;;;;;;;;;;;;;;;;;667ecf2f5002e5c1cb2c60d9;667ecf2f5002e5c1cb2c60da;667ecf2f5002e5c1cb2c60db;667ecf2f5002e5c1cb2c60dc;667ecf2f5002e5c1cb2c60dd;667ecf2f5002e5c1cb2c60de;667ecf2f5002e5c1cb2c60df;667ecf2f5002e5c1cb2c60e0;667ecf2f5002e5c1cb2c60e1;667ecf2f5002e5c1cb2c60e2;667ecf2f5002e5c1cb2c60e3;667ecf2f5002e5c1cb2c60e4;667ecf2f5002e5c1cb2c60e5;667ecf2f5002e5c1cb2c60e6;667ecf2f5002e5c1cb2c60e7;667ecf2f5002e5c1cb2c60e8;667ecf2f5002e5c1cb2c60e9;667ecf2f5002e5c1cb2c60ea;667ecf2f5002e5c1cb2c60eb;667ecf2f5002e5c1cb2c60ec;667ecf2f5002e5c1cb2c60ed;667ecf2f5002e5c1cb2c60ee;667ecf2f5002e5c1cb2c60ef;667ecf2f5002e5c1cb2c60f0;667ecf2f5002e5c1cb2c60f1;667ecf2f5002e5c1cb2c60f2;667ecf2f5002e5c1cb2c60f3;667ecf2f5002e5c1cb2c60f4;667ecf2f5002e5c1cb2c60f5;667ecf2f5002e5c1cb2c60f6;667ecf2f5002e5c1cb2c60f7;667ecf2f5002e5c1cb2c60f8;667ecf2f5002e5c1cb2c60f9;667ecf2f5002e5c1cb2c60fa;667ecf2f5002e5c1cb2c60fb;667ecf2f5002e5c1cb2c60fc;667ecf2f5002e5c1cb2c60fd;667ecf2f5002e5c1cb2c60fe;667ecf2f5002e5c1cb2c60ff;667ecf2f5002e5c1cb2c6100;667ecf2f5002e5c1cb2c6101;667ecf2f5002e5c1cb2c6102;667ecf2f5002e5c1cb2c6103;667ecf2f5002e5c1cb2c6104;667ecf2f5002e5c1cb2c6105;;;;;;;;;;;;;;;;;false;2024-08-24T10:00:00Z;2024-08-24T10:00:00Z;true;null
667e552bcb4b99a0554c6752;Institucion educativa el Salado 2;6.153852731;6.153633856;6.153513313;6.153471869;6.153771349;6.154215962;6.153852731;;;;;;;;;;;;-75.57891965;-75.57882512;-75.57867023;-75.57781783;-75.57799037;-75.57867158;-75.57891965;;;;;;;;;;;;667e552bcb4b99a0554c6753;667e552bcb4b99a0554c6754;667e552bcb4b99a0554c6755;667e552bcb4b99a0554c6756;667e552bcb4b99a0554c6757;667e552bcb4b99a0554c6758;667e552bcb4b99a0554c6759;;;;;;;;;;;;667a4a900cc99ae2fa6ed6c1;6.15435793;6.154199702;6.154027584;6.153848467;6.15366952;6.153497908;6.153279033;6.15314658;6.15302769;6.152925674;6.152805132;6.152707088;6.152642836;6.152615066;6.152573622;6.152582073;6.152624091;6.152698089;6.152801278;6.152929763;6.153078699;6.153242467;6.153414889;6.15358946;6.153759595;6.153918876;6.154218356;6.154387669;6.154523147;6.154967761;6.15504894;6.155098738;6.15511528;6.155097943;6.155047379;6.154965493;6.154855371;6.154721161;6.15435793;;;;;;;;;;;;;;;;;;;;;;;-75.57966797;-75.57975415;-75.57980692;-75.57982417;-75.57980521;-75.5797508;-75.57965628;-75.57958537;-75.57949331;-75.57938264;-75.57922774;-75.579071;-75.57889747;-75.57871441;-75.57786201;-75.57768653;-75.57751601;-75.57735687;-75.57721512;-75.57709611;-75.57700432;-75.57694322;-75.57691511;-75.57692106;-75.57696084;-75.57703295;-75.57720549;-75.57733165;-75.57749398;-75.57817518;-75.5783306;-75.57849887;-75.57867365;-75.57884834;-75.57901638;-75.57917143;-75.57930764;-75.5794199;-75.57966797;;;;;;;;;;;;;;;;;;;;;;;667ecf2f5002e5c1cb2c6115;667ecf2f5002e5c1cb2c6116;667ecf2f5002e5c1cb2c6117;667ecf2f5002e5c1cb2c6118;667ecf2f5002e5c1cb2c6119;667ecf2f5002e5c1cb2c611a;667ecf2f5002e5c1cb2c611b;667ecf2f5002e5c1cb2c611c;667ecf2f5002e5c1cb2c611d;667ecf2f5002e5c1cb2c611e;667ecf2f5002e5c1cb2c611f;667ecf2f5002e5c1cb2c6120;667ecf2f5002e5c1cb2c6121;667ecf2f5002e5c1cb2c6122;667ecf2f5002e5c1cb2c6123;667ecf2f5002e5c1cb2c6124;667ecf2f5002e5c1cb2c6125;667ecf2f5002e5c1cb2c6126;667ecf2f5002e5c1cb2c6127;667ecf2f5002e5c1cb2c6128;667ecf2f5002e5c1cb2c6129;667ecf2f5002e5c1cb2c612a;667ecf2f5002e5c1cb2c612b;667ecf2f5002e5c1cb2c612c;667ecf2f5002e5c1cb2c612d;667ecf2f5002e5c1cb2c612e;667ecf2f5002e5c1cb2c612f;667ecf2f5002e5c1cb2c6130;667ecf2f5002e5c1cb2c6131;667ecf2f5002e5c1cb2c6132;667ecf2f5002e5c1cb2c6133;667ecf2f5002e5c1cb2c6134;667ecf2f5002e5c1cb2c6135;667ecf2f5002e5c1cb2c6136;667ecf2f5002e5c1cb2c6137;667ecf2f5002e5c1cb2c6138;667ecf2f5002e5c1cb2c6139;667ecf2f5002e5c1cb2c613a;667ecf2f5002e5c1cb2c613b;;;;;;;;;;;;;;;;;;;;;;;false;2024-08-24T10:00:00Z;2024-08-24T10:00:00Z;true;null
667e5536cb4b99a0554c6762;Casa de justicia de Envigado;6.152198406;6.152030521;6.151685292;6.151867966;6.152180972;6.152280492;6.152198406;;;;;;;;;;;;-75.57775708;-75.57755935;-75.57751488;-75.57715095;-75.57742791;-75.57771247;-75.57775708;;;;;;;;;;;;667e5536cb4b99a0554c6763;667e5536cb4b99a0554c6764;667e5536cb4b99a0554c6765;667e5536cb4b99a0554c6766;667e5536cb4b99a0554c6767;667e5536cb4b99a0554c6768;667e5536cb4b99a0554c6769;;;;;;;;;;;;667a50320cc99ae2fa6ed6e0;6.152540438;6.152411857;6.15227525;6.152135755;6.151998615;6.151868986;6.151751743;6.1516668;6.151593897;6.151460019;6.151334342;6.151221442;6.151125429;6.151049798;6.150997303;6.150969855;6.150968454;6.150993149;6.151043043;6.151225717;6.151304166;6.151405713;6.151526198;6.151660685;6.151803664;6.151949277;6.15209156;6.152224682;6.152343189;6.152656196;6.152740886;6.152809369;6.152859662;6.152959182;6.152993275;6.152998399;6.152974344;6.152922088;6.152843755;6.152742529;6.152622524;6.152540438;;;;;;;;;;;;;;;;;;;;-75.5783937;-75.57844812;-75.57847656;-75.57847796;-75.57845224;-75.57840039;-75.57832436;-75.57824203;-75.57823264;-75.57820211;-75.57814657;-75.57806802;-75.57796934;-75.57785412;-75.57772654;-75.57759126;-75.5774532;-75.57731738;-75.57718875;-75.57682482;-75.57670143;-75.57659645;-75.57651418;-75.57645801;-75.57643022;-75.57643196;-75.57646315;-75.57652253;-75.57660765;-75.57688462;-75.57697351;-75.57707555;-75.57718779;-75.57747234;-75.57761414;-75.57775993;-75.5779038;-75.57803989;-75.57816267;-75.57826715;-75.57834909;-75.5783937;;;;;;;;;;;;;;;;;;;;667ecf2f5002e5c1cb2c614b;667ecf2f5002e5c1cb2c614c;667ecf2f5002e5c1cb2c614d;667ecf2f5002e5c1cb2c614e;667ecf2f5002e5c1cb2c614f;667ecf2f5002e5c1cb2c6150;667ecf2f5002e5c1cb2c6151;667ecf2f5002e5c1cb2c6152;667ecf2f5002e5c1cb2c6153;667ecf2f5002e5c1cb2c6154;667ecf2f5002e5c1cb2c6155;667ecf2f5002e5c1cb2c6156;667ecf2f5002e5c1cb2c6157;667ecf2f5002e5c1cb2c6158;667ecf2f5002e5c1cb2c6159;667ecf2f5002e5c1cb2c615a;667ecf2f5002e5c1cb2c615b;667ecf2f5002e5c1cb2c615c;667ecf2f5002e5c1cb2c615d;667ecf2f5002e5c1cb2c615e;667ecf2f5002e5c1cb2c615f;667ecf2f5002e5c1cb2c6160;667ecf2f5002e5c1cb2c6161;667ecf2f5002e5c1cb2c6162;667ecf2f5002e5c1cb2c6163;667ecf2f5002e5c1cb2c6164;667ecf2f5002e5c1cb2c6165;667ecf2f5002e5c1cb2c6166;667ecf2f5002e5c1cb2c6167;667ecf2f5002e5c1cb2c6168;667ecf2f5002e5c1cb2c6169;667ecf2f5002e5c1cb2c616a;667ecf2f5002e5c1cb2c616b;667ecf2f5002e5c1cb2c616c;667ecf2f5002e5c1cb2c616d;667ecf2f5002e5c1cb2c616e;667ecf2f5002e5c1cb2c616f;667ecf2f5002e5c1cb2c6170;667ecf2f5002e5c1cb2c6171;667ecf2f5002e5c1cb2c6172;667ecf2f5002e5c1cb2c6173;667ecf2f5002e5c1cb2c6174;;;;;;;;;;;;;;;;;;;;false;2024-08-24T10:00:00Z;2024-08-24T10:00:00Z;true;null
667e5544cb4b99a0554c6772;Skate Park el Salado;6.140290616;6.140571433;6.140563624;6.140240307;6.140290616;;;;;;;;;;;;;;-75.57250071;-75.57250992;-75.57273178;-75.57267751;-75.57250071;;;;;;;;;;;;;;667e5544cb4b99a0554c6773;667e5544cb4b99a0554c6774;667e5544cb4b99a0554c6775;667e5544cb4b99a0554c6776;667e5544cb4b99a0554c6777;;;;;;;;;;;;;;667a4aaf0cc99ae2fa6ed6c3;6.139426007;6.13948799;6.13957863;6.139694692;6.139832031;6.139985745;6.140150343;6.140319951;6.140600767;6.140775862;6.140943073;6.141095951;6.141228602;6.14133591;6.141413736;6.141459079;6.141470191;6.141462381;6.141440403;6.141387207;6.141304687;6.14119578;6.141064366;6.140915122;6.140753364;6.140584849;6.140415579;6.140092262;6.13992982;6.139778219;6.139642752;6.139528149;6.139438411;6.139376671;6.139345086;6.139344757;6.139375698;6.139426007;;;;;;;;;;;;;;;;;;;;;;;;-75.57225184;-75.5720927;-75.57194813;-75.57182328;-75.57172263;-75.57164976;-75.57160727;-75.57159668;-75.57160589;-75.57162909;-75.57168626;-75.57177519;-75.57189245;-75.57203353;-75.57219298;-75.57236465;-75.57254193;-75.57276379;-75.57293302;-75.5730951;-75.57324424;-75.57337513;-75.57348311;-75.57356434;-75.57361593;-75.57363604;-75.57362395;-75.57356968;-75.5735264;-75.57345349;-75.57335348;-75.57322987;-75.57308697;-75.57292978;-75.57276378;-75.57259476;-75.57242864;-75.57225184;;;;;;;;;;;;;;;;;;;;;;;;667ecf2f5002e5c1cb2c6180;667ecf2f5002e5c1cb2c6181;667ecf2f5002e5c1cb2c6182;667ecf2f5002e5c1cb2c6183;667ecf2f5002e5c1cb2c6184;667ecf2f5002e5c1cb2c6185;667ecf2f5002e5c1cb2c6186;667ecf2f5002e5c1cb2c6187;667ecf2f5002e5c1cb2c6188;667ecf2f5002e5c1cb2c6189;667ecf2f5002e5c1cb2c618a;667ecf2f5002e5c1cb2c618b;667ecf2f5002e5c1cb2c618c;667ecf2f5002e5c1cb2c618d;667ecf2f5002e5c1cb2c618e;667ecf2f5002e5c1cb2c618f;667ecf2f5002e5c1cb2c6190;667ecf2f5002e5c1cb2c6191;667ecf2f5002e5c1cb2c6192;667ecf2f5002e5c1cb2c6193;667ecf2f5002e5c1cb2c6194;667ecf2f5002e5c1cb2c6195;667ecf2f5002e5c1cb2c6196;667ecf2f5002e5c1cb2c6197;667ecf2f5002e5c1cb2c6198;667ecf2f5002e5c1cb2c6199;667ecf2f5002e5c1cb2c619a;667ecf2f5002e5c1cb2c619b;667ecf2f5002e5c1cb2c619c;667ecf2f5002e5c1cb2c619d;667ecf2f5002e5c1cb2c619e;667ecf2f5002e5c1cb2c619f;667ecf2f5002e5c1cb2c61a0;667ecf2f5002e5c1cb2c61a1;667ecf2f5002e5c1cb2c61a2;667ecf2f5002e5c1cb2c61a3;667ecf2f5002e5c1cb2c61a4;667ecf2f5002e5c1cb2c61a5;;;;;;;;;;;;;;;;;;;;;;;;false;2024-08-24T10:00:00Z;2024-08-24T10:00:00Z;true;null
;;;;;;;;;;;;;;;;;;;;;;;;;;;;;;;;;;;;;;;;;;;;;;;;;;;;;;;;;;;;;;;;;;;;;;;;;;;;;;;;;;;;;;;;;;;;;;;;;;;;;;;;;;;;;;;;;;;;;;;;;;;;;;;;;;;;;;;;;;;;;;;;;;;;;;;;;;;;;;;;;;;;;;;;;;;;;;;;;;;;;;;;;;;;;;;;;;;;;;;;;;;;;;;;;;;;;;;;;;;;;;;;;;;;;;;;;;;;;;;;;;;;
;;;;;;;;;;;;;;;;;;;;;;;;;;;;;;;;;;;;;;;;;;;;;;;;;;;;;;;;;;;;;;;;;;;;;;;;;;;;;;;;;;;;;;;;;;;;;;;;;;;;;;;;;;;;;;;;;;;;;;;;;;;;;;;;;;;;;;;;;;;;;;;;;;;;;;;;;;;;;;;;;;;;;;;;;;;;;;;;;;;;;;;;;;;;;;;;;;;;;;;;;;;;;;;;;;;;;;;;;;;;;;;;;;;;;;;;;;;;;;;;;;;;
